fold,tile_id,reference_class,nearest_reinstated_center_m,exposed
0,titan_000000,3,37866.35784390858,True
0,titan_000003,3,57542.598020347126,True
0,titan_000004,3,79537.64793555699,True
0,titan_000012,3,31529.46147919298,True
0,titan_000050,0,51493.68011297711,True
0,titan_000051,0,86982.36862295019,True
0,titan_000052,0,130520.30678963986,False
0,titan_000053,0,154640.4490807987,False
0,titan_000054,3,179603.65423515573,False
0,titan_000055,3,204099.3725396162,False
0,titan_000078,2,22686.597731995003,True
0,titan_000079,0,67484.96978007208,True
0,titan_000080,0,111729.27673694828,False
0,titan_000081,0,155055.88913765334,False
0,titan_000082,0,197108.21526148892,False
0,titan_000083,0,218564.25856656846,False
0,titan_000084,3,238965.11882172627,False
0,titan_000113,2,33862.23791048172,True
0,titan_000114,0,76758.94050747012,True
0,titan_000115,0,112487.16326428157,False
0,titan_000116,0,150292.20450607926,False
0,titan_000117,0,188312.72837328486,False
0,titan_000118,0,225770.77027656842,False
0,titan_000119,4,259511.56629841932,False
0,titan_000120,0,276830.9640037451,False
0,titan_000154,2,44475.47300918438,True
0,titan_000155,2,87384.92221832338,True
0,titan_000156,2,124725.52666703923,False
0,titan_000157,0,161406.6772198471,False
0,titan_000158,0,193402.14851598124,False
0,titan_000159,0,226295.4124304703,False
0,titan_000160,0,259275.38844063345,False
0,titan_000161,0,291827.5312511839,False
0,titan_000162,0,316616.5270059986,False
0,titan_000201,2,54442.38744054147,True
0,titan_000202,2,97632.66853352562,True
0,titan_000203,0,136109.64850479408,False
0,titan_000204,2,174580.3414169214,False
0,titan_000207,0,266824.7566651087,False
0,titan_000208,0,295957.7449630579,False
0,titan_000209,0,325047.7702883573,False
0,titan_000210,0,353752.9556660399,False
0,titan_000211,0,370951.3475557501,False
0,titan_000254,0,53043.44789282843,True
0,titan_000255,0,87709.96028295322,True
0,titan_000256,2,130303.37586690925,False
0,titan_000257,2,174844.7882167842,False
0,titan_000261,0,308822.43714364606,False
0,titan_000262,0,334766.50819596654,False
0,titan_000263,0,360886.38547422923,False
0,titan_000264,0,386886.6391169118,False
0,titan_000265,0,411492.43721692584,False
0,titan_000313,0,27165.372947372558,True
0,titan_000314,0,72100.46529188457,True
0,titan_000315,0,116875.70252922455,False
0,titan_000316,0,161391.6945627035,False
0,titan_000320,0,327861.6794242197,False
0,titan_000321,0,351725.48698739917,False
0,titan_000322,0,375040.7438572917,False
0,titan_000323,0,398645.20095880737,False
0,titan_000324,0,422294.24756135436,False
0,titan_000379,0,34693.1903687556,True
0,titan_000380,0,79622.88449663669,True
0,titan_000381,0,120895.20124417549,False
0,titan_000382,0,161250.703667711,False
0,titan_000387,0,364955.1522489569,False
0,titan_000388,0,395220.84953365894,False
0,titan_000389,0,416357.2306316933,False
0,titan_000390,0,437834.52415007056,False
0,titan_000451,0,41234.50015763902,True
0,titan_000452,0,86161.65750333096,True
0,titan_000453,0,128574.31203822767,False
0,titan_000454,0,169353.4433504584,False
0,titan_000459,0,360649.9630468038,False
0,titan_000460,0,398174.17704554606,False
0,titan_000461,0,435294.5814866022,False
0,titan_000462,0,458437.46967420226,False
0,titan_000464,0,497977.00991639413,False
0,titan_000465,0,517898.7267771029,False
0,titan_000466,0,537746.9236780466,False
0,titan_000529,0,46705.25533180263,True
0,titan_000530,0,91632.46256468893,True
0,titan_000531,2,135253.88492258315,False
0,titan_000537,0,363619.82251767366,False
0,titan_000538,0,398740.0276849623,False
0,titan_000539,0,433788.5029067619,False
0,titan_000540,0,468612.8729058175,False
0,titan_000541,0,501093.0795998792,False
0,titan_000542,2,519221.8173649042,False
0,titan_000543,0,537575.3044190936,False
0,titan_000544,2,556034.9502765597,False
0,titan_000545,0,574493.3399588183,False
0,titan_000613,0,51021.591597443745,True
0,titan_000614,2,95951.06254426786,True
0,titan_000615,0,140771.24950425958,False
0,titan_000621,0,373405.0830540244,False
0,titan_000622,0,405814.2096203994,False
0,titan_000623,0,438488.0606041846,False
0,titan_000624,0,471234.43689838075,False
0,titan_000625,2,503900.38862782455,False
0,titan_000626,2,536360.8412313145,False
0,titan_000627,2,560994.3589389613,False
0,titan_000628,2,578032.105660369,False
0,titan_000629,0,595207.767610359,False
0,titan_000630,2,612430.6895657532,False
0,titan_000703,0,54099.86780321462,True
0,titan_000704,0,99033.44724125015,True
0,titan_000705,0,143868.94548339036,False
0,titan_000710,0,348372.50290482567,False
0,titan_000711,0,384655.3395292678,False
0,titan_000712,0,418008.6258730645,False
0,titan_000713,0,448970.26650297665,False
0,titan_000714,0,479448.47192990116,False
0,titan_000715,0,510097.89747649577,False
0,titan_000717,2,571356.2204830329,False
0,titan_000718,2,601741.8907676936,False
0,titan_000719,0,619183.5383907458,False
0,titan_000720,0,635228.2910750094,False
0,titan_000721,3,651352.3101062626,False
0,titan_000799,0,55856.67756733485,True
0,titan_000800,0,100795.83695981032,True
0,titan_000801,0,145647.48385873664,False
0,titan_000805,0,315830.20087116415,False
0,titan_000806,0,355469.8683558694,False
0,titan_000807,0,392906.83592453564,False
0,titan_000808,0,428587.4019409342,False
0,titan_000809,0,461991.0942546739,False
0,titan_000810,0,492792.4913719401,False
0,titan_000813,0,578935.0508937907,False
0,titan_000814,0,607786.9839215175,False
0,titan_000815,0,636532.5706675908,False
0,titan_000816,0,660904.1574601998,False
0,titan_000817,0,675949.1446658337,False
0,titan_000818,3,691093.9133887962,False
0,titan_000901,0,56208.87456919643,True
0,titan_000902,0,101154.69772220383,True
0,titan_000903,0,146023.021349264,False
0,titan_000907,0,319625.29409034917,False
0,titan_000908,0,360048.2832199272,False
0,titan_000909,0,399650.25079044455,False
0,titan_000910,0,437079.94605633104,False
0,titan_000911,0,472380.0262949727,False
0,titan_000912,0,505464.7496792614,False
0,titan_000913,0,536029.570236661,False
0,titan_000915,0,590935.6476544187,False
0,titan_000916,0,618150.4548064934,False
0,titan_000917,0,645418.4579430264,False
0,titan_000918,0,672649.8295445713,False
0,titan_000919,0,699765.1195729614,False
0,titan_000920,0,717254.4037883625,False
0,titan_000921,0,731524.2867390773,False
0,titan_000922,0,745853.9295633249,False
0,titan_001009,0,55073.67521387681,True
0,titan_001010,0,100026.91743439864,True
0,titan_001011,0,144912.0985853945,False
0,titan_001012,0,189698.6230417925,False
0,titan_001014,0,278008.25331826287,False
0,titan_001015,0,320632.1014816918,False
0,titan_001016,0,363124.2360201756,False
0,titan_001017,0,403398.88581209444,False
0,titan_001018,0,442706.1263880076,False
0,titan_001019,0,480342.9907836393,False
0,titan_001020,0,515822.2161434062,False
0,titan_001021,0,548861.8034184403,False
0,titan_001023,0,606979.3317383793,False
0,titan_001024,0,632513.432948147,False
0,titan_001025,0,658237.9480889094,False
0,titan_001026,0,684060.7399447532,False
0,titan_001027,0,709899.8266351381,False
0,titan_001028,0,735681.8470579063,False
0,titan_001029,0,759052.1470565079,False
0,titan_001030,0,772538.0175480122,False
0,titan_001031,0,786097.8760874785,False
0,titan_001123,0,52368.69386457054,True
0,titan_001124,0,97329.73648233095,True
0,titan_001125,0,142231.65692763688,False
0,titan_001126,0,187047.1331519592,False
0,titan_001127,0,231748.82834280553,False
0,titan_001128,0,276309.4510185701,False
0,titan_001129,0,320075.2472198122,False
0,titan_001130,0,362764.48403237405,False
0,titan_001131,0,405176.9592774107,False
0,titan_001133,0,485003.5863371472,False
0,titan_001135,0,558149.349108562,False
0,titan_001138,0,649635.3687950337,False
0,titan_001139,0,674678.0169228491,False
0,titan_001140,0,699053.925805776,False
0,titan_001141,0,723559.8153860002,False
0,titan_001142,0,748121.5640789508,False
0,titan_001143,0,772672.0902747865,False
0,titan_001144,0,797150.4220754902,False
0,titan_001145,0,814049.7408355757,False
0,titan_001146,0,826914.011205003,False
0,titan_001243,0,48012.00491671334,True
0,titan_001244,0,92980.88519624196,True
0,titan_001245,0,137899.117889844,False
0,titan_001246,0,182742.15736443864,False
0,titan_001247,0,227485.50054459157,False
0,titan_001248,0,272104.6383549502,False
0,titan_001249,0,316575.0080472115,False
0,titan_001250,0,360720.71983117226,False
0,titan_001258,0,664218.2145151672,False
0,titan_001259,0,692400.0170386235,False
0,titan_001260,0,717330.2793702986,False
0,titan_001261,0,740484.6311494955,False
0,titan_001262,0,763790.5792279217,False
0,titan_001263,0,787181.4854152611,False
0,titan_001264,0,810596.3913685749,False
0,titan_001265,0,833979.4282320425,False
0,titan_001266,0,855990.0368886713,False
0,titan_001267,0,868224.2232069002,False
0,titan_001369,0,41922.17130315702,True
0,titan_001370,0,86898.61902425587,True
0,titan_001371,0,131832.4127924312,False
0,titan_001372,0,176701.46499273198,False
0,titan_001373,0,221483.6968513567,False
0,titan_001374,0,266156.9704684925,False
0,titan_001375,0,310699.185146066,False
0,titan_001384,0,674960.52199742,False
0,titan_001385,0,706297.0126643531,False
0,titan_001386,0,734499.1893318685,False
0,titan_001387,0,759853.8705202405,False
0,titan_001388,0,782439.1719880423,False
0,titan_001389,0,804650.8856965475,False
0,titan_001390,0,826968.53585953,False
0,titan_001391,0,849336.9608212499,False
0,titan_001392,0,871705.1776893901,False
0,titan_001393,0,894025.9347486721,False
0,titan_001394,0,909963.9219934465,False
0,titan_001501,0,34018.369438576134,True
0,titan_001502,0,79001.79795038328,True
0,titan_001503,0,123950.14291418913,False
0,titan_001504,0,168434.79813658804,False
0,titan_001505,0,212892.70109321075,False
0,titan_001506,0,257719.7999298688,False
0,titan_001507,0,302690.51035139314,False
0,titan_001516,0,681350.776753672,False
0,titan_001517,0,715845.9896961991,False
0,titan_001518,0,747770.8415566591,False
0,titan_001519,0,776450.5705475443,False
0,titan_001520,0,802343.5669337757,False
0,titan_001521,0,824844.3890064731,False
0,titan_001522,0,846056.9188466846,False
0,titan_001523,0,867390.127178315,False
0,titan_001524,0,888794.2025753694,False
0,titan_001525,0,910222.7605933053,False
0,titan_001526,0,931632.524558205,False
0,titan_001527,0,952079.4077941331,False
0,titan_001528,0,963287.8901072209,False
0,titan_001639,0,24220.40509897103,True
0,titan_001640,0,69209.89372783985,True
0,titan_001641,0,114171.4889030102,False
0,titan_001642,0,159087.08041911217,False
0,titan_001643,0,203938.5485179832,False
0,titan_001644,0,248707.70670130115,False
0,titan_001654,0,682339.1063233141,False
0,titan_001655,0,720398.8698480049,False
0,titan_001656,0,755859.7241360546,False
0,titan_001657,0,788642.8380722528,False
0,titan_001658,0,818056.6570422223,False
0,titan_001659,0,844352.1358271271,False
0,titan_001660,0,867507.7539887817,False
0,titan_001661,0,887939.5509424313,False
0,titan_001662,0,908368.8108564444,False
0,titan_001663,0,928883.7851069579,False
0,titan_001664,0,949442.3359458453,False
0,titan_001665,0,970004.8774895981,False
0,titan_001666,0,990534.2347113698,False
0,titan_001667,0,1005261.4704873419,False
0,titan_001783,0,50914.79669167322,True
0,titan_001784,0,81488.5710054594,True
0,titan_001785,0,120729.72952468276,False
0,titan_001786,0,162438.96542099398,False
0,titan_001787,0,205073.56785716696,False
0,titan_001788,0,248110.26556578904,False
0,titan_001798,0,677008.9222761216,False
0,titan_001799,0,718294.3360880063,False
0,titan_001800,0,757770.766928632,False
0,titan_001801,0,794672.0361203996,False
0,titan_001802,0,828576.162980217,False
0,titan_001803,0,859125.4759722827,False
0,titan_001804,0,886183.1803392895,False
0,titan_001805,0,909845.3770163753,False
0,titan_001806,0,930241.4375892879,False
0,titan_001807,0,949839.564135619,False
0,titan_001810,0,1009061.6371096971,False
0,titan_001811,0,1028824.2887319645,False
0,titan_001812,0,1047567.2376624178,False
0,titan_001932,0,43622.676729954364,True
0,titan_001933,0,86428.08330934348,True
0,titan_001934,0,127755.60812110362,False
0,titan_001935,0,171322.7538396543,False
0,titan_001936,0,215737.01991401557,False
0,titan_001946,0,628731.7030593648,False
0,titan_001947,0,669968.0197421008,False
0,titan_001948,0,711022.1413051832,False
0,titan_001949,0,751870.7232158355,False
0,titan_001950,0,792492.1901374673,False
0,titan_001951,0,831521.3846252861,False
0,titan_001952,0,867426.1842614041,False
0,titan_001953,0,899490.2267339372,False
0,titan_001954,0,927636.4613989318,False
0,titan_001955,0,952020.2831507908,False
0,titan_001956,0,972914.8099753443,False
0,titan_001959,0,1029690.2040579072,False
0,titan_001960,0,1048732.3201332325,False
0,titan_001961,0,1067779.3105687909,False
0,titan_001962,0,1086801.410421135,False
0,titan_002087,0,27670.323231295184,True
0,titan_002088,0,72661.1858523803,True
0,titan_002089,0,117629.79190860075,False
0,titan_002090,0,162562.35173528563,False
0,titan_002091,0,207445.06474276478,False
0,titan_002099,0,546238.9740184328,False
0,titan_002100,0,586452.3365036423,False
0,titan_002101,0,626643.317766653,False
0,titan_002102,0,666768.7581829054,False
0,titan_002103,0,706792.248924288,False
0,titan_002104,0,746682.2915303254,False
0,titan_002105,0,786411.0290691169,False
0,titan_002106,0,825953.3456814922,False
0,titan_002107,0,865286.2164025629,False
0,titan_002108,0,903984.6053871269,False
0,titan_002109,0,938622.0438448224,False
0,titan_002110,0,968537.8737865194,False
0,titan_002111,0,993958.936092339,False
0,titan_002116,0,1088955.8769914468,False
0,titan_002117,3,1107334.778749275,False
0,titan_002248,0,52674.21593970187,True
0,titan_002249,0,84572.83108309732,True
0,titan_002250,0,124250.58068925975,False
0,titan_002251,0,166198.97800719633,False
0,titan_002259,0,512480.6851412315,False
0,titan_002260,0,551008.1221060602,False
0,titan_002261,0,589715.4321127095,False
0,titan_002262,0,628527.5867971263,False
0,titan_002263,0,667383.9470656585,False
0,titan_002264,0,706234.4372165771,False
0,titan_002265,0,745036.8806274126,False
0,titan_002266,0,783754.9382704215,False
0,titan_002267,0,822356.8516925207,False
0,titan_002268,0,860814.290311522,False
0,titan_002269,0,899101.641234349,False
0,titan_002270,0,937195.4866611859,False
0,titan_002271,0,975072.2836891698,False
0,titan_002272,0,1008339.8504145574,False
0,titan_002414,0,34061.48141872905,True
0,titan_002415,0,79051.81515874712,True
0,titan_002416,0,124021.73152085493,False
0,titan_002417,0,168959.6010334184,False
0,titan_002424,0,468741.06139258354,False
0,titan_002425,0,510820.00087015337,False
0,titan_002426,0,552878.8259546643,False
0,titan_002427,0,594881.4131863731,False
0,titan_002428,0,634279.4802756656,False
0,titan_002429,0,671730.8754938453,False
0,titan_002430,0,709283.182536244,False
0,titan_002431,0,746882.3877957565,False
0,titan_002432,0,784482.5465189021,False
0,titan_002433,0,822044.0654221141,False
0,titan_002434,0,859532.2639809911,False
0,titan_002435,0,896916.3577757251,False
0,titan_002436,0,934168.6675608343,False
0,titan_002437,0,971264.0264656857,False
0,titan_002438,0,1008179.2338488736,False
0,titan_002439,0,1044892.7881020536,False
0,titan_002586,0,54772.73492114579,True
0,titan_002587,0,89102.53637257303,True
0,titan_002588,0,130461.03939588221,False
0,titan_002589,0,172662.72161398202,False
0,titan_002595,0,432517.42633418064,False
0,titan_002596,0,472894.4774308955,False
0,titan_002597,0,513474.0260096449,False
0,titan_002598,0,554175.575515647,False
0,titan_002599,0,594937.6217637087,False
0,titan_002601,0,676457.8946053706,False
0,titan_002602,0,715827.1872118071,False
0,titan_002603,0,752126.2434321281,False
0,titan_002604,0,788516.5323727161,False
0,titan_002605,0,824950.3005608778,False
0,titan_002606,0,861386.1125590557,False
0,titan_002607,0,897787.4665192742,False
0,titan_002608,0,934121.9533909148,False
0,titan_002609,0,970360.4450397622,False
0,titan_002610,0,1006476.4421968219,False
0,titan_002611,0,1042445.7230497847,False
0,titan_002763,0,31010.118477157386,True
0,titan_002764,0,76002.7362162892,True
0,titan_002765,0,120978.6775434572,False
0,titan_002766,0,165928.03927136798,False
0,titan_002772,0,434383.02483264083,False
0,titan_002773,0,476650.7894883313,False
0,titan_002774,0,518954.33748390415,False
0,titan_002775,0,559644.7732226034,False
0,titan_002778,0,677958.1374683317,False
0,titan_002779,0,717518.4420686719,False
0,titan_002780,0,757068.2694724803,False
0,titan_002781,0,795746.2971328434,False
0,titan_002782,0,830980.6055995756,False
0,titan_002783,0,866294.1294015282,False
0,titan_002784,0,901644.7286021706,False
0,titan_002785,0,936995.1074029022,False
0,titan_002786,0,972312.0078565286,False
0,titan_002787,0,1007565.4114673998,False
0,titan_002788,0,1042728.0356956646,False
0,titan_002946,2,48253.51515265084,True
0,titan_002947,0,87598.64080665185,True
0,titan_002948,0,127679.67721701036,False
0,titan_002949,0,169861.65338277392,False
0,titan_002954,0,387257.7224978214,False
0,titan_002955,0,430957.11507786316,False
0,titan_002956,0,474617.7074939512,False
0,titan_002957,0,518217.5658867565,False
0,titan_002961,0,683024.5106003413,False
0,titan_002962,0,721336.6605610406,False
0,titan_002963,0,759726.8523540735,False
0,titan_002964,0,798152.1739006892,False
0,titan_002965,0,836575.9054767571,False
0,titan_002966,0,874149.6875260889,False
0,titan_002967,0,908394.6281279733,False
0,titan_002968,0,942706.1670247223,False
0,titan_002969,2,977046.9998747939,False
0,titan_002970,0,1011383.6218025591,False
0,titan_002971,1,1045685.7188997673,False
0,titan_002981,0,1312370.7686382083,False
0,titan_002982,0,1328046.960584504,False
0,titan_003134,0,54150.874784769905,True
0,titan_003135,0,88087.08740206512,True
0,titan_003136,0,129392.20655286589,False
0,titan_003137,0,172842.94054059693,False
0,titan_003141,0,348013.6413420552,False
0,titan_003142,0,390155.09324915044,False
0,titan_003143,0,432485.43234858307,False
0,titan_003144,0,474925.72240103106,False
0,titan_003149,0,687224.628120278,False
0,titan_003150,0,728289.0946538475,False
0,titan_003151,0,765628.7162581685,False
0,titan_003152,0,802883.9349310772,False
0,titan_003153,0,840213.8075139811,False
0,titan_003154,0,877579.5248090961,False
0,titan_003155,0,914947.1050520987,False
0,titan_003156,1,951153.8881596174,False
0,titan_003157,1,984475.3760857432,False
0,titan_003158,1,1017851.1217281915,False
0,titan_003159,0,1051247.9456540467,False
0,titan_003327,0,29915.556265677682,True
0,titan_003328,0,74909.91388522183,True
0,titan_003329,2,119891.28034684561,False
0,titan_003330,0,164851.80588907728,False
0,titan_003333,0,299529.88135294983,False
0,titan_003334,0,344328.5610391165,False
0,titan_003335,0,389067.0461260769,False
0,titan_003336,0,433737.45566962694,False
0,titan_003342,0,686272.7869305683,False
0,titan_003343,0,727631.5292467318,False
0,titan_003344,0,768944.6603525564,False
0,titan_003345,1,810190.5446916249,False
0,titan_003346,0,846832.5703876641,False
0,titan_003347,1,883106.8006078176,False
0,titan_003348,1,919449.0725468111,False
0,titan_003349,0,955824.3911285483,False
0,titan_003350,0,992201.6615550261,False
0,titan_003351,1,1026872.7755696888,False
0,titan_003352,0,1059329.2053415116,False
0,titan_003526,0,39185.362582358845,True
0,titan_003527,0,84178.24413111575,True
0,titan_003528,0,126800.47193994207,False
0,titan_003529,0,169033.05804305233,False
0,titan_003530,0,212120.77933720613,False
0,titan_003531,0,255610.5868004181,False
0,titan_003532,0,299305.02282839647,False
0,titan_003533,0,343102.77312188526,False
0,titan_003534,0,386944.8262190116,False
0,titan_003535,0,430793.2060555568,False
0,titan_003541,0,688795.4226311008,False
0,titan_003542,0,729090.415979864,False
0,titan_003543,0,769411.953533454,False
0,titan_003544,0,809729.7840478177,False
0,titan_003545,0,850017.9875218046,False
0,titan_003546,0,890253.9130162677,False
0,titan_003547,1,926712.6866677611,False
0,titan_003548,0,962072.2194048974,False
0,titan_003549,0,997491.5800903229,False
0,titan_003550,0,1032939.2970448213,False
0,titan_003551,0,1068387.0098224366,False
0,titan_003730,0,45652.82846062192,True
0,titan_003731,2,90644.82218888629,True
0,titan_003732,2,135623.28017119816,False
0,titan_003733,0,178160.84969253332,False
0,titan_003734,0,221384.93266606642,False
0,titan_003735,0,264504.1464470036,False
0,titan_003736,0,306003.6473715853,False
0,titan_003737,0,348010.6687830153,False
0,titan_003738,0,390339.6747977914,False
0,titan_003745,0,689250.5557888066,False
0,titan_003746,0,731891.9967919306,False
0,titan_003747,0,773043.4496357936,False
0,titan_003748,0,812331.9393745894,False
0,titan_003749,0,851655.8767705702,False
0,titan_003750,0,890986.0441567764,False
0,titan_003751,0,930296.9465191901,False
0,titan_003752,0,969565.9670990558,False
0,titan_003753,0,1005356.237389277,False
0,titan_003754,0,1039859.4684928708,False
0,titan_003755,0,1074413.7794234108,False
0,titan_003939,0,49247.41495884522,True
0,titan_003940,0,94239.20255693831,True
0,titan_003941,0,139217.88885336617,False
0,titan_003942,0,184177.21060768518,False
0,titan_003943,0,227877.32653383788,False
0,titan_003944,2,271513.12106773723,False
0,titan_003945,0,315315.8987900442,False
0,titan_003946,0,357479.4404931565,False
0,titan_003954,0,689061.9754081699,False
0,titan_003955,0,730816.1374848622,False
0,titan_003956,0,772550.2099264086,False
0,titan_003957,0,814244.1103511306,False
0,titan_003958,0,855880.2795199003,False
0,titan_003959,0,894552.7127983754,False
0,titan_003960,0,932939.4130652117,False
0,titan_003961,0,971337.3410193465,False
0,titan_003962,0,1009722.0749562997,False
0,titan_003963,0,1048071.7474171986,False
0,titan_003964,0,1082852.947839993,False
0,titan_003965,0,1116551.9227998736,False
0,titan_004153,0,49899.2793312375,True
0,titan_004154,0,94891.52159145838,True
0,titan_004155,0,139871.46936357403,False
0,titan_004156,0,184833.35300479506,False
0,titan_004157,0,229771.31202954188,False
0,titan_004158,0,274679.47450556594,False
0,titan_004159,0,319042.21983459324,False
0,titan_004160,0,362967.0056807826,False
0,titan_004161,0,406696.0665847644,False
0,titan_004162,0,449406.00228327845,False
0,titan_004168,0,692262.5078535284,False
0,titan_004169,0,732991.1040326029,False
0,titan_004170,0,773769.3080314592,False
0,titan_004171,0,814568.3096435381,False
0,titan_004172,0,855363.5086849855,False
0,titan_004173,0,896133.6125675036,False
0,titan_004174,0,936859.9833218167,False
0,titan_004175,0,975749.4562686301,False
0,titan_004176,0,1013255.7877266988,False
0,titan_004177,0,1050775.025589183,False
0,titan_004178,0,1088284.114827509,False
0,titan_004179,0,1125762.2505505132,False
0,titan_004372,0,47539.515694894144,True
0,titan_004373,0,92532.73871302554,True
0,titan_004374,0,137514.83103828088,False
0,titan_004375,2,182480.37319819155,False
0,titan_004376,0,227423.93760549923,False
0,titan_004377,2,272340.0579580526,False
0,titan_004378,0,317223.3383870167,False
0,titan_004379,0,362068.2830680272,False
0,titan_004380,0,406869.4054075086,False
0,titan_004381,0,451621.1974251005,False
0,titan_004382,0,495773.50793787604,False
0,titan_004387,0,698773.3400864167,False
0,titan_004388,0,738354.2108473843,False
0,titan_004389,0,778065.292189367,False
0,titan_004390,0,817867.8880554177,False
0,titan_004391,0,857729.3203300165,False
0,titan_004392,0,897621.6185554845,False
0,titan_004393,0,937520.5288043265,False
0,titan_004394,0,977404.7560409278,False
0,titan_004395,0,1017255.3543399601,False
0,titan_004396,0,1055951.9173727701,False
0,titan_004397,0,1092630.2868855828,False
0,titan_004398,0,1129321.0517049916,False
0,titan_004410,0,1504948.8384444837,False
0,titan_004411,0,1533656.8852766182,False
0,titan_004412,0,1562293.650184513,False
0,titan_004413,0,1590843.9901229476,False
0,titan_004596,0,42100.02000301567,True
0,titan_004597,0,87094.62369797096,True
0,titan_004598,0,132079.47373181957,False
0,titan_004599,2,175861.12164306614,False
0,titan_004600,0,220081.97411050985,False
0,titan_004601,0,264687.80434436764,False
0,titan_004602,2,309496.699481584,False
0,titan_004603,0,354415.57947277656,False
0,titan_004604,0,399390.70639320114,False
0,titan_004605,0,444387.98904617724,False
0,titan_004606,0,489383.9665117584,False
0,titan_004607,3,534361.3030799567,False
0,titan_004608,0,579306.5029157088,False
0,titan_004612,2,746806.477480933,False
0,titan_004613,2,785355.8123070907,False
0,titan_004614,0,824073.8810979436,False
0,titan_004616,0,901857.7894025577,False
0,titan_004617,0,940858.2807348665,False
0,titan_004618,0,979894.6213503656,False
0,titan_004619,0,1018943.608777122,False
0,titan_004620,0,1057984.530129063,False
0,titan_004621,0,1096998.8017173496,False
0,titan_004622,0,1135207.3312716854,False
0,titan_004639,0,1656491.3994402008,False
0,titan_004640,0,1670639.9625729525,False
0,titan_004641,0,1682099.2321905761,False
0,titan_004825,0,33513.59032821289,True
0,titan_004826,0,78509.74373956305,True
0,titan_004827,0,123497.73704850255,False
0,titan_004828,2,168472.81327284477,False
0,titan_004829,0,213430.32572337566,False
0,titan_004830,0,258365.50202269157,False
0,titan_004834,0,437788.47073819995,False
0,titan_004835,0,482540.9527163105,False
0,titan_004836,3,527242.4940838286,False
0,titan_004837,3,571888.3096987391,False
0,titan_004838,3,616473.4992843623,False
0,titan_004839,0,660993.1322717731,False
0,titan_004841,2,749816.0707210109,False
0,titan_004842,2,794109.3987527873,False
0,titan_004843,2,833091.4908868996,False
0,titan_004846,0,946811.7778788108,False
0,titan_004847,0,984941.7808705006,False
0,titan_004848,0,1023133.8317242621,False
0,titan_004849,0,1061363.300839262,False
0,titan_004850,0,1099608.288265711,False
0,titan_004851,0,1137848.9847457507,False
0,titan_005059,0,56041.25732923562,True
0,titan_005060,0,90005.9897371914,True
0,titan_005061,0,130494.22594472948,False
0,titan_005062,0,172974.28124028497,False
0,titan_005063,0,216263.8230341517,False
0,titan_005064,0,259945.98176146523,False
0,titan_005065,0,303837.86117778835,False
0,titan_005070,0,524214.4620895649,False
0,titan_005071,3,568283.6937088758,False
0,titan_005072,3,612317.9990273028,False
0,titan_005073,3,656308.3069270783,False
0,titan_005074,0,700246.7490331864,False
0,titan_005076,2,787939.7541753163,False
0,titan_005077,2,831681.4086733632,False
0,titan_005078,2,875345.1207280338,False
0,titan_005081,0,992476.3249362394,False
0,titan_005082,0,1029763.849791823,False
0,titan_005083,0,1067136.190806626,False
0,titan_005084,2,1104568.0421800516,False
0,titan_005085,0,1142036.6037041275,False
0,titan_005086,2,1179521.3714722674,False
0,titan_005297,0,51635.04687052275,True
0,titan_005298,0,90699.33072802241,True
0,titan_005299,0,132065.58940001484,False
0,titan_005300,0,175434.6721507452,False
0,titan_005301,0,219612.42917378564,False
0,titan_005302,0,264181.68907974527,False
0,titan_005303,0,308960.5818887093,False
0,titan_005309,0,568543.2452216018,False
0,titan_005310,0,611791.2797358546,False
0,titan_005311,0,655050.2998346242,False
0,titan_005312,0,698303.1440524596,False
0,titan_005313,2,741535.6190949565,False
0,titan_005314,2,784735.6727620867,False
0,titan_005317,0,914042.0605068087,False
0,titan_005322,0,1111816.5951872983,False
0,titan_005323,0,1148476.7262829826,False
0,titan_005324,0,1185192.4129957093,False
0,titan_005540,0,33215.5756991583,True
0,titan_005541,2,78212.49456974772,True
0,titan_005542,0,123202.80667842847,False
0,titan_005543,0,168182.73781095934,False
0,titan_005544,0,213148.41541356806,False
0,titan_005545,0,258096.05231206608,False
0,titan_005546,0,303021.85178692196,False
0,titan_005547,0,347921.9128676944,False
0,titan_005554,0,657216.041405644,False
0,titan_005555,0,699614.5540360013,False
0,titan_005556,2,742051.7012019545,False
0,titan_005557,2,784506.8659643541,False
0,titan_005558,2,826962.7904830363,False
0,titan_005563,0,1038796.2101937926,False
0,titan_005566,0,1157103.842498653,False
0,titan_005567,2,1193020.7529962263,False
0,titan_005788,2,54769.45624473465,True
0,titan_005789,0,88851.06278843508,True
0,titan_005790,0,130034.10288529734,False
0,titan_005791,2,172831.2923283476,False
0,titan_005792,0,216170.13698325588,False
0,titan_005793,0,259907.0211348755,False
0,titan_005794,0,303859.09680438007,False
0,titan_005795,0,347933.34876045154,False
0,titan_005804,2,745202.6279937008,False
0,titan_005805,2,787231.7332843753,False
0,titan_005806,2,828875.5851335243,False
0,titan_005807,2,870554.5741643833,False
0,titan_005815,0,1202938.4148504455,False
0,titan_005816,2,1238142.0719023047,False
0,titan_006040,2,31096.87955414692,True
0,titan_006041,0,76094.39198797649,True
0,titan_006042,0,121086.3156667445,False
0,titan_006043,0,166069.37425885568,False
0,titan_006044,0,211040.19042902117,False
0,titan_006045,0,255995.47650621194,False
0,titan_006046,0,300931.90439247584,False
0,titan_006047,0,345846.13585111307,False
0,titan_006057,2,786639.7039992657,False
0,titan_006058,2,830012.9247581941,False
0,titan_006059,0,873348.5571869308,False
0,titan_006060,0,915304.461122094,False
0,titan_006061,0,956242.5081093517,False
0,titan_006068,0,1242767.29389048,False
0,titan_006069,0,1283547.7442556545,False
0,titan_006297,2,47274.94420640465,True
0,titan_006298,0,87982.04213760386,True
0,titan_006299,0,128365.46517729494,False
0,titan_006300,0,170859.5523383994,False
0,titan_006301,0,214203.56999355933,False
0,titan_006302,0,257960.40987756065,False
0,titan_006303,0,301941.1043123497,False
0,titan_006304,2,346050.2815103628,False
0,titan_006305,0,390234.1029062701,False
0,titan_006316,0,872427.6918020621,False
0,titan_006317,0,915117.9305505725,False
0,titan_006318,0,957785.0823550036,False
0,titan_006319,0,1000419.7721268947,False
0,titan_006327,0,1323270.8519586138,False
0,titan_006558,0,50988.79730383426,True
0,titan_006559,0,82654.05720921165,True
0,titan_006560,0,123193.08671239037,False
0,titan_006561,0,166229.64936992657,False
0,titan_006562,0,210228.08594885416,False
0,titan_006563,0,254682.25233047683,False
0,titan_006564,2,299380.4830996117,False
0,titan_006565,2,344218.6744393771,False
0,titan_006566,0,389139.09164854645,False
0,titan_006578,0,916197.8755591562,False
0,titan_006579,0,958211.6485168407,False
0,titan_006580,0,1000226.3911627132,False
0,titan_006581,0,1042230.3576456539,False
0,titan_006823,2,23808.38079123892,True
0,titan_006824,0,68806.85385094045,True
0,titan_006825,0,113801.23236148752,False
0,titan_006826,0,158788.83600454743,False
0,titan_006827,0,203766.9807248176,False
0,titan_006828,0,248732.97724863907,False
0,titan_006829,2,293684.1295988655,False
0,titan_006830,2,338617.7336049197,False
0,titan_006831,0,383531.0754070066,False
0,titan_006832,0,428421.42995339626,False
0,titan_006844,0,957987.42141438,False
0,titan_006845,0,1000802.1998215271,False
0,titan_006846,0,1043585.8145838227,False
0,titan_006847,0,1085165.7272918345,False
0,titan_007093,2,29046.295193501497,True
0,titan_007094,2,74044.56127559517,True
0,titan_007095,2,119038.72142609695,False
0,titan_007096,2,163912.8584206824,False
0,titan_007097,2,207201.1407574857,False
0,titan_007098,0,250952.41902893022,False
0,titan_007099,0,294953.0694932554,False
0,titan_007100,0,339097.95401205984,False
0,titan_007101,2,383328.9213399715,False
0,titan_007102,0,427610.7215378032,False
0,titan_007103,0,471920.2946869241,False
0,titan_007116,0,1043259.3638197668,False
0,titan_007117,0,1085456.8973237309,False
0,titan_007118,0,1127633.6486831491,False
0,titan_007119,0,1169781.3362018391,False
0,titan_007367,2,30522.727612032955,True
0,titan_007368,2,75521.04015431367,True
0,titan_007369,2,120515.4172592493,False
0,titan_007370,2,165503.5668752823,False
0,titan_007371,0,210483.19344721362,False
0,titan_007372,0,255451.89255062368,False
0,titan_007373,0,300246.12569338415,False
0,titan_007374,0,344419.8869616555,False
0,titan_007375,0,388532.1443062455,False
0,titan_007376,0,431691.9472980645,False
0,titan_007377,2,475028.30255874275,False
0,titan_007378,2,518488.59845559916,False
0,titan_007379,2,562035.6841975928,False
0,titan_007381,0,649287.7925760156,False
0,titan_007382,0,692956.0516531372,False
0,titan_007391,0,1085407.7827988428,False
0,titan_007392,0,1128451.6083638242,False
0,titan_007393,0,1170047.1980242606,False
0,titan_007394,0,1211630.6523068028,False
0,titan_007650,0,257736.9129950502,False
0,titan_007651,0,301794.38464961754,False
0,titan_007652,0,345987.2626893046,False
0,titan_007653,0,390262.2508461266,False
0,titan_007654,2,434586.86686171894,False
0,titan_007655,2,478939.70917103393,False
0,titan_007656,2,523305.8719500357,False
0,titan_007657,2,567303.3432960934,False
0,titan_007658,2,609972.8499817534,False
0,titan_007659,0,652767.0154216636,False
0,titan_007660,0,695654.6917423924,False
0,titan_007661,0,738611.258564213,False
0,titan_007670,0,1125926.252797375,False
0,titan_007671,0,1168869.8745929694,False
0,titan_007672,0,1211771.4758164564,False
0,titan_007673,0,1254480.9744655907,False
0,titan_007934,0,352545.33740295365,False
0,titan_007935,0,395553.695387806,False
0,titan_007936,0,438804.351041269,False
0,titan_007937,2,482224.9879382047,False
0,titan_007938,0,525766.324953839,False
0,titan_007939,0,569393.2971854637,False
0,titan_007940,0,613080.1322815103,False
0,titan_007941,0,656807.3938464838,False
0,titan_007942,0,700559.8402543337,False
0,titan_007943,0,743582.1089149183,False
0,titan_007954,0,1210120.784613199,False
0,titan_007955,0,1252531.7000752862,False
0,titan_007956,0,1294908.0679005557,False
0,titan_008220,0,405929.482638107,False
0,titan_008221,0,447679.809396941,False
0,titan_008222,0,489808.61065807304,False
0,titan_008223,0,532219.2974703638,False
0,titan_008224,0,574842.6324493809,False
0,titan_008225,0,617627.6615549538,False
0,titan_008226,0,660535.8355387704,False
0,titan_008227,0,703537.4896036822,False
0,titan_008228,0,746609.2227222786,False
0,titan_008229,0,789732.2376165523,False
0,titan_008230,0,832891.1943888915,False
0,titan_008231,0,875786.6179024295,False
0,titan_008232,0,917459.5660886134,False
0,titan_008234,0,1001026.9446357425,False
0,titan_008235,0,1042888.3323203685,False
0,titan_008236,0,1084783.0153819565,False
0,titan_008240,0,1252478.8002286558,False
0,titan_008241,0,1294387.2451348684,False
0,titan_008242,0,1336274.359442081,False
0,titan_008510,0,460937.31495945604,False
0,titan_008511,0,501487.79723607755,False
0,titan_008512,0,542513.7571903975,False
0,titan_008513,0,583908.6272191826,False
0,titan_008514,0,625592.7020290021,False
0,titan_008515,0,667505.2483315167,False
0,titan_008516,0,709599.0313220354,False
0,titan_008517,0,751836.8566945427,False
0,titan_008518,0,794188.8746818878,False
0,titan_008519,0,836630.7943264801,False
0,titan_008520,0,879142.6034587359,False
0,titan_008521,0,921707.4662298014,False
0,titan_008522,0,964311.2138692939,False
0,titan_008523,0,1006607.673771386,False
0,titan_008524,0,1047786.9467754676,False
0,titan_008525,0,1089035.8363757827,False
0,titan_008526,0,1130339.1205576959,False
0,titan_008530,0,1295849.9622371835,False
0,titan_008531,0,1337251.0409964025,False
0,titan_008532,0,1378644.2611412385,False
0,titan_008804,0,516978.100287681,False
0,titan_008805,0,556428.7858897403,False
0,titan_008806,0,596417.8828165102,False
0,titan_008807,0,636837.9438925672,False
0,titan_008808,0,677605.7275693188,False
0,titan_008809,0,718655.7946942437,False
0,titan_008810,0,759936.1344301437,False
0,titan_008811,0,801404.7148199015,False
0,titan_008812,0,843027.2180142745,False
0,titan_008813,0,884775.39937169,False
0,titan_008814,0,926625.5800472319,False
0,titan_008815,0,968557.767183665,False
0,titan_008816,0,1010555.008608297,False
0,titan_008817,0,1052602.6080913208,False
0,titan_008818,1,1094687.8140775557,False
0,titan_008824,1,1340152.1790769787,False
0,titan_008825,1,1381046.5445783942,False
0,titan_008826,2,1421946.3465783838,False
0,titan_009103,0,612151.7088749197,False
0,titan_009104,0,651185.0832594022,False
0,titan_009105,0,690690.8944996728,False
0,titan_009106,0,730586.7784726712,False
0,titan_009107,0,770806.2139162151,False
0,titan_009108,0,811295.1551663266,False
0,titan_009109,0,852009.039382487,False
0,titan_009110,0,892910.9974036684,False
0,titan_009111,0,933970.0140256912,False
0,titan_009112,0,975159.9959198212,False
0,titan_009113,0,1016458.5993616936,False
0,titan_009114,0,1057846.6038583268,False
0,titan_009115,0,1099307.4424976155,False
0,titan_009122,1,1385313.7515505655,False
0,titan_009123,1,1425706.5133149,False
0,titan_009124,0,1466117.4003196568,False
0,titan_009125,0,1506537.6833756298,False
0,titan_009404,0,668426.9450977354,False
0,titan_009405,0,706586.924374748,False
0,titan_009406,0,745245.1866668464,False
0,titan_009407,0,784322.6069459285,False
0,titan_009408,0,823753.9573691033,False
0,titan_009409,0,863485.1145178331,False
0,titan_009410,0,903470.7047420946,False
0,titan_009411,0,943672.5733611919,False
0,titan_009412,0,984058.2934409014,False
0,titan_009413,0,1024600.1634096041,False
0,titan_009414,0,1065274.221817216,False
0,titan_009415,0,1106059.7756098744,False
0,titan_009423,0,1431272.4194696713,False
0,titan_009424,0,1471171.9972109739,False
0,titan_009425,2,1511101.7934764186,False
0,titan_009426,2,1551052.475134913,False
0,titan_009708,0,725101.6090960938,False
0,titan_009709,0,762465.8717825507,False
0,titan_009710,0,800342.7847676128,False
0,titan_009711,0,838657.6724570123,False
0,titan_009712,0,877347.933359212,False
0,titan_009713,0,916360.6190813212,False
0,titan_009714,0,955650.7830451034,False
0,titan_009715,0,995180.0195609789,False
0,titan_009716,0,1034915.3155459178,False
0,titan_009717,0,1074828.1242939767,False
0,titan_009718,0,1114893.6153851517,False
0,titan_009727,0,1477973.931167494,False
0,titan_009728,0,1517391.4951940065,False
0,titan_009729,0,1556850.5266515845,False
0,titan_009730,0,1596341.2660964467,False
0,titan_010015,0,746033.4973416035,False
0,titan_010016,0,782072.4637706934,False
0,titan_010017,0,818712.1054778005,False
0,titan_010018,0,855870.4390705859,False
0,titan_010019,0,893477.803025948,False
0,titan_010020,0,931474.8618228637,False
0,titan_010021,0,969810.6849511021,False
0,titan_010022,0,1008441.4235585709,False
0,titan_010023,0,1047329.2458451274,False
0,titan_010024,0,1086441.1791897777,False
0,titan_010035,0,1525189.4527363405,False
0,titan_010036,0,1564320.107561389,False
0,titan_010037,0,1603320.6166342332,False
0,titan_010038,0,1642362.9238087833,False
0,titan_010325,0,769179.3892777831,False
0,titan_010326,0,803884.0905521552,False
0,titan_010327,0,839269.5068610631,False
0,titan_010328,0,875248.581413333,False
0,titan_010329,0,911746.5248542642,False
0,titan_010330,0,948698.7596885042,False
0,titan_010331,0,986049.4565154207,False
0,titan_010332,0,1023750.1614723741,False
0,titan_010333,0,1061758.6349655092,False
0,titan_010334,0,1100038.0376875545,False
0,titan_010346,0,1571677.1189653422,False
0,titan_010347,0,1611509.5540462383,False
0,titan_010348,0,1650474.515335389,False
0,titan_010349,1,1689081.3494166313,False
0,titan_010638,0,794340.5501225743,False
0,titan_010639,0,827720.6631634287,False
0,titan_010640,0,861852.1927570039,False
0,titan_010641,0,896645.1356269864,False
0,titan_010642,0,932021.2335137973,False
0,titan_010643,0,967912.1769319365,False
0,titan_010644,2,1004258.3001645165,False
0,titan_010645,0,1041007.4660410456,False
0,titan_010646,0,1078113.7952587537,False
0,titan_010647,0,1115537.0268107303,False
0,titan_010660,0,1618890.2093042012,False
0,titan_010661,0,1658294.3078896008,False
0,titan_010662,0,1697736.7415478348,False
0,titan_010682,0,2428338.964561823,False
0,titan_010683,0,2456605.740130968,False
0,titan_010684,0,2484878.987475323,False
0,titan_010954,0,821327.0922942047,False
0,titan_010955,0,853407.4727142629,False
0,titan_010956,0,886299.825489271,False
0,titan_010957,0,919913.2745738772,False
0,titan_010958,0,954167.6464638779,False
0,titan_010959,0,988992.3062101846,False
0,titan_010960,0,1024324.956708488,False
0,titan_010961,0,1060110.5856975953,False
0,titan_010962,0,1096300.4996821263,False
0,titan_010963,0,1132851.6320858803,False
0,titan_010977,0,1666791.6219257156,False
0,titan_010978,0,1705779.8781241975,False
0,titan_010979,1,1744815.2993690982,False
0,titan_010995,0,2348773.7920462945,False
0,titan_010999,0,2476227.0459582605,False
0,titan_011000,0,2504229.218530479,False
0,titan_011001,0,2532240.48270476,False
0,titan_011273,0,849961.0243291302,False
0,titan_011274,0,880778.037232886,False
0,titan_011275,0,912457.5902772096,False
0,titan_011276,0,944909.4086320094,False
0,titan_011277,0,978052.9093517878,False
0,titan_011278,0,1011816.391346196,False
0,titan_011279,0,1046135.9768460601,False
0,titan_011280,0,1080954.761032502,False
0,titan_011281,0,1116222.0399185144,False
0,titan_011297,1,1715349.1428711955,False
0,titan_011298,0,1753935.18893981,False
0,titan_011299,0,1792576.498980354,False
0,titan_011314,0,2359654.5759720206,False
0,titan_011315,0,2395424.5160732977,False
0,titan_011319,0,2524593.8231812185,False
0,titan_011320,0,2552344.0834200173,False
0,titan_011321,0,2580105.805936073,False
0,titan_011595,0,880077.7947745225,False
0,titan_011596,0,909676.299235045,False
0,titan_011597,0,940178.2488889399,False
0,titan_011598,0,971495.2589699668,False
0,titan_011599,0,1003547.6013841737,False
0,titan_011600,0,1036263.6058092811,False
0,titan_011601,0,1069578.7612493217,False
0,titan_011602,0,1103435.0948358448,False
0,titan_011603,0,1137780.5979019543,False
0,titan_011620,0,1764534.8259928995,False
0,titan_011621,1,1802733.1619445086,False
0,titan_011622,1,1840994.1727095088,False
0,titan_011633,0,2254963.403940055,False
0,titan_011634,0,2292310.230428481,False
0,titan_011638,0,2441539.3440556484,False
0,titan_011639,0,2476352.837705761,False
0,titan_011640,0,2508745.0102429367,False
0,titan_011641,0,2541135.098451364,False
0,titan_011642,0,2573435.008487502,False
0,titan_011643,0,2600945.805215835,False
0,titan_011644,0,2628470.1072412822,False
0,titan_011920,0,911527.192229139,False
0,titan_011921,1,939957.7444267846,False
0,titan_011922,0,969323.7509030805,False
0,titan_011923,0,999539.7150645799,False
0,titan_011924,0,1030527.7220093366,False
0,titan_011925,0,1062216.9557140179,False
0,titan_011926,0,1094543.1411721655,False
0,titan_011927,0,1127448.120037633,False
0,titan_011928,0,1160879.1388916261,False
0,titan_011946,1,1814324.7739402351,False
0,titan_011947,1,1852150.4510924737,False
0,titan_011948,1,1890045.5465185412,False
0,titan_011957,0,2227394.5360547886,False
0,titan_011958,0,2264435.4685725025,False
0,titan_011959,0,2301483.5290081073,False
0,titan_011960,0,2338532.662516366,False
0,titan_011961,0,2375576.9233249817,False
0,titan_011962,0,2412610.5892124698,False
0,titan_011963,0,2449628.10912442,False
0,titan_011964,0,2486624.0859077163,False
0,titan_011965,0,2523544.1834537634,False
0,titan_011966,0,2556668.514262908,False
0,titan_011967,0,2588798.7187995473,False
0,titan_011968,0,2620923.6441042344,False
0,titan_011969,0,2650030.8800224755,False
0,titan_011970,0,2677329.6536693946,False
0,titan_012247,0,944173.139853642,False
0,titan_012248,0,971489.8170831095,False
0,titan_012249,0,999765.9674338388,False
0,titan_012250,0,1028919.6908183038,False
0,titan_012251,0,1058875.524798198,False
0,titan_012252,0,1089564.3144785606,False
0,titan_012253,0,1120922.776822608,False
0,titan_012254,0,1152893.014882453,False
0,titan_012274,1,1864698.512261008,False
0,titan_012275,0,1902167.037734935,False
0,titan_012276,0,1939711.0525280386,False
0,titan_012286,0,2311941.4890152765,False
0,titan_012287,0,2348698.0435051904,False
0,titan_012288,0,2385460.713593563,False
0,titan_012289,0,2422223.589908499,False
0,titan_012290,0,2458980.8505047495,False
0,titan_012291,0,2495726.9449989838,False
0,titan_012292,0,2532456.476764042,False
0,titan_012293,0,2569164.086508561,False
0,titan_012294,0,2605054.5988597595,False
0,titan_012295,0,2637063.4525831477,False
0,titan_012296,0,2668943.8432208695,False
0,titan_012297,0,2699596.760494661,False
0,titan_012298,0,2726681.615127268,False
0,titan_012577,0,977893.1864918564,False
0,titan_012578,0,1004151.8328736624,False
0,titan_012579,0,1031386.9802509114,False
0,titan_012580,0,1059520.6578795582,False
0,titan_012581,0,1088480.4988008721,False
0,titan_012582,0,1118199.5028097234,False
0,titan_012583,1,1148615.8435289143,False
0,titan_012584,0,1179672.6267110747,False
0,titan_012605,0,1915638.7391549544,False
0,titan_012606,0,1952765.8139877494,False
0,titan_012607,0,1989973.9143799362,False
0,titan_012617,0,2360119.0109368674,False
0,titan_012618,0,2396595.8921398357,False
0,titan_012619,0,2433083.635167346,False
0,titan_012620,0,2469576.280717489,False
0,titan_012621,0,2506068.055497987,False
0,titan_012622,0,2542553.3886166215,False
0,titan_012623,0,2579026.7607847946,False
0,titan_012624,0,2615482.891473906,False
0,titan_012625,0,2651916.5902264323,False
0,titan_012626,0,2685924.3919677837,False
0,titan_012627,0,2717571.924457957,False
0,titan_012628,0,2749214.079399866,False
0,titan_012909,0,1012577.77354824,False
0,titan_012910,0,1037834.6054422049,False
0,titan_012911,0,1064078.8666881442,False
0,titan_012912,0,1091236.8580975786,False
0,titan_012913,0,1119239.588364492,False
0,titan_012914,0,1148022.575975727,False
0,titan_012915,1,1177525.9528395259,False
0,titan_012916,0,1207694.0848408625,False
0,titan_012937,0,1930424.8473923411,False
0,titan_012938,0,1967130.9647605056,False
0,titan_012939,0,2003932.5303505617,False
0,titan_012950,0,2408958.4148657937,False
0,titan_012951,0,2445167.6262229835,False
0,titan_012952,0,2481392.158062458,False
0,titan_012953,0,2517625.980710388,False
0,titan_012954,0,2553863.3818063373,False
0,titan_012955,0,2590098.6802896885,False
0,titan_012956,0,2626326.4804866235,False
0,titan_012957,0,2662541.38823137,False
0,titan_012958,0,2698738.266843727,False
0,titan_012959,0,2734911.9551913384,False
0,titan_012960,0,2766803.945613236,False
0,titan_012961,0,2798227.637744401,False
0,titan_013244,0,1048129.1568571593,False
0,titan_013245,0,1072439.7171276996,False
0,titan_013246,0,1097743.5055585727,False
0,titan_013247,0,1123971.2046485643,False
0,titan_013248,0,1151057.3350038575,False
0,titan_013249,1,1178940.243466376,False
0,titan_013250,1,1207562.2662582549,False
0,titan_013273,0,1982771.1544632674,False
0,titan_013274,0,2019163.3655434821,False
0,titan_013275,0,2055655.3005969173,False
0,titan_013286,0,2458451.6288974686,False
0,titan_013287,0,2494405.360826,False
0,titan_013288,0,2530378.4602546883,False
0,titan_013289,0,2566365.0072295945,False
0,titan_013290,0,2602359.260256339,False
0,titan_013291,0,2638355.5393984383,False
0,titan_013292,0,2674348.4473521314,False
0,titan_013293,0,2710332.5861327196,False
0,titan_013294,0,2746302.8136039986,False
0,titan_013295,0,2782253.9619053374,False
0,titan_013296,0,2816637.060144726,False
0,titan_013580,0,1062104.6412942484,False
0,titan_013581,0,1084460.3541673727,False
0,titan_013582,0,1107878.799568379,False
0,titan_013583,1,1132292.0330737527,False
0,titan_013584,1,1157635.0199548586,False
0,titan_013585,1,1183845.863157964,False
0,titan_013586,1,1210865.9337167228,False
0,titan_013587,0,1238639.9211063576,False
0,titan_013611,0,2035631.6687814079,False
0,titan_013612,0,2071726.3965540382,False
0,titan_013613,0,2107924.647994094,False
0,titan_013623,0,2472911.063756216,False
0,titan_013624,0,2508592.143164278,False
0,titan_013625,0,2544302.5636152066,False
0,titan_013626,0,2580036.200859799,False
0,titan_013627,0,2615787.120316448,False
0,titan_013628,0,2651549.561031315,False
0,titan_013629,0,2687317.920657218,False
0,titan_013630,0,2723086.775057971,False
0,titan_013631,0,2758850.73032114,False
0,titan_013632,0,2794604.61247507,False
0,titan_013633,0,2830343.3210142576,False
0,titan_013634,0,2866061.851550227,False
0,titan_013919,0,1099971.2372961598,False
0,titan_013920,0,1121493.9643450887,False
0,titan_013921,0,1144072.5828545843,False
0,titan_013922,0,1167644.018627631,False
0,titan_013923,0,1192147.409822789,False
0,titan_013924,1,1217524.426980337,False
0,titan_013925,1,1243719.521761523,False
0,titan_013926,0,1270679.8554683644,False
0,titan_013951,0,2088999.0766641977,False
0,titan_013952,0,2124812.6123895426,False
0,titan_013953,0,2160733.003690826,False
0,titan_013962,0,2487458.021497904,False
0,titan_013964,0,2559374.7268307228,False
0,titan_013965,0,2594854.1510997717,False
0,titan_013966,0,2630360.2882310827,False
0,titan_013967,0,2665887.2988865357,False
0,titan_013968,0,2701429.4111813167,False
0,titan_013969,0,2736981.0072735776,False
0,titan_013970,0,2772536.711064187,False
0,titan_013971,0,2808091.1397397914,False
0,titan_013972,0,2843639.1613581213,False
0,titan_013973,1,2879175.6477687797,False
0,titan_014260,2,1138418.9839398456,False
0,titan_014261,0,1159161.364338507,False
0,titan_014262,0,1180950.2433226218,False
0,titan_014263,1,1203727.037935681,False
0,titan_014264,0,1227434.9767724222,False
0,titan_014265,1,1252019.2454363925,False
0,titan_014266,1,1277427.2716475734,False
0,titan_014292,0,2107438.9501709356,False
0,titan_014293,0,2142868.2155417027,False
0,titan_014294,0,2178416.6473685023,False
0,titan_014303,0,2502300.759185384,False
0,titan_014306,0,2610795.693357839,False
0,titan_014307,0,2646056.3578358926,False
0,titan_014308,0,2681347.0594597636,False
0,titan_014309,1,2716661.893650011,False
0,titan_014310,1,2751995.152184639,False
0,titan_014311,1,2787341.2760611945,False
0,titan_014312,1,2822694.8427158007,False
0,titan_014313,1,2858050.553956445,False
0,titan_014314,1,2893403.2245560717,False
0,titan_014315,0,2928747.771454807,False
0,titan_014603,2,1177389.9065508815,False
0,titan_014604,2,1197401.5899466288,False
0,titan_014605,0,1218448.3415824661,False
0,titan_014606,0,1240475.9031330247,False
0,titan_014607,1,1263431.2620268217,False
0,titan_014608,1,1287263.0114063765,False
0,titan_014609,0,1311921.5442692358,False
0,titan_014633,1,2057353.0474228691,False
0,titan_014634,1,2092106.0701698367,False
0,titan_014635,0,2127011.26031114,False
0,titan_014636,0,2162057.836448381,False
0,titan_014637,0,2197235.598568978,False
0,titan_014638,0,2232534.8554045577,False
0,titan_014646,0,2518280.6753145927,False
0,titan_014650,1,2662627.0184931266,False
0,titan_014651,1,2697906.810768299,False
0,titan_014652,1,2732994.0923313103,False
0,titan_014653,1,2768108.5465044836,False
0,titan_014654,1,2803244.4676589253,False
0,titan_014655,1,2838396.3952145074,False
0,titan_014656,1,2873558.8995168735,False
0,titan_014657,0,2908726.704953791,False
0,titan_014658,1,2943894.6453969283,False
0,titan_014948,0,1216832.8708707765,False
0,titan_014949,2,1236160.4884605308,False
0,titan_014950,0,1256510.269336627,False
0,titan_014951,0,1277831.914298774,False
0,titan_014952,0,1300076.0086541213,False
0,titan_014953,1,1323194.3763609624,False
0,titan_014978,1,2078819.45702552,False
0,titan_014979,0,2113168.2481459766,False
0,titan_014980,0,2147681.3968040985,False
0,titan_014981,0,2182347.8559098053,False
0,titan_014982,0,2217157.23027298,False
0,titan_014983,0,2252099.538239372,False
0,titan_014984,1,2287165.3094021124,False
0,titan_014985,0,2322345.5179415112,False
0,titan_014996,1,2714659.906364927,False
0,titan_014997,1,2750404.3069106503,False
0,titan_014998,1,2785300.1906929365,False
0,titan_014999,1,2820226.0132529764,False
0,titan_015000,1,2855176.211387368,False
0,titan_015001,0,2890145.2597155357,False
0,titan_015002,0,2925127.7936024107,False
0,titan_015003,1,2960118.5645771744,False
0,titan_015294,0,1239070.6404327732,False
0,titan_015295,0,1256702.6968861425,False
0,titan_015296,0,1275389.9367756522,False
0,titan_015297,0,1295085.3727853557,False
0,titan_015298,0,1315742.3480309618,False
0,titan_015299,0,1337314.7905300073,False
0,titan_015300,1,1359757.600938349,False
0,titan_015323,1,2034019.403339262,False
0,titan_015324,0,2067579.8405911955,False
0,titan_015325,0,2101340.7787545025,False
0,titan_015326,0,2135289.6848632987,False
0,titan_015327,0,2169414.7559213242,False
0,titan_015328,0,2203704.780495355,False
0,titan_015329,1,2238148.9996152786,False
0,titan_015330,0,2272737.269245888,False
0,titan_015331,1,2307459.9270513705,False
0,titan_015332,1,2342307.658727933,False
0,titan_015333,1,2377271.6692178673,False
0,titan_015334,1,2412343.554008293,False
0,titan_015335,1,2447515.170157026,False
0,titan_015336,1,2482778.8147947616,False
0,titan_015337,1,2518127.1002516933,False
0,titan_015338,1,2553552.8290265133,False
0,titan_015343,1,2731612.173873512,False
0,titan_015344,1,2767366.994917572,False
0,titan_015345,1,2803155.9967099815,False
0,titan_015346,1,2838265.4142270274,False
0,titan_015347,2,2873014.4340282925,False
0,titan_015348,0,2907790.4134832798,False
0,titan_015349,0,2942587.9348149667,False
0,titan_015350,0,2977401.6014616876,False
0,titan_015351,1,3012226.2295797006,False
0,titan_015642,0,1279908.5221189263,False
0,titan_015643,0,1296959.3817754881,False
0,titan_015644,0,1315047.140568437,False
0,titan_015645,0,1334128.3525252948,False
0,titan_015646,0,1354159.7288721588,False
0,titan_015647,1,1375098.366592212,False
0,titan_015665,1,1864782.2766241997,False
0,titan_015671,1,2058383.3832752986,False
0,titan_015672,0,2091526.004141028,False
0,titan_015673,0,2124880.8749950305,False
0,titan_015674,0,2158435.277733008,False
0,titan_015675,0,2192177.2165590883,False
0,titan_015676,0,2226095.2827375946,False
0,titan_015677,2,2260178.518107437,False
0,titan_015678,2,2294416.5779705513,False
0,titan_015679,0,2328799.5665559955,False
0,titan_015680,0,2363318.072438674,False
0,titan_015681,1,2397963.0050069564,False
0,titan_015682,1,2432725.768094138,False
0,titan_015683,1,2467598.1339225667,False
0,titan_015684,1,2502572.1165045444,False
0,titan_015685,1,2537640.151892781,False
0,titan_015686,1,2572794.9752927097,False
0,titan_015687,1,2608029.497797686,False
0,titan_015688,1,2643336.9920944227,False
0,titan_015689,1,2678710.972234399,False
0,titan_015690,1,2714145.0731706694,False
0,titan_015691,1,2749633.240871032,False
0,titan_015692,1,2785169.5797498184,False
0,titan_015693,1,2820748.407258105,False
0,titan_015694,1,2856364.102054445,False
0,titan_015695,1,2891891.0112282457,False
0,titan_015696,0,2926475.001375282,False
0,titan_015697,0,2961088.322977099,False
0,titan_015698,0,2995725.601885212,False
0,titan_015699,0,3030381.5812037885,False
0,titan_015992,0,1267559.375796755,False
0,titan_015993,0,1289255.052261821,False
0,titan_015994,0,1312184.327107071,False
0,titan_015995,0,1336283.7008878805,False
0,titan_015996,0,1361490.9702118356,False
0,titan_015997,1,1387745.7866998524,False
0,titan_016015,1,1892820.685701299,False
0,titan_016016,1,1923903.8251439238,False
0,titan_016021,2,2083716.5840961502,False
0,titan_016022,0,2116448.687197503,False
0,titan_016023,0,2149404.1998475012,False
0,titan_016024,0,2182570.385971319,False
0,titan_016025,1,2215934.9959896724,False
0,titan_016026,1,2249486.4891487192,False
0,titan_016027,1,2283213.738561795,False
0,titan_016028,0,2317106.2599801966,False
0,titan_016029,0,2351153.917380367,False
0,titan_016030,0,2385347.1577029703,False
0,titan_016031,1,2419676.7171408352,False
0,titan_016032,1,2454133.827653632,False
0,titan_016033,1,2488710.092354353,False
0,titan_016034,1,2523397.3600396677,False
0,titan_016035,1,2558187.9391013407,False
0,titan_016036,1,2593074.3057337883,False
0,titan_016037,1,2628049.3553674934,False
0,titan_016038,1,2663106.111614642,False
0,titan_016039,1,2698237.981306758,False
0,titan_016040,1,2733438.464142644,False
0,titan_016041,1,2768701.3764403244,False
0,titan_016042,1,2804020.733561203,False
0,titan_016043,1,2839390.6320477542,False
0,titan_016044,1,2874805.477397336,False
0,titan_016045,1,2910259.6953283404,False
0,titan_016046,1,2945747.9959664317,False
0,titan_016047,0,2980610.102567635,False
0,titan_016048,1,3015072.318439241,False
0,titan_016049,2,3049560.708450164,False
0,titan_016342,0,1206003.6138153079,False
0,titan_016343,0,1226958.0977299658,False
0,titan_016344,0,1249223.4241404198,False
0,titan_016345,0,1272730.7773966761,False
0,titan_016346,1,1297412.6252088083,False
0,titan_016347,1,1323203.221630994,False
0,titan_016366,1,1921729.7477255454,False
0,titan_016367,1,1952345.071835855,False
0,titan_016368,1,1983286.7246836612,False
0,titan_016372,0,2109982.6386427754,False
0,titan_016373,0,2142312.282137453,False
0,titan_016374,0,2174876.0604426474,False
0,titan_016375,1,2207661.0627094423,False
0,titan_016376,1,2240654.9813812603,False
0,titan_016377,1,2273846.0783217363,False
0,titan_016378,1,2307223.152358629,False
0,titan_016379,0,2340775.508257975,False
0,titan_016380,0,2374492.9271247745,False
0,titan_016381,1,2408365.6382122887,False
0,titan_016382,1,2442384.2921108208,False
0,titan_016383,0,2476539.9352782634,False
0,titan_016384,0,2510823.985868264,False
0,titan_016385,1,2545228.2108071493,False
0,titan_016386,1,2579744.737909438,False
0,titan_016387,1,2614365.9000259824,False
0,titan_016388,1,2649084.41829543,False
0,titan_016389,1,2683893.248624681,False
0,titan_016390,1,2718785.5979390163,False
0,titan_016391,1,2753754.9076203564,False
0,titan_016392,1,2788794.837816545,False
0,titan_016393,1,2823899.252570499,False
0,titan_016394,1,2859062.2057198025,False
0,titan_016395,1,2894277.927519152,False
0,titan_016396,1,2929540.811940055,False
0,titan_016397,1,2964845.404604172,False
0,titan_016398,2,3000186.3913087393,False
0,titan_016399,2,3035423.359207904,False
0,titan_016400,2,3069745.917514374,False
0,titan_016694,1,1165184.3821801932,False
0,titan_016695,0,1186737.5546714952,False
0,titan_016696,1,1209613.5730273356,False
0,titan_016697,0,1233738.832684238,False
0,titan_016698,0,1259041.5000293308,False
0,titan_016699,1,1285452.024732464,False
0,titan_016719,0,1965461.329023657,False
0,titan_016720,1,2004218.8544874808,False
0,titan_016721,1,2042942.914221193,False
0,titan_016724,1,2137145.935958886,False
0,titan_016725,1,2169081.993438696,False
0,titan_016726,1,2201262.348740843,False
0,titan_016727,1,2233674.014729289,False
0,titan_016728,1,2266304.5933426623,False
0,titan_016729,0,2299142.2442737026,False
0,titan_016730,0,2332175.654775869,False
0,titan_016731,2,2365394.0433536316,False
0,titan_016732,0,2398787.001231611,False
0,titan_016733,0,2432344.66149812,False
0,titan_016734,0,2466057.5433100737,False
0,titan_016735,0,2499916.5601499933,False
0,titan_016736,1,2533912.9966884004,False
0,titan_016737,1,2568038.4867585246,False
0,titan_016738,1,2602284.992406453,False
0,titan_016739,1,2636644.7839764664,False
0,titan_016740,1,2671110.4211889263,False
0,titan_016741,0,2705674.7691629278,False
0,titan_016742,0,2740330.845447886,False
0,titan_016743,1,2775072.0075230156,False
0,titan_016744,1,2809891.8016881696,False
0,titan_016745,1,2844783.982338975,False
0,titan_016746,1,2879742.498065924,False
0,titan_016747,1,2914761.4784382796,False
0,titan_016748,1,2949835.2214322025,False
0,titan_016749,0,2984958.1814639135,False
0,titan_016750,0,3020124.9925518725,False
0,titan_016751,2,3055330.3192372154,False
0,titan_016752,2,3090569.0534712067,False
0,titan_016753,0,3125113.8453289685,False
0,titan_017048,0,1124739.6184163692,False
0,titan_017049,0,1146936.3384344822,False
0,titan_017050,1,1170466.6682976217,False
0,titan_017051,0,1195251.8242528006,False
0,titan_017052,0,1221215.3814783138,False
0,titan_017073,0,1938322.5163837203,False
0,titan_017074,0,1977404.3068761216,False
0,titan_017075,1,2016745.8715205328,False
0,titan_017078,1,2136184.993903646,False
0,titan_017079,1,2176426.240455314,False
0,titan_017080,1,2216862.133478729,False
0,titan_017081,1,2257482.1667821393,False
0,titan_017082,1,2292852.1946358047,False
0,titan_017083,0,2325344.008251627,False
0,titan_017084,1,2358040.988028857,False
0,titan_017085,0,2390932.1613026573,False
0,titan_017086,0,2424007.1153961085,False
0,titan_017087,0,2457255.843910395,False
0,titan_017088,0,2490668.754799814,False
0,titan_017089,0,2524236.647335917,False
0,titan_017090,0,2557950.6900662654,False
0,titan_017091,0,2591802.3997509265,False
0,titan_017092,0,2625783.621253921,False
0,titan_017093,1,2659886.5083621005,False
0,titan_017094,1,2694103.505500509,False
0,titan_017095,1,2728427.364177772,False
0,titan_017096,0,2762850.991018713,False
0,titan_017097,0,2797367.6348726433,False
0,titan_017098,0,2831970.7365948716,False
0,titan_017099,0,2866653.948480876,False
0,titan_017100,0,2901411.1206156244,False
0,titan_017101,0,2936236.287866963,False
0,titan_017102,0,2971123.657487508,False
0,titan_017103,0,3006067.5972903087,False
0,titan_017104,1,3041062.624364585,False
0,titan_017105,0,3076103.3942989386,False
0,titan_017106,0,3111184.725461958,False
0,titan_017107,2,3146301.450854358,False
0,titan_017402,2,1063251.1873590734,False
0,titan_017403,2,1084710.093793071,False
0,titan_017404,0,1107598.358674281,False
0,titan_017405,0,1131829.2637367877,False
0,titan_017406,0,1157318.4517047417,False
0,titan_017407,0,1183984.630463983,False
0,titan_017429,0,1951585.0013808268,False
0,titan_017430,1,1991241.788769956,False
0,titan_017431,1,2031129.1310891686,False
0,titan_017433,2,2111542.9418650838,False
0,titan_017434,1,2152045.4660640983,False
0,titan_017435,0,2192730.39137534,False
0,titan_017436,0,2233587.7346590506,False
0,titan_017437,1,2274608.1505817166,False
0,titan_017438,0,2315782.918497578,False
0,titan_017439,0,2357103.8939386,False
0,titan_017440,0,2398563.464234834,False
0,titan_017441,1,2440154.5490513435,False
0,titan_017442,0,2481870.398718253,False
0,titan_017443,0,2516190.786534783,False
0,titan_017444,1,2549473.6575178006,False
0,titan_017445,0,2582911.122807727,False
0,titan_017446,0,2616494.5977348085,False
0,titan_017447,0,2650215.8244639765,False
0,titan_017448,1,2684066.853598301,False
0,titan_017449,1,2718040.060204148,False
0,titan_017450,1,2752127.992619529,False
0,titan_017451,0,2786323.5577751137,False
0,titan_017452,0,2820619.8717101216,False
0,titan_017453,0,2855010.2784249973,False
0,titan_017454,2,2889488.3358932785,False
0,titan_017455,0,2924047.8027057336,False
0,titan_017456,0,2958682.625315898,False
0,titan_017457,0,2993386.9601739594,False
0,titan_017458,0,3028155.0248731924,False
0,titan_017459,1,3062981.2927370328,False
0,titan_017460,1,3097860.3450892945,False
0,titan_017461,1,3132786.8953084755,False
0,titan_017462,2,3167755.7790562315,False
0,titan_017758,2,1022954.1986357439,False
0,titan_017759,2,1045142.3977407349,False
0,titan_017760,2,1068773.4831241805,False
0,titan_017761,2,1093753.905686602,False
0,titan_017762,2,1119993.3232115016,False
0,titan_017786,1,1966771.1270009375,False
0,titan_017787,1,2006963.2339749662,False
0,titan_017788,1,2047358.487452311,False
0,titan_017790,0,2128711.8364731055,False
0,titan_017791,0,2169648.7440542364,False
0,titan_017792,0,2210746.2080386574,False
0,titan_017793,1,2251995.3743138923,False
0,titan_017794,1,2293387.9924160694,False
0,titan_017795,0,2334916.367383275,False
0,titan_017796,0,2376573.3158565555,False
0,titan_017797,0,2418352.084600095,False
0,titan_017798,0,2460246.479564811,False
0,titan_017799,0,2502250.5842447397,False
0,titan_017800,0,2544358.894543969,False
0,titan_017801,0,2586566.249549148,False
0,titan_017802,1,2628867.805980373,False
0,titan_017803,0,2671259.0147874155,False
0,titan_017804,1,2709162.0718251257,False
0,titan_017805,1,2742896.7961644833,False
0,titan_017806,1,2776753.9885508674,False
0,titan_017807,0,2810726.4318607803,False
0,titan_017808,0,2844807.1525344714,False
0,titan_017809,0,2878989.4063625163,False
0,titan_017810,0,2913266.664880276,False
0,titan_017811,0,2947632.568270255,False
0,titan_017812,0,2982081.049118434,False
0,titan_017813,0,3016606.116272379,False
0,titan_017814,1,3051201.9794653654,False
0,titan_017815,1,3085863.0043777945,False
0,titan_017816,1,3120583.702143145,False
0,titan_017817,1,3155358.719283063,False
0,titan_017818,2,3190182.7935374887,False
0,titan_018114,2,961698.8597098498,False
0,titan_018115,2,983115.400727584,False
0,titan_018116,0,1006090.0331838486,False
0,titan_018117,2,1030518.5628238157,False
0,titan_018118,2,1056300.0407092732,False
0,titan_018119,2,1083337.8614405487,False
0,titan_018144,1,1983866.5862980655,False
0,titan_018145,1,2024554.8283191528,False
0,titan_018146,1,2065420.7533572898,False
0,titan_018147,0,2106453.8681857763,False
0,titan_018148,0,2147644.553694568,False
0,titan_018149,0,2188983.8805161878,False
0,titan_018150,1,2230463.427720042,False
0,titan_018151,1,2272075.5181260863,False
0,titan_018152,1,2313812.841605516,False
0,titan_018153,0,2355668.7423246577,False
0,titan_018154,0,2397636.8482220196,False
0,titan_018155,0,2439711.3676165626,False
0,titan_018156,0,2481886.723549709,False
0,titan_018157,1,2524157.816187478,False
0,titan_018158,0,2566519.870960162,False
0,titan_018159,0,2608968.2873355695,False
0,titan_018160,0,2651498.9107604045,False
0,titan_018161,1,2694107.675035233,False
0,titan_018162,1,2736790.921063343,False
0,titan_018163,1,2779545.0412675226,False
0,titan_018164,1,2822366.8025608584,False
0,titan_018165,1,2865252.992337476,False
0,titan_018166,1,2903887.3766063456,False
0,titan_018167,0,2937968.690850117,False
0,titan_018168,0,2972145.737795662,False
0,titan_018169,0,3006412.3744344204,False
0,titan_018170,1,3040762.502272475,False
0,titan_018171,0,3075190.3281719065,False
0,titan_018172,0,3109690.080927461,False
0,titan_018173,0,3144256.2742624404,False
0,titan_018174,0,3178883.4230453083,False
0,titan_018175,1,3213566.2737254323,False
0,titan_018471,2,921544.37096565,False
0,titan_018472,2,943792.0088704595,False
0,titan_018473,0,967614.4597599321,False
0,titan_018474,0,992898.381656485,False
0,titan_018475,0,1019534.9569805162,False
0,titan_018498,1,1840018.193896194,False
0,titan_018499,1,1880441.8592428786,False
0,titan_018501,1,1961871.600904871,False
0,titan_018502,1,2002853.8293091247,False
0,titan_018503,1,2043999.9562340886,False
0,titan_018504,1,2085300.1539514621,False
0,titan_018505,1,2126745.3163762745,False
0,titan_018506,1,2168327.1207723264,False
0,titan_018507,1,2210037.682411608,False
0,titan_018508,1,2251869.834103005,False
0,titan_018509,1,2293816.789931277,False
0,titan_018511,0,2378030.3743566507,False
0,titan_018514,1,2505067.8698675763,False
0,titan_018515,1,2547585.506480181,False
0,titan_018516,1,2590181.8160547116,False
0,titan_018517,1,2632852.830149735,False
0,titan_018518,1,2675594.9480287423,False
0,titan_018519,0,2718404.621522263,False
0,titan_018520,0,2761278.678498794,False
0,titan_018521,0,2804214.010024954,False
0,titan_018522,1,2847207.683950042,False
0,titan_018523,0,2890257.0607255874,False
0,titan_018524,0,2933359.482402146,False
0,titan_018525,0,2976512.6042954754,False
0,titan_018526,0,3019714.085285823,False
0,titan_018527,0,3062961.7070659664,False
0,titan_018528,0,3100102.1808855673,False
0,titan_018529,0,3134445.153027887,False
0,titan_018530,0,3168861.143323116,False
0,titan_018531,0,3203344.6420563785,False
0,titan_018532,0,3237890.2704584943,False
0,titan_018533,1,3207425.963290412,False
0,titan_018828,0,860470.1326820423,False
0,titan_018829,2,881902.2694093537,False
0,titan_018830,0,905050.4386553948,False
0,titan_018831,0,929786.3898390647,False
0,titan_018832,0,955986.8774089649,False
0,titan_018855,1,1777618.3234452214,False
0,titan_018856,1,1818186.5184776718,False
0,titan_018857,1,1858949.6411098496,False
0,titan_018858,2,1899894.9675351123,False
0,titan_018859,1,1941010.9460369006,False
0,titan_018860,1,1982286.776937084,False
0,titan_018861,0,2023712.6557402303,False
0,titan_018862,0,2065279.368685954,False
0,titan_018863,1,2106978.5546406084,False
0,titan_018864,1,2148802.3128360864,False
0,titan_018865,1,2190743.4380693706,False
0,titan_018866,1,2232795.247014319,False
0,titan_018867,1,2274951.4072870696,False
0,titan_018872,1,2487108.1078528855,False
0,titan_018873,1,2529781.454832621,False
0,titan_018874,1,2572525.885017728,False
0,titan_018875,1,2615337.7009400143,False
0,titan_018876,2,2658213.5985210068,False
0,titan_018877,0,2701150.3090722375,False
0,titan_018878,0,2744144.925280697,False
0,titan_018879,0,2787194.545015042,False
0,titan_018880,0,2830296.6007887055,False
0,titan_018881,0,2873448.50495192,False
0,titan_018882,0,2916647.9820808168,False
0,titan_018885,2,3046509.7955207387,False
0,titan_018886,1,3089878.2535856194,False
0,titan_018887,1,3133284.1741174995,False
0,titan_018888,0,3176725.9400325534,False
0,titan_018889,0,3220201.846108428,False
0,titan_018890,0,3263139.1568365647,False
0,titan_018891,0,3223592.4770824285,False
0,titan_019186,2,820457.1175945494,False
0,titan_019187,0,842844.3703318012,False
0,titan_019188,0,866968.0799367867,False
0,titan_019189,0,892687.4239836388,False
0,titan_019190,1,919868.5103486731,False
0,titan_019212,1,1715871.722802712,False
0,titan_019213,1,1756603.996467753,False
0,titan_019214,1,1797527.045458962,False
0,titan_019215,1,1838627.978219196,False
0,titan_019218,1,1962884.9149488723,False
0,titan_019219,1,2004588.714810914,False
0,titan_019220,1,2046420.2292100703,False
0,titan_019221,1,2088371.657150261,False
0,titan_019222,1,2130435.786462288,False
0,titan_019223,1,2172605.8986066505,False
0,titan_019224,1,2214875.88923158,False
0,titan_019225,1,2257239.9730411405,False
0,titan_019231,0,2513125.8682327843,False
0,titan_019232,1,2556017.9479721626,False
0,titan_019233,0,2598970.26775954,False
0,titan_019234,0,2641979.689819305,False
0,titan_019235,0,2685043.3941452894,False
0,titan_019236,2,2728158.606742889,False
0,titan_019237,2,2771322.7578297453,False
0,titan_019238,0,2814533.4268820984,False
0,titan_019239,0,2857788.288413054,False
0,titan_019243,2,3031208.9065845255,False
0,titan_019244,1,3074654.9242480416,False
0,titan_019245,1,3118133.8275583666,False
0,titan_019246,1,3161644.1455372293,False
0,titan_019247,1,3205184.3536569006,False
0,titan_019248,1,3248753.0418992587,False
0,titan_019249,2,3236510.5945773027,False
0,titan_019544,0,759510.9732602781,False
0,titan_019545,2,781026.4612859371,False
0,titan_019546,0,804455.222108313,False
0,titan_019547,0,829635.0969457607,False
0,titan_019548,1,856411.573801034,False
0,titan_019568,0,1573568.220189692,False
0,titan_019572,1,1736802.6852270605,False
0,titan_019573,1,1778077.2016047132,False
0,titan_019574,1,1819512.5863391233,False
0,titan_019575,1,1861097.9181301692,False
0,titan_019576,1,1902823.225540754,False
0,titan_019577,1,1944679.3142279384,False
0,titan_019578,1,1986657.8542378726,False
0,titan_019579,1,2028751.058307898,False
0,titan_019580,1,2070951.7853948064,False
0,titan_019581,1,2113253.4001272437,False
0,titan_019582,1,2155649.89113668,False
0,titan_019583,2,2198135.5725171412,False
0,titan_019584,1,2240705.2119476954,False
0,titan_019586,1,2326077.2350749564,False
0,titan_019590,0,2497636.4488904974,False
0,titan_019591,2,2540675.038811847,False
0,titan_019592,2,2583766.8424910624,False
0,titan_019593,0,2626909.0126517084,False
0,titan_019594,0,2670099.003000404,False
0,titan_019595,0,2713334.2965382766,False
0,titan_019596,0,2756612.565460318,False
0,titan_019597,0,2799931.57372659,False
0,titan_019603,2,3060594.0861118687,False
0,titan_019604,2,3104146.614601186,False
0,titan_019605,2,3147726.1366358856,False
0,titan_019606,0,3191331.389932645,False
0,titan_019607,1,3234961.0450570313,False
0,titan_019608,1,3247221.7102475897,False
0,titan_019903,0,719644.1975976836,False
0,titan_019904,0,742270.5915391578,False
0,titan_019905,0,766834.8127869028,False
0,titan_019906,1,793156.759207899,False
0,titan_019930,0,1676787.329910557,False
0,titan_019931,1,1718253.4257140735,False
0,titan_019932,1,1759874.239364227,False
0,titan_019933,1,1801638.8884272906,False
0,titan_019934,1,1843537.4351625564,False
0,titan_019935,1,1885560.78908192,False
0,titan_019936,1,1927700.5787055378,False
0,titan_019937,0,1969949.243718522,False
0,titan_019938,1,2012299.7149538272,False
0,titan_019939,1,2054745.5225308344,False
0,titan_019940,1,2097280.700444543,False
0,titan_019941,1,2139899.738986437,False
0,titan_019942,1,2182597.542281214,False
0,titan_019943,2,2225369.390327309,False
0,titan_019949,0,2483330.583181268,False
0,titan_019950,0,2526513.8245310793,False
0,titan_019951,1,2569743.447556528,False
0,titan_019952,1,2613016.9327916275,False
0,titan_019953,1,2656331.915070082,False
0,titan_019954,0,2699686.1712556914,False
0,titan_019955,0,2743077.5657332465,False
0,titan_019956,2,2786504.2135292855,False
0,titan_019962,2,3047706.1172577217,False
0,titan_019963,2,3091332.396523821,False
0,titan_019964,2,3134981.4888530257,False
0,titan_019965,2,3178652.1705682967,False
0,titan_019966,0,3222343.2734278874,False
0,titan_019967,1,3255640.732056785,False
0,titan_020261,2,658769.9432717605,False
0,titan_020262,0,680452.6051237091,False
0,titan_020263,0,704300.5800196802,False
0,titan_020264,0,730101.6108647787,False
0,titan_020265,1,757656.0751576693,False
0,titan_020289,0,1659171.8901274109,False
0,titan_020290,0,1700994.851427735,False
0,titan_020291,0,1742954.7311477016,False
0,titan_020292,0,1785041.6070895572,False
0,titan_020293,0,1827246.5963669743,False
0,titan_020294,2,1869561.426848678,False
0,titan_020295,1,1911978.692995485,False
0,titan_020296,1,1954491.446201721,False
0,titan_020297,1,1997093.4703310174,False
0,titan_020298,0,2039778.8861242263,False
0,titan_020299,1,2082542.4418542879,False
0,titan_020300,1,2125379.171064306,False
0,titan_020309,1,2513550.36861569,False
0,titan_020310,1,2556915.5424614083,False
0,titan_020311,1,2600318.206317017,False
0,titan_020312,1,2643756.3406860386,False
0,titan_020313,0,2687227.8782803947,False
0,titan_020314,0,2730731.040942312,False
0,titan_020321,2,3036001.04762919,False
0,titan_020322,2,3079700.8533268264,False
0,titan_020323,2,3123419.415369588,False
0,titan_020324,2,3167155.541102679,False
0,titan_020325,0,3210908.2602350567,False
0,titan_020326,0,3254676.4717791616,False
0,titan_020620,1,619062.8481833055,False
0,titan_020621,1,642059.6634230727,False
0,titan_020622,1,667250.3512760265,False
0,titan_020623,1,694396.0864490666,False
0,titan_020648,2,1642894.4970510476,False
0,titan_020649,0,1685064.833989226,False
0,titan_020650,0,1727354.5174508728,False
0,titan_020651,0,1769754.7767704525,False
0,titan_020652,0,1812257.6325737396,False
0,titan_020653,1,1854855.8107180558,False
0,titan_020654,1,1897542.6668906566,False
0,titan_020655,1,1940312.1204002006,False
0,titan_020656,1,1983158.5959139979,False
0,titan_020657,1,2026076.9720772756,False
0,titan_020658,0,2069062.57906052,False
0,titan_020659,1,2112110.986588197,False
0,titan_020660,1,2155218.225797354,False
0,titan_020668,1,2501800.207354561,False
0,titan_020669,1,2545297.9754540212,False
0,titan_020670,1,2588827.1962969294,False
0,titan_020671,0,2632386.0558356214,False
0,titan_020672,0,2675972.718927581,False
0,titan_020682,2,3113048.7634432316,False
0,titan_020683,2,3156850.0628784075,False
0,titan_020685,0,3244490.1827603723,False
0,titan_020978,1,558198.0898503457,False
0,titan_020979,1,580159.3703302236,False
0,titan_020980,1,604617.313342573,False
0,titan_020981,1,631281.6660459749,False
0,titan_020982,1,659884.8614036469,False
0,titan_021005,0,1543323.6995828087,False
0,titan_021006,0,1585598.7501871327,False
0,titan_021007,0,1627993.9711162439,False
0,titan_021008,0,1670499.930464435,False
0,titan_021009,0,1713108.2234593418,False
0,titan_021010,0,1755811.1138891445,False
0,titan_021011,0,1798601.5706821135,False
0,titan_021012,0,1841473.3178844224,False
0,titan_021013,0,1884420.5097894382,False
0,titan_021014,0,1927437.7987406112,False
0,titan_021015,0,1970520.4116738867,False
0,titan_021016,0,2013663.8462183883,False
0,titan_021017,0,2056863.9584864753,False
0,titan_021018,1,2100117.0567207034,False
0,titan_021019,1,2143419.610695722,False
0,titan_021026,0,2447678.554141842,False
0,titan_021027,0,2491278.0794800757,False
0,titan_021028,0,2534904.978081784,False
0,titan_021029,0,2578557.48272089,False
0,titan_021030,0,2622234.059059432,False
0,titan_021337,1,518678.7208239931,False
0,titan_021338,1,542232.4572300845,False
0,titan_021339,1,568313.3918869055,False
0,titan_021340,1,596590.0085102912,False
0,titan_021362,1,1444214.309862447,False
0,titan_021363,1,1486616.8769017344,False
0,titan_021365,0,1571773.0132081015,False
0,titan_021366,0,1614507.579175752,False
0,titan_021367,0,1657335.348134973,False
0,titan_021368,0,1700248.9990741562,False
0,titan_021369,2,1743241.9077289219,False
0,titan_021370,0,1786308.0226837988,False
0,titan_021371,2,1829441.9671464537,False
0,titan_021372,0,1872638.7201922196,False
0,titan_021373,0,1915893.7353714595,False
0,titan_021374,1,1959202.8513050638,False
0,titan_021375,1,2002562.2076686737,False
0,titan_021377,0,2089418.1009245566,False
0,titan_021378,0,2132908.380703293,False
0,titan_021379,2,2176436.463924142,False
0,titan_021380,0,2219999.7518731677,False
0,titan_021381,0,2263595.959405327,False
0,titan_021385,0,2438267.5569514353,False
0,titan_021386,2,2481997.85993825,False
0,titan_021387,0,2525749.8006311404,False
0,titan_021388,0,2569521.893324926,False
0,titan_021389,0,2613312.737875424,False
0,titan_021390,0,2657120.968548621,False
0,titan_021695,0,457749.00299766747,False
0,titan_021696,1,480151.389320472,False
0,titan_021697,1,505501.95992454304,False
0,titan_021698,1,533380.4134697816,False
0,titan_021719,1,1345544.664585224,False
0,titan_021720,1,1388099.397314119,False
0,titan_021724,0,1559413.6837647548,False
0,titan_021725,0,1602470.7328675566,False
0,titan_021726,0,1645604.294328888,False
0,titan_021727,0,1688808.1075760156,False
0,titan_021728,2,1732076.6789486064,False
0,titan_021729,0,1775404.8667011256,False
0,titan_021730,0,1818788.164991372,False
0,titan_021731,2,1862222.3056370986,False
0,titan_021732,2,1905703.5580751293,False
0,titan_021733,0,1949228.3430743036,False
0,titan_021736,0,2080033.4782394832,False
0,titan_021737,1,2123702.994746682,False
0,titan_021738,0,2167402.4511450953,False
0,titan_021739,0,2211129.6123984973,False
0,titan_021740,0,2254882.526276177,False
0,titan_021743,1,2386277.8984062043,False
0,titan_021744,1,2430116.4265170395,False
0,titan_021745,2,2473972.592247514,False
0,titan_021746,0,2517844.9661781434,False
0,titan_021747,0,2561732.3703686595,False
0,titan_021748,0,2605633.5216598776,False
0,titan_021749,2,2649547.375301041,False
0,titan_021750,2,2693472.7692462555,False
0,titan_022054,0,418473.7496340111,False
0,titan_022055,0,442875.0228715281,False
0,titan_022056,1,470248.3436790216,False
0,titan_022057,1,500105.77758062276,False
0,titan_022076,1,1247302.0795112313,False
0,titan_022077,1,1290035.602630932,False
0,titan_022078,1,1332886.8746223492,False
0,titan_022083,0,1548555.9103589791,False
0,titan_022084,0,1591916.4108656866,False
0,titan_022085,0,1635337.7328744417,False
0,titan_022086,0,1678814.718163355,False
0,titan_022087,0,1722342.8307868403,False
0,titan_022088,0,1765917.92463344,False
0,titan_022089,0,1809536.23528617,False
0,titan_022090,0,1853194.3791555415,False
0,titan_022091,0,1896889.1411928425,False
0,titan_022096,0,2115820.486841453,False
0,titan_022097,0,2159682.547445594,False
0,titan_022098,0,2203565.4040454063,False
0,titan_022101,0,2335322.858798051,False
0,titan_022102,0,2379273.4751265976,False
0,titan_022103,1,2423237.6519625178,False
0,titan_022104,0,2467214.2409057417,False
0,titan_022105,0,2511202.028984093,False
0,titan_022106,0,2555199.9949968695,False
0,titan_022107,0,2599207.128753273,False
0,titan_022108,0,2643222.4696820136,False
0,titan_022411,0,357380.5244492628,False
0,titan_022412,0,380491.0031809265,False
0,titan_022413,0,407193.44197687117,False
0,titan_022414,0,436829.440124558,False
0,titan_022433,0,1192427.500045255,False
0,titan_022434,1,1235482.883821664,False
0,titan_022440,0,1495640.2223127328,False
0,titan_022441,0,1539232.1790087987,False
0,titan_022442,0,1582874.9447605968,False
0,titan_022443,0,1626564.0353244117,False
0,titan_022444,0,1670295.4161194852,False
0,titan_022445,0,1714065.4455653664,False
0,titan_022446,0,1757870.826626399,False
0,titan_022447,0,1801708.565217546,False
0,titan_022448,0,1845575.9343697575,False
0,titan_022449,0,1889470.4432488675,False
0,titan_022455,0,2153291.554151969,False
0,titan_022456,1,2197321.268431117,False
0,titan_022457,0,2241364.089323509,False
0,titan_022459,0,2329484.140521153,False
0,titan_022460,0,2373559.0998237478,False
0,titan_022461,0,2417642.5654029655,False
0,titan_022462,0,2461733.6422198587,False
0,titan_022464,0,2549934.8151197685,False
0,titan_022465,0,2594043.1789333965,False
0,titan_022466,1,2638155.6369867297,False
0,titan_022769,0,318468.94457821216,False
0,titan_022770,0,344229.0165617954,False
0,titan_022771,0,373564.04707606166,False
0,titan_022789,0,1095295.2407794122,False
0,titan_022790,0,1138583.5139013007,False
0,titan_022791,0,1181967.7141439426,False
0,titan_022798,0,1487606.5029170113,False
0,titan_022799,0,1531471.6551895274,False
0,titan_022800,0,1575373.5313521991,False
0,titan_022801,0,1619308.703619853,False
0,titan_022802,2,1663274.0870346252,False
0,titan_022803,2,1707266.8954781892,False
0,titan_022804,2,1751284.6041584606,False
0,titan_022805,0,1795324.9174881703,False
0,titan_022806,0,1839385.7414732424,False
0,titan_022813,0,2148242.566774976,False
0,titan_022814,1,2192409.6955944737,False
0,titan_022815,1,2236584.4911450725,False
0,titan_022816,0,2280765.9624855197,False
0,titan_022817,1,2324953.174547851,False
0,titan_022818,2,2369145.242291373,False
0,titan_022819,0,2413341.325462048,False
0,titan_022822,0,2545945.841017552,False
0,titan_022823,1,2590150.3234724035,False
0,titan_022824,1,2634355.141977287,False
0,titan_023125,0,257060.4388401687,False
0,titan_023126,2,281397.49450840673,False
0,titan_023127,2,310291.79190033465,False
0,titan_023128,2,342591.89680327335,False
0,titan_023144,1,998685.6226433831,False
0,titan_023145,0,1042236.5856886323,False
0,titan_023146,0,1085874.265851816,False
0,titan_023155,0,1481187.9982611712,False
0,titan_023156,0,1525299.7780757863,False
0,titan_023157,0,1569435.8691342853,False
0,titan_023158,0,1613593.8259462246,False
0,titan_023159,0,1657771.4482322216,False
0,titan_023160,2,1701966.6176246046,False
0,titan_023161,2,1746177.5765278055,False
0,titan_023162,2,1790402.5549003829,False
0,titan_023163,0,1834640.1003193925,False
0,titan_023171,0,2188841.5850506285,False
0,titan_023172,0,2233139.0922603537,False
0,titan_023173,1,2277438.645880752,False
0,titan_023174,1,2321739.598037508,False
0,titan_023175,1,2366041.158683693,False
0,titan_023176,1,2410342.7425637706,False
0,titan_023179,1,2543240.92459547,False
0,titan_023180,1,2587536.127249835,False
0,titan_023181,1,2631828.3199358773,False
0,titan_023480,1,196851.69070975576,False
0,titan_023481,0,218812.19551357534,False
0,titan_023482,0,246996.34054457996,False
0,titan_023483,0,279527.61308051756,False
0,titan_023498,1,902686.345773528,False
0,titan_023499,1,946529.0199778345,False
0,titan_023500,1,990445.6840261131,False
0,titan_023510,0,1432093.620798614,False
0,titan_023511,0,1476407.9226082824,False
0,titan_023512,0,1520738.0239161372,False
0,titan_023513,0,1565082.0048095456,False
0,titan_023514,0,1609438.1304421672,False
0,titan_023515,0,1653804.9572384965,False
0,titan_023516,0,1698181.0488046429,False
0,titan_023517,0,1742565.0891319774,False
0,titan_023518,0,1786955.9986206025,False
0,titan_023527,1,2186626.187135715,False
0,titan_023528,0,2231036.6959889107,False
0,titan_023529,1,2275445.2902629995,False
0,titan_023530,1,2319851.483421809,False
0,titan_023531,1,2364254.6763101057,False
0,titan_023536,1,2585337.0049466547,False
0,titan_023537,1,2629365.5331126223,False
0,titan_023835,1,156797.7592717962,False
0,titan_023836,1,183665.4318695487,False
0,titan_023837,0,216542.09989234165,False
0,titan_023838,0,253096.49139949837,False
0,titan_023852,1,851608.3545849492,False
0,titan_023853,1,895824.0844811958,False
0,titan_023854,1,940087.9893915951,False
0,titan_023865,0,1428772.6508480243,False
0,titan_023866,0,1473284.8380023686,False
0,titan_023867,0,1517803.6321614438,False
0,titan_023868,0,1562327.831230749,False
0,titan_023869,0,1606856.4694499904,False
0,titan_023870,0,1651388.4958377508,False
0,titan_023871,0,1695923.112466915,False
0,titan_023872,0,1740459.4570242383,False
0,titan_023873,0,1784996.7253163306,False
0,titan_023883,1,2230223.4535120735,False
0,titan_023884,0,2274383.4640315175,False
0,titan_023885,1,2318541.722618029,False
0,titan_023891,1,2583410.4739676476,False
0,titan_023892,1,2627535.0440681796,False
0,titan_024188,0,96560.78278777297,True
0,titan_024189,0,120301.86648922772,False
0,titan_024190,1,153762.02374243914,False
0,titan_024191,2,191923.1985520119,False
0,titan_024204,0,757719.3782271014,False
0,titan_024205,0,802240.6405821961,False
0,titan_024206,0,846790.8784924175,False
0,titan_024207,0,891365.1447257451,False
0,titan_024219,0,1427155.3629766437,False
0,titan_024220,0,1471832.3543848847,False
0,titan_024221,0,1516509.1648976433,False
0,titan_024222,0,1561185.1569151198,False
0,titan_024223,0,1605859.6940922528,False
0,titan_024224,0,1650532.3099416702,False
0,titan_024225,0,1695202.4390265197,False
0,titan_024226,1,1739869.5874551658,False
0,titan_024237,1,2228737.370020195,False
0,titan_024238,1,2273016.5951063083,False
0,titan_024245,1,2577173.3699914343,False
0,titan_024246,1,2618734.865765723,False
0,titan_024541,1,57008.69293511667,True
0,titan_024542,1,91714.88748123294,True
0,titan_024543,1,132695.72785614786,False
0,titan_024555,0,665270.3583658662,False
0,titan_024556,0,710071.9174324278,False
0,titan_024557,2,754882.3673542255,False
0,titan_024558,2,799699.6112000837,False
0,titan_024572,0,1427251.064081868,False
0,titan_024573,0,1472059.0649487698,False
0,titan_024574,0,1516862.5990045057,False
0,titan_024575,0,1561661.2503494446,False
0,titan_024576,0,1606454.7427471308,False
0,titan_024577,0,1650988.0211206032,False
0,titan_024578,0,1695440.1834917546,False
0,titan_024598,1,2568363.524105222,False
0,titan_024599,0,2610101.680366373,False
0,titan_024893,1,35017.68888466599,True
0,titan_024894,1,80017.51265884753,True
0,titan_024895,1,125017.07265280707,False
0,titan_024906,0,619941.8656850487,False
0,titan_024907,0,664924.062633156,False
0,titan_024908,2,709903.6026466695,False
0,titan_024909,0,754880.3878671983,False
0,titan_024923,1,1382937.565176809,False
0,titan_024924,0,1427556.540373989,False
0,titan_024925,1,1472174.0850921602,False
0,titan_024926,0,1516789.3919012453,False
0,titan_024927,0,1561401.7048905715,False
0,titan_024928,0,1606010.4420047773,False
0,titan_024929,1,1650614.9274256928,False
0,titan_024930,0,1695214.5162286852,False
0,titan_024950,2,2560796.7514480376,False
0,titan_024951,2,2602707.687041168,False
0,titan_025244,1,57032.74070276394,True
0,titan_025245,1,91902.82120144775,True
0,titan_025255,0,532373.4229261902,False
0,titan_025256,0,577110.8058817433,False
0,titan_025257,0,621866.7237461477,False
0,titan_025258,2,666636.6443160987,False
0,titan_025259,0,711417.1156489002,False
0,titan_025274,1,1383311.6976139264,False
0,titan_025275,1,1428079.076381696,False
0,titan_025276,1,1472840.1607035606,False
0,titan_025277,1,1517594.5766783922,False
0,titan_025278,1,1562341.9158207218,False
0,titan_025279,1,1607081.7762798893,False
0,titan_025280,1,1651813.760928322,False
0,titan_025301,1,2554487.5721112797,False
0,titan_025302,1,2596567.040516209,False
0,titan_025593,0,36621.90484276368,True
0,titan_025601,0,396595.0774052788,False
0,titan_025602,0,441584.8634686741,False
0,titan_025603,0,486572.27985231805,False
0,titan_025604,0,531557.1710931933,False
0,titan_025605,0,576539.2062993792,False
0,titan_025606,0,621518.2266919627,False
0,titan_025607,2,666493.8977749342,False
0,titan_025608,0,711466.0568270731,False
0,titan_025609,0,756434.3651160151,False
0,titan_025610,0,801398.6553316154,False
0,titan_025623,1,1385443.472480943,False
0,titan_025624,1,1430322.4622734261,False
0,titan_025625,1,1475193.1268194746,False
0,titan_025626,1,1520055.235127354,False
0,titan_025627,1,1564908.376973001,False
0,titan_025628,1,1609752.3093840277,False
0,titan_025629,0,1654586.6096910334,False
0,titan_025941,0,52741.96481858372,True
0,titan_025949,0,400014.8464137529,False
0,titan_025950,0,444854.2118756081,False
0,titan_025951,0,489738.2904225337,False
0,titan_025952,1,534654.9563255531,False
0,titan_025953,1,579595.7658435573,False
0,titan_025956,1,714508.8093422301,False
0,titan_025957,1,759498.1262165863,False
0,titan_025958,1,804492.4836578018,False
0,titan_025970,0,1344368.9279101628,False
0,titan_025971,1,1389330.043565781,False
0,titan_025972,1,1434284.1197253545,False
0,titan_025973,1,1479230.5921599723,False
0,titan_025974,1,1524169.0368146277,False
0,titan_025975,0,1569099.0374411668,False
0,titan_025976,0,1613080.482153713,False
0,titan_026294,0,364509.18285347795,False
0,titan_026295,0,408477.8292335417,False
0,titan_026296,0,452689.85262263706,False
0,titan_026297,0,497079.4498327355,False
0,titan_026298,0,541601.9705485168,False
0,titan_026299,0,586226.1552355149,False
0,titan_026300,1,630929.4009324362,False
0,titan_026301,1,675695.0905748667,False
0,titan_026302,1,720510.5354485706,False
0,titan_026303,1,765365.9685816742,False
0,titan_026304,1,810253.6675387406,False
0,titan_026316,1,1349966.188513952,False
0,titan_026317,1,1393588.4011485942,False
0,titan_026318,1,1435815.7126007895,False
0,titan_026319,1,1478111.023287664,False
0,titan_026320,1,1520466.7684493437,False
0,titan_026321,0,1562876.005619814,False
0,titan_026322,0,1605332.4789877553,False
0,titan_026637,0,336394.140343525,False
0,titan_026638,0,379003.7223433492,False
0,titan_026639,0,421682.2306186707,False
0,titan_026640,0,464863.08156168804,False
0,titan_026641,0,508417.23081051774,False
0,titan_026642,0,552255.4203229517,False
0,titan_026643,0,596313.9410999294,False
0,titan_026644,0,640546.2338969405,False
0,titan_026645,1,684917.6390282619,False
0,titan_026646,1,729401.6080525687,False
0,titan_026647,1,773977.7115637014,False
0,titan_026648,1,818629.7519982851,False
0,titan_026649,1,863344.7801783081,False
0,titan_026660,1,1342923.3962344688,False
0,titan_026661,1,1385509.634601737,False
0,titan_026662,1,1428151.5495542632,False
0,titan_026663,1,1470842.1881428126,False
0,titan_026664,1,1513575.2888470676,False
0,titan_026665,1,1556345.308872543,False
0,titan_026979,0,303899.77957612235,False
0,titan_026980,0,347375.6702223587,False
0,titan_026981,0,391250.88198276696,False
0,titan_026982,0,435403.46751185134,False
0,titan_026983,0,479755.718309185,False
0,titan_026984,1,523494.40331451717,False
0,titan_026985,1,566408.8574654541,False
0,titan_026986,0,609690.3737148296,False
0,titan_026987,0,653264.9549396012,False
0,titan_026988,0,697076.4752316345,False
0,titan_026989,1,741081.7180017567,False
0,titan_026990,1,784931.0234383715,False
0,titan_026991,1,826417.7782780089,False
0,titan_027002,0,1293207.6457098252,False
0,titan_027003,1,1336155.9371102764,False
0,titan_027004,1,1379146.81570666,False
0,titan_027005,0,1422174.312068049,False
0,titan_027006,1,1465232.9125626916,False
0,titan_027007,1,1508317.7960437639,False
0,titan_027008,1,1551424.4741556924,False
0,titan_027319,0,280206.97543228965,False
0,titan_027320,0,320730.1740545711,False
0,titan_027321,0,362407.24923117534,False
0,titan_027323,1,446340.2328672018,False
0,titan_027324,0,485034.94859337946,False
0,titan_027325,0,524597.3070770525,False
0,titan_027326,0,564843.2617448214,False
0,titan_027327,0,605634.7365595632,False
0,titan_027328,0,646866.684880912,False
0,titan_027329,1,688458.0804312647,False
0,titan_027330,0,730345.5924597534,False
0,titan_027331,1,772479.0964185419,False
0,titan_027332,1,814818.4487173702,False
0,titan_027336,1,985665.3671399391,False
0,titan_027343,0,1287830.1873041934,False
0,titan_027344,1,1331167.98525621,False
0,titan_027345,0,1374530.0108956662,False
0,titan_027346,2,1417911.7140424196,False
0,titan_027347,0,1461308.9889754278,False
0,titan_027348,0,1504718.1087419887,False
0,titan_027656,0,199444.3028885039,False
0,titan_027657,0,234168.98988325617,False
0,titan_027658,0,271765.70604615135,False
0,titan_027659,2,310916.0321418677,False
0,titan_027662,0,426418.11062933045,False
0,titan_027663,0,466990.5402001014,False
0,titan_027664,0,508187.8314330801,False
0,titan_027665,0,549867.6303776959,False
0,titan_027666,0,591926.091388077,False
0,titan_027667,0,634285.8156062643,False
0,titan_027668,1,676888.2357743857,False
0,titan_027669,0,719688.1794620676,False
0,titan_027670,1,762650.3289228486,False
0,titan_027671,1,805746.5330868858,False
0,titan_027682,1,1284297.3254319513,False
0,titan_027683,0,1327986.2352116548,False
0,titan_027684,0,1371683.6217515643,False
0,titan_027685,0,1415386.2638257348,False
0,titan_027686,0,1459091.1073707708,False
0,titan_027991,2,136309.217596659,False
0,titan_027992,2,172403.8663584949,False
0,titan_027993,2,211794.6670582871,False
0,titan_027994,0,249448.80513824805,False
0,titan_027999,0,452812.1568083721,False
0,titan_028000,0,495443.27119911887,False
0,titan_028001,0,538366.6226994322,False
0,titan_028002,0,581515.4139884152,False
0,titan_028003,1,624840.7066675927,False
0,titan_028004,1,668306.0093251899,False
0,titan_028005,1,711883.4895301568,False
0,titan_028006,0,755551.4076953949,False
0,titan_028007,0,799292.6922315239,False
0,titan_028017,0,1238629.9498585658,False
0,titan_028018,0,1282631.495211124,False
0,titan_028019,0,1326631.0702847445,False
0,titan_028020,2,1370626.2952387887,False
0,titan_028021,0,1414614.982905086,False
0,titan_028022,2,1458594.9848314305,False
0,titan_028324,2,73130.50204765063,True
0,titan_028325,0,111923.18313791137,False
0,titan_028326,0,150881.9719513865,False
0,titan_028327,0,188615.7115138338,False
0,titan_028333,0,442873.93078640796,False
0,titan_028334,0,486654.606289513,False
0,titan_028335,0,530569.5362506347,False
0,titan_028336,0,574585.5776765364,False
0,titan_028337,0,618678.8583355233,False
0,titan_028338,0,662831.649777131,False
0,titan_028339,0,707030.3453297968,False
0,titan_028340,1,751264.5058721894,False
0,titan_028341,1,795525.7029447637,False
0,titan_028351,0,1238566.8740379782,False
0,titan_028352,1,1282847.6806415396,False
0,titan_028353,0,1327116.0501812065,False
0,titan_028354,0,1371370.3396981969,False
0,titan_028355,0,1415609.1082143413,False
0,titan_028356,0,1459830.9795640155,False
0,titan_028656,0,55117.22400655173,True
0,titan_028657,0,88883.84550966333,True
0,titan_028665,0,437467.94135197875,False
0,titan_028666,0,482041.61862843257,False
0,titan_028667,0,526644.4983319362,False
0,titan_028668,0,571267.2511192152,False
0,titan_028669,0,615903.1484870402,False
0,titan_028670,0,660546.9805834196,False
0,titan_028671,0,705194.658046312,False
0,titan_028672,0,749842.9992657659,False
0,titan_028673,1,794489.2218831673,False
0,titan_028683,0,1240439.6303976167,False
0,titan_028684,0,1284953.3966532194,False
0,titan_028685,1,1329447.7324842713,False
0,titan_028686,0,1373921.6623391607,False
0,titan_028687,0,1418374.0978157625,False
0,titan_028985,0,31876.56579557279,True
0,titan_028994,0,436765.8105407659,False
0,titan_028995,0,481727.8741223302,False
0,titan_028996,0,526682.0508075755,False
0,titan_028997,0,571627.629571427,False
0,titan_028998,0,616563.8534009228,False
0,titan_028999,0,661489.9596338053,False
0,titan_029000,0,706405.1794830989,False
0,titan_029001,1,751308.7375545012,False
0,titan_029002,1,796199.8920898271,False
0,titan_029012,0,1244248.3847932909,False
0,titan_029013,0,1288948.417929773,False
0,titan_029014,1,1333625.8713925253,False
0,titan_029015,1,1378279.8616002363,False
0,titan_029016,0,1422909.3682595973,False
0,titan_029321,0,440793.5306157713,False
0,titan_029322,0,485725.575999004,False
0,titan_029323,0,530685.6206401637,False
0,titan_029324,0,575664.3842974011,False
0,titan_029325,0,620655.0087966699,False
0,titan_029326,0,665652.3064407638,False
0,titan_029327,0,710652.0804724888,False
0,titan_029328,0,755651.0348078131,False
0,titan_029329,1,800646.3907314449,False
0,titan_029338,0,1205123.9083621402,False
0,titan_029339,0,1249984.984991076,False
0,titan_029340,0,1294825.1462189597,False
0,titan_029341,0,1335916.36826344,False
0,titan_029342,0,1376556.9969199426,False
0,titan_029645,0,449427.6836214673,False
0,titan_029646,0,493934.1632498625,False
0,titan_029647,0,538571.3014224039,False
0,titan_029648,0,583306.1416395097,False
0,titan_029649,1,628114.9459664967,False
0,titan_029650,0,672979.8944428893,False
0,titan_029651,0,717887.5225007115,False
0,titan_029652,1,762827.1736486494,False
0,titan_029662,0,1204377.1624154407,False
0,titan_029663,0,1245311.263398351,False
0,titan_029664,0,1286337.752318801,False
0,titan_029665,0,1327443.7523856387,False
0,titan_029666,0,1368617.5984680483,False
0,titan_029966,0,462414.1758438095,False
0,titan_029967,0,506153.23812472203,False
0,titan_029968,2,550176.9898590872,False
0,titan_029969,0,594419.1575758319,False
0,titan_029970,0,638831.2500617219,False
0,titan_029971,0,683377.088235493,False
0,titan_029972,0,728028.9260777482,False
0,titan_029973,0,772765.1849623531,False
0,titan_029983,0,1196039.1160075201,False
0,titan_029984,0,1237556.2411476579,False
0,titan_029985,0,1279137.476315709,False
0,titan_029986,0,1320772.1891635535,False
0,titan_030284,0,476598.9403976979,False
0,titan_030285,2,520460.2692169538,False
0,titan_030286,2,564581.6470998998,False
0,titan_030287,0,608818.8340663045,False
0,titan_030288,2,652649.6030893263,False
0,titan_030289,2,693287.8725537382,False
0,titan_030290,0,733518.383832082,False
0,titan_030291,0,774080.9537885223,False
0,titan_030300,0,1147631.8731514523,False
0,titan_030301,0,1189646.6887057475,False
0,titan_030302,0,1231709.1121022345,False
0,titan_030303,0,1273809.6202585902,False
0,titan_030304,0,1315939.5593144987,False
0,titan_030599,0,478974.59895555687,False
0,titan_030600,2,517997.20186501177,False
0,titan_030601,2,557708.111913862,False
0,titan_030602,0,597966.0331161952,False
0,titan_030603,0,638663.2898054846,False
0,titan_030604,0,679716.544360429,False
0,titan_030605,0,721060.5811662285,False
0,titan_030606,0,762643.633969447,False
0,titan_030615,0,1142697.6978524409,False
0,titan_030616,0,1185241.7994835547,False
0,titan_030617,0,1227807.961385089,False
0,titan_030618,0,1270388.7243509735,False
0,titan_030911,0,461375.831997211,False
0,titan_030912,2,502136.93247604754,False
0,titan_030913,0,543382.0873304603,False
0,titan_030914,0,585004.3999987007,False
0,titan_030915,0,626924.1431136942,False
0,titan_030916,0,669080.6863278662,False
0,titan_030917,0,711427.2366710707,False
0,titan_030918,0,753926.9164759963,False
0,titan_030926,0,1096813.7425756385,False
0,titan_030927,0,1139832.9234074312,False
0,titan_030928,0,1182857.9935885367,False
0,titan_030929,0,1225784.6546875124,False
0,titan_030930,0,1267044.9118498797,False
0,titan_031220,0,447745.4205747939,False
0,titan_031221,0,490043.5652258836,False
0,titan_031222,0,532631.5749639773,False
0,titan_031223,0,575440.2246805339,False
0,titan_031224,0,618418.7796988569,False
0,titan_031225,0,661529.0320411661,False
0,titan_031226,0,704741.7479198809,False
0,titan_031227,0,748034.0111925139,False
0,titan_031235,0,1095311.9597843299,False
0,titan_031236,0,1136991.5002419734,False
0,titan_031237,0,1178723.5606439207,False
0,titan_031238,0,1220496.7169827998,False
0,titan_031526,0,438458.6008448808,False
0,titan_031527,0,482006.3116121253,False
0,titan_031528,0,525682.1869762882,False
0,titan_031529,0,569451.5183046117,False
0,titan_031530,2,613288.9999027016,False
0,titan_031531,0,657175.5899582017,False
0,titan_031532,2,701096.7011808683,False
0,titan_031541,0,1090344.1367981944,False
0,titan_031542,0,1132607.957167009,False
0,titan_031543,0,1174895.1935217022,False
0,titan_031544,0,1217197.0351836155,False
0,titan_031820,2,52987.96242808173,True
0,titan_031829,0,433800.07714425185,False
0,titan_031830,0,478235.8967588632,False
0,titan_031831,0,522692.25981875934,False
0,titan_031832,0,567158.7720042238,False
0,titan_031833,0,611627.5813195909,False
0,titan_031834,0,656092.5134059621,False
0,titan_031835,0,700548.5349567774,False
0,titan_031843,0,1044751.9273111913,False
0,titan_031844,0,1087541.8482905794,False
0,titan_031845,0,1130337.1599180365,False
0,titan_031846,0,1173130.6163591004,False
0,titan_032119,2,29171.724049314696,True
0,titan_032120,0,74170.56483351541,True
0,titan_032121,2,119166.69408089819,False
0,titan_032127,2,388994.1102837644,False
0,titan_032128,0,433924.93917053455,False
0,titan_032129,2,478839.7578948458,False
0,titan_032130,2,523736.8727077106,False
0,titan_032131,0,568614.6164642423,False
0,titan_032132,0,611522.828370232,False
0,titan_032133,0,654492.4555454787,False
0,titan_032134,0,697563.1189656398,False
0,titan_032142,0,1043647.357918251,False
0,titan_032143,0,1086935.444700936,False
0,titan_032144,0,1130205.879556962,False
0,titan_032145,0,1173453.556949425,False
0,titan_032415,0,46290.89899277184,True
0,titan_032416,2,87077.37208115346,True
0,titan_032417,2,127994.84711708089,False
0,titan_032418,2,171117.0442092341,False
0,titan_032419,0,215117.53553583042,False
0,titan_032422,0,346000.4308846624,False
0,titan_032423,0,389007.67105292296,False
0,titan_032424,0,432273.674028128,False
0,titan_032425,0,475721.57254305837,False
0,titan_032426,2,519299.30737508327,False
0,titan_032427,0,562970.3122036812,False
0,titan_032428,0,606707.8077067188,False
0,titan_032429,0,650491.78245369,False
0,titan_032438,0,1044821.2655437607,False
0,titan_032439,0,1088543.308818721,False
0,titan_032440,0,1131896.2305899893,False
0,titan_032707,2,50719.12901380958,True
0,titan_032708,2,81624.8056295487,True
0,titan_032709,2,121444.6174237521,False
0,titan_032710,0,163797.39073945477,False
0,titan_032711,0,207130.10613012276,False
0,titan_032712,0,250930.04453867298,False
0,titan_032715,0,383477.1565827266,False
0,titan_032716,0,427825.45477192255,False
0,titan_032717,0,472207.27490335994,False
0,titan_032718,0,516607.1693475187,False
0,titan_032719,0,561013.9344602805,False
0,titan_032720,0,605419.0523755809,False
0,titan_032721,0,649815.7690419095,False
0,titan_032729,0,1002617.8372180697,False
0,titan_032730,0,1045163.0326093149,False
0,titan_032731,0,1087711.5695741351,False
0,titan_032732,0,1130254.9610043918,False
0,titan_032995,2,23538.403053885162,True
0,titan_032996,2,68537.23699276331,True
0,titan_032997,0,113532.9482404739,False
0,titan_032998,0,158523.48457238133,False
0,titan_032999,0,203506.82638556248,False
0,titan_033000,0,248480.8433317675,False
0,titan_033001,0,293443.50646582607,False
0,titan_033002,0,338392.7448574789,False
0,titan_033003,0,383326.47996938776,False
0,titan_033004,0,428242.6599648606,False
0,titan_033005,0,473139.116533564,False
0,titan_033006,0,518013.7766886442,False
0,titan_033007,0,562864.5195447601,False
0,titan_033008,0,607689.2460201031,False
0,titan_033009,2,652485.7359173638,False
0,titan_033017,0,1001584.2691638722,False
0,titan_033018,0,1044674.9209263975,False
0,titan_033019,0,1087742.9753934895,False
0,titan_033280,2,28769.328470988617,True
0,titan_033281,2,73767.79614763145,True
0,titan_033282,0,118762.65196858806,False
0,titan_033283,0,163751.72540786822,False
0,titan_033284,0,208732.7374560392,False
0,titan_033285,0,253703.50980794328,False
0,titan_033286,0,298661.8583657523,False
0,titan_033287,0,343605.48688095936,False
0,titan_033288,0,388532.1959840755,False
0,titan_033289,0,433439.77671869646,False
0,titan_033290,2,478325.90430513193,False
0,titan_033291,0,522603.4681369657,False
0,titan_033292,5,566183.2778221655,False
0,titan_033293,0,609822.0770054588,False
0,titan_033294,0,653499.7519411948,False
0,titan_033301,0,959320.4522729972,False
0,titan_033302,0,1002925.2216111695,False
0,titan_033303,0,1046491.8816135228,False
0,titan_033304,0,1090015.969558605,False
0,titan_033561,2,30142.64530163178,True
0,titan_033562,2,75140.93115814653,True
0,titan_033563,0,120135.26566187316,False
0,titan_033564,0,165123.27995352363,False
0,titan_033565,0,210102.6016434734,False
0,titan_033566,0,254871.1735563644,False
0,titan_033567,0,298899.15767588007,False
0,titan_033568,0,343065.69934823917,False
0,titan_033569,0,387315.48187088664,False
0,titan_033570,0,431614.7843653139,False
0,titan_033571,5,475941.492339366,False
0,titan_033572,5,520280.17017915496,False
0,titan_033573,5,564619.4404090717,False
0,titan_033574,5,608950.5023959349,False
0,titan_033582,0,962624.4406072075,False
0,titan_033583,0,1006648.6829427502,False
0,titan_033584,0,1050620.0159053286,False
0,titan_033838,2,27712.937384686964,True
0,titan_033839,2,72711.23227040091,True
0,titan_033840,2,117705.45672486896,False
0,titan_033841,0,162692.99984507024,False
0,titan_033842,0,207671.38331861736,False
0,titan_033843,0,252637.98747875175,False
0,titan_033844,0,297590.3223627908,False
0,titan_033845,0,342525.7538853031,False
0,titan_033846,0,387441.7747278701,False
0,titan_033847,0,432335.76467593684,False
0,titan_033848,0,477205.09133498056,False
0,titan_033849,0,522047.2105372507,False
0,titan_033850,5,566859.4270852883,False
0,titan_033851,0,611639.1649282981,False
0,titan_033852,0,656383.6942072819,False
0,titan_033859,0,968382.5276431136,False
0,titan_033860,0,1012747.1499889365,False
0,titan_033861,0,1055259.2596860698,False
0,titan_034111,0,52919.134828924514,True
0,titan_034112,2,85918.45947788106,True
0,titan_034113,0,126786.41062403719,False
0,titan_034114,0,169931.76694444625,False
0,titan_034115,0,213974.2294860345,False
0,titan_034116,0,258447.79698608306,False
0,titan_034117,0,303154.5372526022,False
0,titan_034118,0,347995.9796035519,False
0,titan_034119,0,392917.1147271431,False
0,titan_034120,0,437884.3319691992,False
0,titan_034121,3,482875.392973512,False
0,titan_034122,5,527874.7575217832,False
0,titan_034123,0,572870.8579286058,False
0,titan_034124,0,617854.6684203953,False
0,titan_034125,0,662818.8351851373,False
0,titan_034126,0,707757.1371021623,False
0,titan_034131,0,930031.7416319639,False
0,titan_034132,0,968227.6561100504,False
0,titan_034133,0,1006605.6410800754,False
0,titan_034381,2,149521.30640901768,False
0,titan_034382,0,188035.2727242146,False
0,titan_034383,0,229194.0553676496,False
0,titan_034384,5,271790.884896656,False
0,titan_034385,0,315234.8059568613,False
0,titan_034386,0,359209.6962250157,False
0,titan_034387,3,403532.77754998015,False
0,titan_034388,3,448091.15045514674,False
0,titan_034389,0,492811.26436785876,False
0,titan_034390,0,537642.8479497578,False
0,titan_034391,0,582549.9964227709,False
0,titan_034392,0,627506.2528163592,False
0,titan_034393,2,672491.4076604061,False
0,titan_034394,0,717489.447682161,False
0,titan_034395,0,762487.4848832921,False
0,titan_034396,0,803065.8916909036,False
0,titan_034399,0,919422.4761664402,False
0,titan_034400,0,958574.8184813713,False
0,titan_034401,0,997855.9032511518,False
0,titan_034647,0,251723.03278351517,False
0,titan_034648,0,291640.7509476982,False
0,titan_034649,0,333129.9134784703,False
0,titan_034650,0,375661.0770371242,False
0,titan_034651,0,418907.45729897113,False
0,titan_034652,3,462658.59197301674,False
0,titan_034653,0,506773.62568867387,False
0,titan_034654,0,551154.7884956589,False
0,titan_034655,0,595732.0085116139,False
0,titan_034656,0,635775.7834859972,False
0,titan_034657,0,674284.7898068539,False
0,titan_034658,0,713174.7887022697,False
0,titan_034659,0,752375.2526281803,False
0,titan_034660,0,791828.4167115465,False
0,titan_034661,0,831486.4860008633,False
0,titan_034662,0,871309.5297849237,False
0,titan_034663,0,911263.7386915759,False
0,titan_034664,0,951320.3459834236,False
0,titan_034908,0,316782.29098440753,False
0,titan_034909,0,355971.059411199,False
0,titan_034910,0,394249.77256966697,False
0,titan_034911,0,430121.2827171361,False
0,titan_034912,3,467141.55904731515,False
0,titan_034913,3,505047.1656584663,False
0,titan_034914,0,543641.7921889166,False
0,titan_034915,0,582777.0037868876,False
0,titan_034916,0,622339.0988794554,False
0,titan_034917,0,662239.5122319433,False
0,titan_034918,0,702408.4215101672,False
0,titan_034919,0,742789.8056337978,False
0,titan_034920,0,783338.2760292687,False
0,titan_034921,0,824016.4008368455,False
0,titan_034922,4,864792.9649869441,False
0,titan_034923,0,905641.695621619,False
0,titan_034924,0,946540.0319342321,False
0,titan_035164,0,299999.71214875724,False
0,titan_035165,0,335606.6721287531,False
0,titan_035166,0,372812.9685713217,False
0,titan_035167,0,411173.61323543644,False
0,titan_035168,0,450382.1706822643,False
0,titan_035169,0,490223.33534266753,False
0,titan_035170,0,530542.3089205452,False
0,titan_035171,0,571225.3609013447,False
0,titan_035172,0,612187.1011151994,False
0,titan_035173,0,653362.0890377412,False
0,titan_035174,0,694699.1585275998,False
0,titan_035175,0,736157.6624611533,False
0,titan_035176,0,777704.5978851338,False
0,titan_035177,0,819312.8029344829,False
0,titan_035178,0,860959.5439129518,False
0,titan_035179,0,902625.4724365475,False
0,titan_035180,0,944293.988714003,False
0,titan_035181,0,985950.500524349,False
0,titan_035182,0,1027582.1078953266,False
0,titan_035414,0,240019.4222028854,False
0,titan_035415,0,277207.6821018346,False
0,titan_035416,0,316035.67059476016,False
0,titan_035417,0,355955.520903824,False
0,titan_035418,0,396625.38190872205,False
0,titan_035419,0,437823.5646215112,False
0,titan_035420,0,479400.7875645723,False
0,titan_035421,0,521252.931446799,False
0,titan_035422,0,563305.1165394579,False
0,titan_035423,0,605501.7609753548,False
0,titan_035424,0,647800.5534603922,False
0,titan_035425,0,690168.4208324086,False
0,titan_035426,0,732579.0029981039,False
0,titan_035427,0,775010.6812848011,False
0,titan_035428,0,817445.4444099723,False
0,titan_035429,0,859867.9437969002,False
0,titan_035430,0,902264.9696106467,False
0,titan_035431,0,944624.8065466497,False
0,titan_035432,0,986937.0000490922,False
0,titan_035433,0,1029192.0339331958,False
0,titan_035434,0,1071381.2438503786,False
0,titan_035435,0,1110426.329800834,False
0,titan_035661,0,219565.9566559089,False
0,titan_035662,0,260385.73023498087,False
0,titan_035663,0,302096.2693507715,False
0,titan_035664,0,344361.0512208269,False
0,titan_035665,0,386984.94738047133,False
0,titan_035666,0,429847.2320059627,False
0,titan_035667,0,472868.8266921614,False
0,titan_035671,0,645660.1995345696,False
0,titan_035672,0,688899.655637807,False
0,titan_035673,0,732120.4767133652,False
0,titan_035674,0,775310.0735245837,False
0,titan_035675,0,818457.6203800612,False
0,titan_035676,0,861553.5072089052,False
0,titan_035677,0,904589.0598438324,False
0,titan_035678,0,947556.3439432862,False
0,titan_035679,0,990447.8828938827,False
0,titan_035680,0,1027905.1669435316,False
0,titan_035681,0,1065433.305410133,False
0,titan_035682,0,1103028.754913413,False
0,titan_035683,0,1140668.7383314073,False
0,titan_035684,0,1178332.6445629932,False
0,titan_035685,0,1216001.835249048,False
0,titan_035899,0,51029.791105144184,True
0,titan_035900,0,82049.56753077806,True
0,titan_035903,0,207132.39303130054,False
0,titan_035904,0,250746.9663842958,False
0,titan_035905,0,294599.1129412705,False
0,titan_035906,0,338582.2915176041,False
0,titan_035907,0,382636.5919007903,False
0,titan_035908,0,426724.88595861406,False
0,titan_035909,0,470822.2421021556,False
0,titan_035915,0,734811.7657420209,False
0,titan_035916,0,778624.3121638099,False
0,titan_035917,0,822364.7784940682,False
0,titan_035918,0,866027.0385147068,False
0,titan_035919,0,906336.5540555645,False
0,titan_035920,0,944508.330872974,False
0,titan_035921,0,982778.0471616256,False
0,titan_035922,0,1021117.7905269654,False
0,titan_035923,0,1059502.8944445634,False
0,titan_035924,0,1097911.4057829848,False
0,titan_035925,0,1136323.5321041215,False
0,titan_035926,0,1174721.4261810405,False
0,titan_035927,0,1213088.7840248682,False
0,titan_035928,0,1251410.6227358265,False
0,titan_035929,0,1289673.1009721616,False
0,titan_035930,0,1325547.9930238584,False
0,titan_035931,1,1360928.2742617014,False
0,titan_035932,1,1393981.1636395967,False
0,titan_035945,0,1736231.193332364,False
0,titan_036136,0,24271.200117774228,True
0,titan_036137,3,69268.42088876912,True
0,titan_036138,3,114258.28670584898,False
0,titan_036139,0,159236.01548508555,False
0,titan_036140,0,204196.8190180586,False
0,titan_036141,3,249135.9005585115,False
0,titan_036142,0,294048.4524075069,False
0,titan_036143,0,338929.65349672845,False
0,titan_036144,0,383774.6669695705,False
0,titan_036145,0,428578.6377597078,False
0,titan_036152,0,740644.4671522578,False
0,titan_036153,0,782412.8646052786,False
0,titan_036154,0,821236.871009815,False
0,titan_036155,0,860197.2224013467,False
0,titan_036156,0,899258.4923564348,False
0,titan_036157,0,938390.1872458517,False
0,titan_036158,0,977565.7835385178,False
0,titan_036159,0,1016761.9746469258,False
0,titan_036160,0,1055958.0771371315,False
0,titan_036161,0,1095135.559050179,False
0,titan_036162,0,1134277.6624883772,False
0,titan_036163,0,1173369.0995041097,False
0,titan_036164,0,1212395.8053984519,False
0,titan_036165,0,1248789.7862089493,False
0,titan_036166,0,1284895.6633790438,False
0,titan_036167,0,1320541.4216237469,False
0,titan_036168,0,1350081.5874129054,False
0,titan_036169,2,1379695.3464009461,False
0,titan_036170,2,1409361.2925969686,False
0,titan_036171,2,1439059.2853835472,False
0,titan_036172,0,1468770.329398604,False
0,titan_036173,0,1498476.466013894,False
0,titan_036174,2,1528160.6753639744,False
0,titan_036175,0,1556798.575599815,False
0,titan_036176,0,1580893.2795597077,False
0,titan_036177,0,1605000.6446659423,False
0,titan_036178,0,1629104.9935739941,False
0,titan_036179,0,1653191.248782938,False
0,titan_036180,0,1676255.1247400027,False
0,titan_036181,0,1693384.8459140302,False
0,titan_036182,0,1708982.3500419608,False
0,titan_036369,0,32058.439693228505,True
0,titan_036370,3,77054.44321966462,True
0,titan_036371,3,122041.69029944541,False
0,titan_036372,3,167014.98880219788,False
0,titan_036373,0,211164.0361449456,False
0,titan_036374,0,255714.56011525844,False
0,titan_036375,0,300494.56109409954,False
0,titan_036376,0,345398.5340053352,False
0,titan_036377,0,390366.8302432723,False
0,titan_036378,0,435362.31782098935,False
0,titan_036379,0,480359.70455756696,False
0,titan_036380,0,525340.6488162612,False
0,titan_036381,0,570290.8256867948,False
0,titan_036382,0,614693.651201247,False
0,titan_036384,0,695474.944449312,False
0,titan_036385,0,735144.1594917031,False
0,titan_036386,0,774952.645602311,False
0,titan_036387,0,814861.1790275396,False
0,titan_036389,0,894851.3862265411,False
0,titan_036390,0,934880.551059292,False
0,titan_036391,0,974903.0440761707,False
0,titan_036392,0,1014899.9450149082,False
0,titan_036393,0,1054854.398065707,False
0,titan_036394,0,1094751.0413588122,False
0,titan_036395,0,1134392.7743038302,False
0,titan_036396,0,1171286.8167028488,False
0,titan_036397,0,1208158.2318655185,False
0,titan_036398,0,1244989.1809600214,False
0,titan_036399,0,1276415.8075863095,False
0,titan_036400,0,1306626.633043728,False
0,titan_036401,0,1336901.5657632991,False
0,titan_036402,2,1367218.4607905652,False
0,titan_036403,2,1397556.4770977758,False
0,titan_036404,0,1427896.0913338556,False
0,titan_036405,0,1458218.819397288,False
0,titan_036406,0,1488507.2580775996,False
0,titan_036407,0,1514521.2185498683,False
0,titan_036408,0,1539134.8570264026,False
0,titan_036409,0,1563753.6305384268,False
0,titan_036410,0,1588361.203460367,False
0,titan_036411,0,1612941.8356279694,False
0,titan_036412,0,1633380.8476679814,False
0,titan_036413,0,1650879.8348971186,False
0,titan_036414,0,1668060.3022325127,False
0,titan_036597,0,36715.55300516478,True
0,titan_036598,3,81710.53835679141,True
0,titan_036599,3,126695.5441456106,False
0,titan_036600,0,171664.99788404375,False
0,titan_036601,0,216613.43085326147,False
0,titan_036602,3,261535.25276356773,False
0,titan_036603,3,306424.97160848835,False
0,titan_036604,3,351276.9685620559,False
0,titan_036605,3,396085.71754347754,False
0,titan_036606,0,440133.6796838375,False
0,titan_036607,2,483841.1942808145,False
0,titan_036608,0,526336.7634678241,False
0,titan_036609,0,567076.6365412591,False
0,titan_036610,0,607477.5876955802,False
0,titan_036611,0,648066.7512359538,False
0,titan_036612,0,688791.2391867719,False
0,titan_036613,0,729608.4362762113,False
0,titan_036614,0,770483.520711386,False
0,titan_036615,0,811387.3561875304,False
0,titan_036616,0,852295.3173258378,False
0,titan_036617,0,893186.0776636499,False
0,titan_036618,0,934041.0615831242,False
0,titan_036619,0,974843.676615121,False
0,titan_036620,0,1015579.084783399,False
0,titan_036621,0,1055291.9459342333,False
0,titan_036622,0,1092996.056929964,False
0,titan_036623,0,1130675.5222829154,False
0,titan_036624,0,1168311.6386741821,False
0,titan_036625,0,1201892.4013357873,False
0,titan_036626,2,1232731.472730016,False
0,titan_036627,2,1263648.0103433337,False
0,titan_036628,2,1294617.3923981476,False
0,titan_036629,2,1325616.754105361,False
0,titan_036630,0,1356624.652251492,False
0,titan_036631,0,1387621.0571663682,False
0,titan_036632,0,1418587.0561220478,False
0,titan_036633,0,1447549.574394571,False
0,titan_036634,0,1472694.5578725955,False
0,titan_036635,0,1497853.8599517436,False
0,titan_036636,0,1523009.6183538402,False
0,titan_036637,0,1548144.7474785193,False
0,titan_036638,4,1572975.7433351444,False
0,titan_036639,0,1590846.2046005356,False
0,titan_036640,0,1608734.7827361636,False
0,titan_036820,0,38309.91188101875,True
0,titan_036821,0,83304.25828789655,True
0,titan_036822,0,128287.63828418667,False
0,titan_036823,0,173254.122043566,False
0,titan_036824,2,218197.77164795605,False
0,titan_036825,3,262895.9249315814,False
0,titan_036826,3,306694.55010848574,False
0,titan_036827,3,350593.8620883803,False
0,titan_036828,3,393636.5934033035,False
0,titan_036829,0,435897.5614693131,False
0,titan_036830,0,477065.0247914822,False
0,titan_036831,0,518485.4745958686,False
0,titan_036832,0,560082.2748703683,False
0,titan_036833,0,601798.0210303273,False
0,titan_036834,0,643588.4599816926,False
0,titan_036835,0,685418.5494363421,False
0,titan_036836,0,727259.8359780412,False
0,titan_036837,0,769088.6686169239,False
0,titan_036838,0,810884.9551084584,False
0,titan_036839,0,852631.2790432512,False
0,titan_036840,0,894312.261803251,False
0,titan_036841,0,935914.0939190582,False
0,titan_036842,0,975323.1377241586,False
0,titan_036843,0,1013884.1675254337,False
0,titan_036844,0,1052416.5273520418,False
0,titan_036845,0,1090900.8496195562,False
0,titan_036846,0,1126429.0321573683,False
0,titan_036847,0,1157930.1569782184,False
0,titan_036848,2,1189523.6470297638,False
0,titan_036849,2,1221182.0730331305,False
0,titan_036850,2,1252880.073446233,False
0,titan_036851,2,1284594.1130508056,False
0,titan_036852,2,1316302.2713408044,False
0,titan_036853,0,1347984.0569918207,False
0,titan_036854,0,1379620.245114451,False
0,titan_036855,0,1405617.9793753892,False
0,titan_036856,0,1431345.8018344406,False
0,titan_036857,0,1457078.6855317475,False
0,titan_036858,0,1482797.997791537,False
0,titan_036859,0,1508485.9580147394,False
0,titan_036860,0,1530384.3231483176,False
0,titan_036861,0,1548670.68192138,False
0,titan_037038,0,36909.86497104544,True
0,titan_037039,0,81904.06211800488,True
0,titan_037040,0,126886.63557946483,False
0,titan_037041,2,171759.5554971426,False
0,titan_037042,0,214925.38848136982,False
0,titan_037043,0,258480.50712681882,False
0,titan_037044,0,301801.87532968645,False
0,titan_037045,0,343806.0534364916,False
0,titan_037046,0,386150.27057732514,False
0,titan_037047,0,428712.69193188206,False
0,titan_037048,0,471412.5553685942,False
0,titan_037049,0,514193.63832558616,False
0,titan_037050,0,557014.8062408846,False
0,titan_037051,0,599844.8396313185,False
0,titan_037052,0,642658.9709449991,False
0,titan_037053,0,685437.034140403,False
0,titan_037054,0,728161.9272826747,False
0,titan_037055,0,770818.9216870302,False
0,titan_037056,0,813394.8471807509,False
0,titan_037057,0,854987.5381190309,False
0,titan_037058,0,894467.8560329003,False
0,titan_037059,0,933934.9151847292,False
0,titan_037060,0,973366.5562165633,False
0,titan_037061,0,1012743.0578547993,False
0,titan_037062,0,1049936.8911954255,False
0,titan_037063,0,1082136.819718141,False
0,titan_037064,0,1114445.8569325197,False
0,titan_037065,2,1146833.2044125148,False
0,titan_037066,2,1179270.563054851,False
0,titan_037067,2,1211731.9604561878,False
0,titan_037068,0,1244193.3158110739,False
0,titan_037069,0,1276632.3494639986,False
0,titan_037070,0,1309028.2181238132,False
0,titan_037071,0,1337837.5436828474,False
0,titan_037072,0,1364164.0107356142,False
0,titan_037073,0,1390505.2565492785,False
0,titan_037074,0,1416840.811252399,False
0,titan_037075,0,1443151.2840655562,False
0,titan_037076,0,1469418.1539264752,False
0,titan_037077,0,1488150.08115069,False
0,titan_037078,0,1506875.9908613635,False
0,titan_037251,0,32584.54594743232,True
0,titan_037252,0,77579.12357344631,True
0,titan_037253,0,122561.87694926826,False
0,titan_037254,2,164691.84950327742,False
0,titan_037255,0,207738.98388546484,False
0,titan_037256,0,251220.12074014652,False
0,titan_037257,0,294922.42212091415,False
0,titan_037258,0,338738.4461579641,False
0,titan_037259,0,382606.57167046587,False
0,titan_037260,0,426487.60898392607,False
0,titan_037261,0,470354.3705278542,False
0,titan_037262,0,514186.5468205937,False
0,titan_037263,0,557967.9643171132,False
0,titan_037264,0,601685.1543217424,False
0,titan_037265,3,645326.2923111402,False
0,titan_037266,3,688880.735970777,False
0,titan_037267,0,731847.851455802,False
0,titan_037268,0,772292.3689116339,False
0,titan_037269,0,812738.6996933878,False
0,titan_037270,0,853161.4298615445,False
0,titan_037271,0,893538.4060553613,False
0,titan_037272,0,933850.0198346691,False
0,titan_037273,0,972320.0582556621,False
0,titan_037274,2,1005259.0467520914,False
0,titan_037275,2,1038326.046210523,False
0,titan_037276,2,1071486.0956778056,False
0,titan_037277,2,1104707.4878794667,False
0,titan_037278,2,1137961.3208466927,False
0,titan_037279,2,1171221.1160395127,False
0,titan_037280,2,1204462.4927163227,False
0,titan_037281,0,1237662.8898390555,False
0,titan_037282,0,1269279.1858738768,False
0,titan_037283,0,1296236.7565405695,False
0,titan_037284,0,1323220.0875662155,False
0,titan_037285,0,1350206.6373879618,False
0,titan_037286,0,1377175.0730846324,False
0,titan_037287,0,1404105.223070225,False
0,titan_037288,0,1427122.7776406098,False
0,titan_037459,0,25403.928543180988,True
0,titan_037460,0,70399.42462741902,True
0,titan_037461,2,115383.36035691184,False
0,titan_037462,0,160348.36620768008,False
0,titan_037463,0,205286.98829884548,False
0,titan_037464,0,250191.86217004055,False
0,titan_037465,0,295055.50723000534,False
0,titan_037466,0,339870.5003992389,False
0,titan_037467,0,384629.3969251931,False
0,titan_037468,0,429324.65170492366,False
0,titan_037469,0,473948.79225977923,False
0,titan_037470,0,518494.21435363113,False
0,titan_037471,0,562953.3546691262,False
0,titan_037472,3,605795.2363339271,False
0,titan_037473,3,647260.3598670443,False
0,titan_037474,0,688739.4258067776,False
0,titan_037475,0,730203.4149708623,False
0,titan_037476,0,771627.8066608274,False
0,titan_037477,0,812991.5670965753,False
0,titan_037478,0,854276.1261981757,False
0,titan_037479,0,893475.3469893124,False
0,titan_037480,4,927197.9806826948,False
0,titan_037481,4,961069.9045505776,False
0,titan_037482,4,995051.1246151523,False
0,titan_037483,2,1029105.8228162305,False
0,titan_037484,2,1063201.6677497292,False
0,titan_037485,2,1097309.4209493329,False
0,titan_037486,2,1131402.3413030196,False
0,titan_037487,2,1165455.9481313021,False
0,titan_037488,0,1199447.6510303554,False
0,titan_037489,0,1227485.4363442794,False
0,titan_037490,0,1255147.404312309,False
0,titan_037491,0,1282822.639204264,False
0,titan_037492,0,1310487.634870752,False
0,titan_037493,0,1338120.2302673857,False
0,titan_037494,0,1365533.680784846,False
0,titan_037495,2,1385175.4977630014,False
0,titan_037662,0,51803.17060309749,True
0,titan_037663,0,84271.06228524452,True
0,titan_037664,0,125192.75746466879,False
0,titan_037665,0,168500.48863095426,False
0,titan_037666,0,212721.0464973373,False
0,titan_037667,0,257361.39018487226,False
0,titan_037668,0,302211.1632233679,False
0,titan_037669,0,347163.7598039148,False
0,titan_037670,0,391916.2581358285,False
0,titan_037671,0,434307.28709519876,False
0,titan_037672,0,476810.3585427003,False
0,titan_037673,0,519370.56067593204,False
0,titan_037674,0,561947.0782598788,False
0,titan_037675,0,604508.2722513173,False
0,titan_037676,0,647028.6606623345,False
0,titan_037677,0,689487.0299038087,False
0,titan_037678,0,731865.0920930284,False
0,titan_037679,0,774146.7849476675,False
0,titan_037680,4,813291.9958413674,False
0,titan_037681,4,847848.223316155,False
0,titan_037682,4,882577.7527094512,False
0,titan_037683,4,917434.3224064129,False
0,titan_037684,4,952377.0703080056,False
0,titan_037685,4,987369.7355069832,False
0,titan_037686,2,1022379.8357550367,False
0,titan_037687,2,1057378.0748813339,False
0,titan_037688,0,1092337.8396519509,False
0,titan_037689,0,1127234.803482003,False
0,titan_037690,2,1157823.6069513753,False
0,titan_037691,4,1186203.8585703871,False
0,titan_037692,4,1214608.8271080952,False
0,titan_037693,4,1243012.40734362,False
0,titan_037694,4,1271390.1334865824,False
0,titan_037695,2,1299719.025140747,False
0,titan_037696,2,1323455.7389672266,False
0,titan_037697,2,1343632.3904481123,False
0,titan_037699,0,1384032.5431782703,False
0,titan_037859,0,47759.238892144356,True
0,titan_037860,0,88869.12288190392,True
0,titan_037861,0,129081.05654735655,False
0,titan_037862,0,171324.6238086457,False
0,titan_037863,2,214379.37288557182,False
0,titan_037864,3,257814.29400030334,False
0,titan_037865,0,301438.694880007,False
0,titan_037866,0,345153.2572038176,False
0,titan_037867,0,388899.2622086553,False
0,titan_037868,0,432638.187441954,False
0,titan_037869,0,476342.44852040644,False
0,titan_037870,0,519990.7883310297,False
0,titan_037871,0,563565.8055141333,False
0,titan_037872,2,607052.5482302487,False
0,titan_037873,0,650437.6734820693,False
0,titan_037874,2,692594.4994789362,False
0,titan_037875,2,731652.0868572347,False
0,titan_037876,0,767099.0078344987,False
0,titan_037877,4,802746.1002871903,False
0,titan_037878,4,838539.2042547707,False
0,titan_037879,4,874431.44004853,False
0,titan_037880,0,910381.8479225407,False
0,titan_037881,4,946354.3070663529,False
0,titan_037882,4,982316.6725312533,False
0,titan_037883,4,1018240.0826839776,False
0,titan_037884,0,1054098.4006037475,False
0,titan_037885,0,1087156.1150618866,False
0,titan_037886,0,1116297.8708429183,False
0,titan_037887,4,1145477.3851235444,False
0,titan_037888,4,1174665.4987687855,False
0,titan_037889,2,1203835.0730036378,False
0,titan_037890,2,1232960.7629759614,False
0,titan_037891,2,1261053.5245062253,False
0,titan_037892,2,1281779.0148475382,False
0,titan_037893,2,1302523.3667667555,False
0,titan_037894,2,1323281.3361863366,False
0,titan_037895,0,1344031.9221861798,False
0,titan_037896,0,1364755.0049295109,False
0,titan_038051,0,32442.371757215074,True
0,titan_038052,2,77435.05720235159,True
0,titan_038053,0,122411.73030179027,False
0,titan_038054,2,167363.05584008098,False
0,titan_038055,0,212279.75833056634,False
0,titan_038056,0,257152.47838655586,False
0,titan_038057,0,301971.8622867741,False
0,titan_038058,0,346728.5117690612,False
0,titan_038059,0,391413.07319667435,False
0,titan_038060,0,436016.0946459825,False
0,titan_038061,0,480528.09215900756,False
0,titan_038062,2,524664.5810350926,False
0,titan_038063,2,567041.1476266832,False
0,titan_038064,2,608783.2591029053,False
0,titan_038065,0,648399.8371469798,False
0,titan_038066,0,684836.4386526423,False
0,titan_038067,0,721470.7538366349,False
0,titan_038068,4,758270.6657721809,False
0,titan_038069,4,795181.9703686573,False
0,titan_038070,4,832158.2514461686,False
0,titan_038071,4,869159.3285632316,False
0,titan_038072,4,906150.0716183766,False
0,titan_038073,4,943099.3183095099,False
0,titan_038074,4,979979.1925661081,False
0,titan_038075,4,1015378.1957606617,False
0,titan_038076,4,1045328.708246124,False
0,titan_038077,4,1075331.902786454,False
0,titan_038078,4,1105354.9603716515,False
0,titan_038079,4,1135367.6296285205,False
0,titan_038080,4,1165341.8256423052,False
0,titan_038081,2,1195251.4249809042,False
0,titan_038082,2,1219214.6238290612,False
0,titan_038083,2,1240535.0119807606,False
0,titan_038084,2,1261882.1080996296,False
0,titan_038085,0,1283232.4908945176,False
0,titan_038238,0,55585.711070189645,True
0,titan_038239,0,90300.38332234726,True
0,titan_038240,0,131846.7975696823,False
0,titan_038241,0,175413.3426250238,False
0,titan_038242,2,219775.0108944948,False
0,titan_038243,0,264214.83005845273,False
0,titan_038244,0,307776.57569567265,False
0,titan_038245,0,351407.6725056799,False
0,titan_038246,0,395051.91962482926,False
0,titan_038247,0,438671.4952688335,False
0,titan_038248,0,482174.7755813325,False
0,titan_038249,0,522890.485430002,False
0,titan_038250,0,563505.6713954783,False
0,titan_038251,0,600948.9878926002,False
0,titan_038252,0,638653.6049285316,False
0,titan_038253,0,676542.4477463372,False
0,titan_038254,4,714552.4536455497,False
0,titan_038255,4,752631.0729255641,False
0,titan_038256,4,790733.860747302,False
0,titan_038257,0,828822.7093676059,False
0,titan_038258,4,866864.347256549,False
0,titan_038259,4,904829.4585989756,False
0,titan_038260,4,942374.3540019871,False
0,titan_038261,4,973185.5612115677,False
0,titan_038262,4,1004066.569312279,False
0,titan_038263,4,1034980.1648871718,False
0,titan_038264,4,1065892.3710708802,False
0,titan_038265,4,1096771.9120518675,False
0,titan_038266,4,1127589.9728438898,False
0,titan_038267,4,1155700.1497970163,False
0,titan_038268,2,1177788.0743981157,False
0,titan_038269,2,1199759.3158645798,False
0,titan_038270,2,1221746.4526819522,False
0,titan_038271,2,1243724.5377023306,False
0,titan_038273,2,1287559.6155413387,False
0,titan_038419,0,39180.041602059304,True
0,titan_038420,0,84169.33832797418,True
0,titan_038421,0,129138.17545538393,False
0,titan_038422,2,174075.64070867692,False
0,titan_038423,2,218970.81024298808,False
0,titan_038424,0,263812.6789437679,False
0,titan_038425,0,308590.30995003047,False
0,titan_038426,0,351794.4487762042,False
0,titan_038427,0,393703.1374179049,False
0,titan_038428,0,435768.7179405815,False
0,titan_038429,0,476754.25044252217,False
0,titan_038430,0,515339.91891310056,False
0,titan_038431,0,554217.2094713062,False
0,titan_038432,0,593292.7797237379,False
0,titan_038433,0,632493.2595076796,False
0,titan_038434,0,671759.7696778566,False
0,titan_038435,2,711043.8910931831,False
0,titan_038436,0,750305.0830662969,False
0,titan_038437,2,789508.6923312582,False
0,titan_038438,0,828624.497577122,False
0,titan_038439,4,867625.8176658424,False
0,titan_038440,4,899746.7600640275,False
0,titan_038441,4,931565.614895445,False
0,titan_038442,4,963431.3547188379,False
0,titan_038443,0,995305.5383915444,False
0,titan_038444,0,1027153.221004192,False
0,titan_038445,4,1058942.3997898076,False
0,titan_038446,4,1089846.7769214872,False
0,titan_038447,4,1114195.0385016073,False
0,titan_038448,2,1136828.1899075964,False
0,titan_038449,2,1159492.2282994983,False
0,titan_038450,2,1182159.063885036,False
0,titan_038451,2,1204802.1016176417,False
0,titan_038452,2,1227396.092590332,False
0,titan_038453,4,1245433.994150243,False
0,titan_038595,0,57696.885855158085,True
0,titan_038596,0,92101.92335594863,True
0,titan_038597,0,132466.7198886468,False
0,titan_038598,0,174680.47277243822,False
0,titan_038599,0,217638.36172518475,False
0,titan_038600,0,260938.69108489275,False
0,titan_038601,0,304398.9679927291,False
0,titan_038602,0,347921.48526263784,False
0,titan_038603,0,388089.0072113512,False
0,titan_038604,0,427957.2985179871,False
0,titan_038605,0,468138.0086503272,False
0,titan_038606,0,508518.1240095901,False
0,titan_038607,0,549014.0728713206,False
0,titan_038608,0,589561.791585998,False
0,titan_038609,0,630110.6022472042,False
0,titan_038610,2,670619.2618155209,False
0,titan_038611,2,711053.1784369948,False
0,titan_038612,4,751382.6504597091,False
0,titan_038613,4,791581.6573241767,False
0,titan_038614,4,824879.1341766898,False
0,titan_038615,4,857702.9420426977,False
0,titan_038616,4,890589.5872501798,False
0,titan_038617,4,923495.2473293116,False
0,titan_038618,4,956380.5883449103,False
0,titan_038619,4,989210.0902907605,False
0,titan_038620,4,1021783.2741278232,False
0,titan_038621,0,1049437.727635351,False
0,titan_038622,0,1072993.217028964,False
0,titan_038623,0,1096377.820214362,False
0,titan_038765,0,36249.15544073866,True
0,titan_038766,0,81237.6028770566,True
0,titan_038767,0,126202.74670799643,False
0,titan_038768,0,171131.61879377533,False
0,titan_038769,0,216011.30107880736,False
0,titan_038770,0,256672.6285604518,False
0,titan_038771,0,297522.03866859025,False
0,titan_038772,0,338876.29206500953,False
0,titan_038773,0,380530.1671299542,False
0,titan_038774,0,422353.15652985283,False
0,titan_038775,0,464256.816837957,False
0,titan_038776,0,506177.60771562037,False
0,titan_038777,0,548067.4888972173,False
0,titan_038778,2,589888.3591422063,False
0,titan_038779,2,631608.8458041655,False
0,titan_038780,4,673202.1544531628,False
0,titan_038781,4,714644.65196895,False
0,titan_038782,4,748438.079946596,False
0,titan_038783,4,782342.7743677539,False
0,titan_038784,4,816327.6861388903,False
0,titan_038785,4,850342.5548278204,False
0,titan_038786,4,884342.9592859871,False
0,titan_038787,4,918289.2981875137,False
0,titan_038788,0,952145.8865858023,False
0,titan_038789,0,982560.9040176838,False
0,titan_038790,0,1008146.6562795715,False
0,titan_038791,0,1032299.3077709358,False
0,titan_038792,0,1056486.039578575,False
0,titan_038793,0,1080672.7268378602,False
0,titan_038794,0,1104827.3537862618,False
0,titan_038795,0,1128919.8806368404,False
0,titan_038796,0,1147984.439212929,False
0,titan_038797,2,1162068.8480173026,False
0,titan_038930,0,50947.05932626448,True
0,titan_038931,0,81602.67213717655,True
0,titan_038932,2,120923.07982024623,False
0,titan_038933,0,162713.62718508163,False
0,titan_038934,0,205436.14902231077,False
0,titan_038935,0,248570.56095710385,False
0,titan_038936,0,291891.82891654444,False
0,titan_038937,0,335283.2234181653,False
0,titan_038938,0,378674.8941967173,False
0,titan_038939,0,422019.9701657541,False
0,titan_038940,0,465283.8197948275,False
0,titan_038941,0,508438.7560360282,False
0,titan_038942,2,551461.3974238764,False
0,titan_038943,4,594330.9541160119,False
0,titan_038944,4,635362.5829163041,False
0,titan_038945,4,670268.7256560136,False
0,titan_038946,4,705341.3510066204,False
0,titan_038947,4,740512.5649143008,False
0,titan_038948,4,775724.2792092464,False
0,titan_038949,4,810926.1241733424,False
0,titan_038950,2,846073.9713461684,False
0,titan_038951,0,881128.6698439701,False
0,titan_038952,0,913691.7649366846,False
0,titan_038953,0,941996.0499847251,False
0,titan_038954,0,967138.6877478715,False
0,titan_038955,0,992165.9409640642,False
0,titan_038956,0,1017208.8673586941,False
0,titan_038957,0,1042230.9872045285,False
0,titan_038958,0,1067198.304539287,False
0,titan_038959,0,1091814.0406401162,False
0,titan_038960,2,1106374.5645435436,False
0,titan_038961,2,1120964.7135973454,False
0,titan_039089,0,24257.984753358385,True
0,titan_039090,0,69249.02716131619,True
0,titan_039091,0,114216.3599105601,False
0,titan_039092,0,159144.57074631605,False
0,titan_039093,0,204018.2369744318,False
0,titan_039094,0,248821.921426855,False
0,titan_039095,0,293540.16850332747,False
0,titan_039096,0,338157.500311125,False
0,titan_039097,0,382658.4129249348,False
0,titan_039098,2,427027.3727892197,False
0,titan_039099,0,471248.8132857298,False
0,titan_039100,2,515307.13148920046,False
0,titan_039101,4,554065.2823604833,False
0,titan_039102,4,590210.0995412844,False
0,titan_039103,4,626552.5881510456,False
0,titan_039104,4,663011.5214459085,False
0,titan_039105,4,699519.4224324554,False
0,titan_039106,4,736019.2791399398,False
0,titan_039107,0,772462.1306192795,False
0,titan_039108,0,808805.2744515347,False
0,titan_039109,0,843091.4884527273,False
0,titan_039110,0,873783.7519102036,False
0,titan_039111,0,900761.661958509,False
0,titan_039112,0,926690.395048936,False
0,titan_039113,0,952653.963759323,False
0,titan_039114,0,978610.4326597439,False
0,titan_039115,0,1004521.0082835734,False
0,titan_039116,4,1030349.6825004924,False
0,titan_039117,4,1050051.8098309906,False
0,titan_039118,2,1065164.77197265,False
0,titan_039119,2,1080298.5724800746,False
0,titan_039243,0,37556.11792395202,True
0,titan_039244,0,82540.36470157394,True
0,titan_039245,0,124732.09361591966,False
0,titan_039246,0,168243.23453809312,False
0,titan_039247,0,212650.5756457715,False
0,titan_039248,0,257441.8400049224,False
0,titan_039249,0,302394.4269394167,False
0,titan_039250,0,347391.51203998283,False
0,titan_039251,0,392361.8626128343,False
0,titan_039252,0,433447.99925444997,False
0,titan_039253,0,470599.9607604493,False
0,titan_039254,2,508106.22508996434,False
0,titan_039255,4,545840.9073403339,False
0,titan_039256,4,583705.9615306148,False
0,titan_039257,4,621623.112293348,False
0,titan_039258,4,659528.3924839649,False
0,titan_039259,4,697368.2298129488,False
0,titan_039260,4,735096.9001824289,False
0,titan_039261,0,770751.2717129064,False
0,titan_039262,4,803492.3357240281,False
0,titan_039263,4,833014.8992444379,False
0,titan_039264,2,859912.3816545559,False
0,titan_039265,2,886868.2557346325,False
0,titan_039266,4,913833.7810569337,False
0,titan_039267,4,940764.2780998154,False
0,titan_039268,4,967618.6976587791,False
0,titan_039269,4,993018.5391379249,False
0,titan_039270,0,1008689.2423750237,False
0,titan_039271,0,1024398.3614775431,False
0,titan_039272,0,1040117.0418662737,False
0,titan_039391,0,48821.05462759335,True
0,titan_039392,0,93796.96980475723,True
0,titan_039393,0,137047.2264685884,False
0,titan_039394,0,180932.0903538164,False
0,titan_039395,0,225508.49806834626,False
0,titan_039396,0,270379.6479047321,False
0,titan_039397,0,308224.3937329556,False
0,titan_039398,0,346192.65058640664,False
0,titan_039399,0,384807.12282295147,False
0,titan_039400,0,423834.59356700163,False
0,titan_039401,2,463112.52221450006,False
0,titan_039402,2,502522.93770938495,False
0,titan_039403,4,541976.7212471256,False
0,titan_039404,4,581404.0703843536,False
0,titan_039405,4,620748.4848511652,False
0,titan_039406,4,659819.3487638182,False
0,titan_039407,2,696757.5737082493,False
0,titan_039408,4,731344.7608342534,False
0,titan_039409,4,762932.2687033965,False
0,titan_039410,4,791663.4352355105,False
0,titan_039411,4,819691.7418858069,False
0,titan_039412,4,847750.2238087382,False
0,titan_039413,4,875786.9583660868,False
0,titan_039414,4,903754.6951043984,False
0,titan_039415,4,931610.2303401361,False
0,titan_039416,4,951446.1852482278,False
0,titan_039417,0,967772.2876945774,False
0,titan_039418,0,984125.4504343603,False
0,titan_039533,0,58131.8029393549,True
0,titan_039534,0,103098.07807566867,True
0,titan_039535,0,143221.7949074645,False
0,titan_039536,0,178667.13517333462,False
0,titan_039537,0,216770.93188084432,False
0,titan_039538,0,256296.07768076245,False
0,titan_039539,0,296616.64410160814,False
0,titan_039540,0,337386.32885523327,False
0,titan_039541,0,378396.53416533774,False
0,titan_039542,2,419511.5759976158,False
0,titan_039543,2,460636.9073513927,False
0,titan_039544,2,501702.47592887294,False
0,titan_039545,0,542653.4952388232,False
0,titan_039546,4,582703.1088325556,False
0,titan_039547,4,620976.5954357267,False
0,titan_039548,4,657137.2312657626,False
0,titan_039549,4,690951.3024935653,False
0,titan_039550,4,721750.1216501779,False
0,titan_039551,4,750940.9496105952,False
0,titan_039552,4,780187.2720592445,False
0,titan_039553,4,809427.9387973349,False
0,titan_039554,4,838608.1109645297,False
0,titan_039555,4,867678.2649116275,False
0,titan_039556,4,893329.0955695515,False
0,titan_039557,4,910317.2175899986,False
0,titan_039558,4,927354.6310898073,False
0,titan_039559,4,944404.2414607971,False
0,titan_039669,0,51872.245086019284,True
0,titan_039670,0,83018.06160698137,True
0,titan_039671,0,122272.51636983927,False
0,titan_039672,0,163859.96292695502,False
0,titan_039673,0,206316.244833838,False
0,titan_039674,0,249133.57396311295,False
0,titan_039675,0,292085.3107389688,False
0,titan_039676,2,335049.06166383746,False
0,titan_039677,0,377947.9295772887,False
0,titan_039678,2,420727.35660579556,False
0,titan_039679,0,463100.98452809366,False
0,titan_039680,0,503924.3748280766,False
0,titan_039681,0,543311.8347096156,False
0,titan_039682,4,580966.1735573418,False
0,titan_039683,4,616520.8360873233,False
0,titan_039684,4,649724.7245540671,False
0,titan_039685,4,680405.5004141295,False
0,titan_039686,4,710947.7962195914,False
0,titan_039687,4,741503.8310226374,False
0,titan_039688,4,772009.2939228762,False
0,titan_039689,4,802407.0001766115,False
0,titan_039690,4,832645.6418172069,False
0,titan_039691,4,851912.5760504798,False
0,titan_039692,2,869688.7988448446,False
0,titan_039693,2,887499.1816492996,False
0,titan_039694,4,905302.4782647506,False
0,titan_039799,0,26226.501690961926,True
0,titan_039800,0,71210.69366752806,True
0,titan_039801,0,116155.01567815497,False
0,titan_039802,0,161034.31735559268,False
0,titan_039803,0,205823.39853286676,False
0,titan_039804,0,250497.0705182659,False
0,titan_039805,2,295030.1398093057,False
0,titan_039806,0,338392.3287601598,False
0,titan_039807,0,381144.67873597355,False
0,titan_039808,0,423101.23992358946,False
0,titan_039809,0,463769.4342548355,False
0,titan_039810,2,502697.78641812765,False
0,titan_039811,2,539932.4185747204,False
0,titan_039812,4,575071.5134115266,False
0,titan_039813,4,607844.6309548365,False
0,titan_039814,4,639807.5789813943,False
0,titan_039815,4,671807.2203894089,False
0,titan_039816,4,703767.3024445206,False
0,titan_039817,4,735621.3814435276,False
0,titan_039818,4,767310.7950761667,False
0,titan_039819,4,792416.770118022,False
0,titan_039820,4,810991.2574833422,False
0,titan_039821,2,829628.5951676469,False
0,titan_039822,2,848279.8497293108,False
0,titan_039823,2,866899.1402714844,False
0,titan_039924,0,30160.864179458113,True
0,titan_039925,0,75140.45485644788,True
0,titan_039926,0,120073.09471767621,False
0,titan_039927,0,164930.71341338058,False
0,titan_039928,0,209685.1974630166,False
0,titan_039929,0,254308.43566573018,False
0,titan_039930,2,297330.7830766964,False
0,titan_039931,0,340033.45508227136,False
0,titan_039932,0,381834.01090541435,False
0,titan_039933,0,422301.26379257994,False
0,titan_039934,0,461004.69594468403,False
0,titan_039935,0,498047.08386008197,False
0,titan_039936,4,532985.2512764885,False
0,titan_039937,4,566514.9310210116,False
0,titan_039938,4,600107.4490794799,False
0,titan_039939,4,633671.4672369346,False
0,titan_039940,4,667129.362405588,False
0,titan_039941,4,700414.0656597448,False
0,titan_039942,4,731663.0747181656,False
0,titan_039943,4,751099.9446318819,False
0,titan_039944,4,770637.6552982415,False
0,titan_039945,4,790217.2519063283,False
0,titan_039946,4,809783.9262713839,False
0,titan_039947,2,829286.6846385022,False
0,titan_040043,0,32464.021696129297,True
0,titan_040044,0,77439.19837053973,True
0,titan_040045,0,122360.12135628043,False
0,titan_040046,0,167195.2804944579,False
0,titan_040047,0,211913.17370940116,False
0,titan_040048,0,254890.58508618345,False
0,titan_040049,0,297496.64996195596,False
0,titan_040050,4,339463.4061441567,False
0,titan_040051,4,379653.4364833454,False
0,titan_040052,0,418409.1831723679,False
0,titan_040053,2,455523.8388507695,False
0,titan_040054,2,490795.50763998175,False
0,titan_040055,4,526157.2109462646,False
0,titan_040056,4,561498.585942608,False
0,titan_040057,4,596729.0820461804,False
0,titan_040058,4,631772.5500312453,False
0,titan_040059,4,666563.4896104157,False
0,titan_040060,4,689821.4097191578,False
0,titan_040061,4,710340.4679246778,False
0,titan_040062,4,730939.1376157036,False
0,titan_040063,4,751550.8829045343,False
0,titan_040064,4,772114.4188969325,False
0,titan_040065,0,789746.5164267696,False
0,titan_040156,0,33217.88868212806,True
0,titan_040157,0,78189.15498221466,True
0,titan_040158,0,123098.64045653165,False
0,titan_040159,0,167910.81586259083,False
0,titan_040160,0,211251.92285961332,False
0,titan_040161,0,253664.37303521455,False
0,titan_040162,4,296118.83378694823,False
0,titan_040163,4,335996.47794052586,False
0,titan_040164,4,375142.1565185805,False
0,titan_040165,2,412373.46304684295,False
0,titan_040166,2,449715.74913017586,False
0,titan_040167,4,487036.051197607,False
0,titan_040168,0,524230.3559455712,False
0,titan_040169,4,561214.1876315876,False
0,titan_040170,4,597916.5482081736,False
0,titan_040171,4,626923.8795543612,False
0,titan_040172,4,648512.5805927904,False
0,titan_040173,4,670232.6341307954,False
0,titan_040174,4,692001.6364894665,False
0,titan_040175,2,713744.659982506,False
0,titan_040176,2,735393.3537246858,False
0,titan_040263,0,32504.771816458462,True
0,titan_040264,0,77472.95704736013,True
0,titan_040265,0,122371.66953690037,False
0,titan_040266,0,166721.39920645714,False
0,titan_040267,0,208725.56426391678,False
0,titan_040268,2,250983.44766442294,False
0,titan_040269,4,291568.69984857895,False
0,titan_040270,4,331041.846491757,False
0,titan_040271,0,370618.8706651473,False
0,titan_040272,0,410146.03855456697,False
0,titan_040273,2,449510.8440129677,False
0,titan_040274,2,488625.42675851553,False
0,titan_040275,0,527417.4266824201,False
0,titan_040276,4,562128.6110416648,False
0,titan_040277,4,584881.1222424529,False
0,titan_040278,4,607837.4592408017,False
0,titan_040279,4,630892.9910331352,False
0,titan_040280,4,653954.131905329,False
0,titan_040281,4,676936.8411519931,False
0,titan_040282,4,695405.5408188179,False
0,titan_040364,0,30407.47566572977,True
0,titan_040365,0,75373.68234121683,True
0,titan_040366,2,120262.63272040256,False
0,titan_040367,0,163013.44662383117,False
0,titan_040368,0,204836.96048902007,False
0,titan_040369,4,246915.58606552545,False
0,titan_040370,4,289002.0819653479,False
0,titan_040371,0,330952.4311072931,False
0,titan_040372,0,372667.9287358579,False
0,titan_040373,0,414072.2810133723,False
0,titan_040374,2,455101.3517839492,False
0,titan_040375,2,494645.37023677805,False
0,titan_040376,2,519112.3488616436,False
0,titan_040377,4,543432.7434805951,False
0,titan_040378,4,567924.1281433643,False
0,titan_040379,4,592466.4636833955,False
0,titan_040380,4,616954.1467799828,False
0,titan_040381,4,641293.6480993612,False
0,titan_040382,4,654273.1249018009,False
0,titan_040459,0,27009.05472258998,True
0,titan_040460,0,71974.67737409739,True
0,titan_040461,0,116855.2976615376,False
0,titan_040462,2,161597.8236468836,False
0,titan_040463,4,206149.27633315738,False
0,titan_040464,0,250456.77725408794,False
0,titan_040465,0,294467.60321089893,False
0,titan_040466,0,338129.17726878985,False
0,titan_040467,2,381389.1696556008,False
0,titan_040468,2,422845.86694242654,False
0,titan_040469,0,450796.2500681341,False
0,titan_040470,2,476619.6357370794,False
0,titan_040471,4,502719.6015179942,False
0,titan_040472,4,528936.5837322649,False
0,titan_040473,4,555134.1638515474,False
0,titan_040474,4,581194.5223460342,False
0,titan_040475,4,600222.0558197247,False
0,titan_040476,4,613757.1320762261,False
0,titan_040548,0,52825.742738085566,True
0,titan_040549,0,86833.81707948349,True
0,titan_040550,0,128869.37881142061,False
0,titan_040551,0,173039.11213315782,False
0,titan_040552,0,217882.29073595483,False
0,titan_040553,0,262871.8993722983,False
0,titan_040554,0,307750.76857968385,False
0,titan_040555,0,347536.8395526142,False
0,titan_040556,0,378619.2164122216,False
0,titan_040557,2,406898.49654872454,False
0,titan_040558,4,434806.63531634153,False
0,titan_040559,4,462930.22485210164,False
0,titan_040560,4,491086.5193912888,False
0,titan_040561,4,519123.2067984257,False
0,titan_040562,4,544936.9004019315,False
0,titan_040563,4,559444.3658319818,False
0,titan_040630,0,61612.285524794985,True
0,titan_040631,0,106482.18280978774,True
0,titan_040632,0,148193.1575319855,False
0,titan_040633,0,189271.02614790841,False
0,titan_040634,0,229186.62196973225,False
0,titan_040635,0,266571.1492546689,False
0,titan_040636,0,301289.41901632433,False
0,titan_040637,0,333639.56931441557,False
0,titan_040638,4,363585.3936398529,False
0,titan_040639,2,393898.22982477024,False
0,titan_040640,4,424320.54577316524,False
0,titan_040641,4,454649.0236617108,False
0,titan_040642,4,484718.7491655516,False
0,titan_040643,4,503735.7469752659,False
0,titan_040644,0,519436.55656880606,False
0,titan_040706,2,54816.76326740709,True
0,titan_040707,2,99685.23245396293,True
0,titan_040708,0,140186.5493223561,False
0,titan_040709,2,180891.7942488748,False
0,titan_040710,2,219135.98840408336,False
0,titan_040711,2,255838.23329798976,False
0,titan_040712,0,288291.2899976097,False
0,titan_040713,4,321148.0528553093,False
0,titan_040714,2,354225.7693586269,False
0,titan_040715,2,387241.9591443285,False
0,titan_040716,0,419982.47301037255,False
0,titan_040717,4,446273.492591293,False
0,titan_040718,0,463307.06457935116,False
0,titan_040719,0,480388.942569583,False
0,titan_040776,2,47057.132529272465,True
0,titan_040777,2,91927.50282092113,True
0,titan_040778,4,131241.72111017173,False
0,titan_040779,2,171487.6108730721,False
0,titan_040780,2,207956.09007102286,False
0,titan_040781,0,243833.37330183358,False
0,titan_040782,4,280081.00948071585,False
0,titan_040783,4,316289.3080477482,False
0,titan_040784,2,352181.4584411454,False
0,titan_040785,2,386580.3246167761,False
0,titan_040786,4,405147.7834191431,False
0,titan_040787,0,423868.20935416257,False
0,titan_040788,0,442554.5930238208,False
0,titan_040840,0,38417.58523756351,True
0,titan_040841,4,83293.76635367393,True
0,titan_040842,4,121424.43370517738,False
0,titan_040843,4,161092.47218535416,False
0,titan_040844,0,201231.21831130466,False
0,titan_040845,4,241258.6469247322,False
0,titan_040846,4,280858.2511827238,False
0,titan_040847,4,319815.0442955026,False
0,titan_040848,0,344335.5583262373,False
0,titan_040849,3,364995.9073268673,False
0,titan_040850,3,385719.6996109046,False
0,titan_040851,0,406272.8551105163,False
0,titan_040898,0,28982.348565581855,True
0,titan_040899,0,73868.84459035916,True
0,titan_040900,2,118487.62669081219,False
0,titan_040901,4,162676.80351263337,False
0,titan_040902,0,206275.79508894696,False
0,titan_040903,2,249125.8075316569,False
0,titan_040904,3,279992.4285873839,False
0,titan_040905,3,302954.831572198,False
0,titan_040906,3,326170.7501892598,False
0,titan_040907,3,349282.4572904201,False
0,titan_040950,0,54122.10165511978,True
0,titan_040951,4,89966.71588824413,True
0,titan_040952,0,133203.18094757386,False
0,titan_040953,0,178031.58194048164,False
0,titan_040954,0,210875.97854337236,False
0,titan_040955,0,236532.55970604936,False
0,titan_040956,0,262843.54724578717,False
0,titan_040957,0,289199.5397743131,False
0,titan_040958,3,315150.70253286447,False
0,titan_040996,4,93996.73556721455,True
0,titan_040997,4,130921.95268608141,False
0,titan_040998,4,163881.99279518146,False
0,titan_040999,4,194090.8686520333,False
0,titan_041000,4,224683.77103665736,False
0,titan_041001,0,254882.07466262937,False
0,titan_041002,0,284160.93133727123,False
0,titan_041034,4,41694.52012390251,True
0,titan_041035,4,82174.14825492636,True
0,titan_041036,4,117325.34951057321,False
0,titan_041037,4,153702.7366081327,False
0,titan_041038,4,189669.5302527714,False
0,titan_041039,4,224430.404548123,False
0,titan_041040,0,251761.5666028982,False
0,titan_041067,4,29951.170944335936,True
0,titan_041068,4,74503.7262215816,True
0,titan_041069,4,118028.73925994195,False
0,titan_041070,4,159925.2416507765,False
0,titan_041071,4,194368.39619857215,False
0,titan_041094,4,55346.09988529649,True
0,titan_041095,4,94286.96264121894,True
0,titan_041096,4,129538.10833681755,False
0,titan_041097,0,158857.33782060913,False
0,titan_041114,4,49914.521724928534,True
0,titan_041115,0,91937.84109793321,True
1,titan_000005,3,44171.631792012966,True
1,titan_000006,0,65943.96651091693,True
1,titan_000015,3,56792.63557592036,True
1,titan_000016,3,81454.07419942808,True
1,titan_000017,3,106447.2871042772,True
1,titan_000032,3,46384.0366238215,True
1,titan_000033,3,76569.1272189732,True
1,titan_000034,3,120142.16538128463,False
1,titan_000035,3,143379.11994273774,False
1,titan_000036,0,155941.63392276736,False
1,titan_000056,3,44907.8480562172,True
1,titan_000057,3,89264.0417460075,True
1,titan_000058,4,132523.38844715693,False
1,titan_000059,3,174153.5444912333,False
1,titan_000060,3,197948.85232641993,False
1,titan_000085,3,44938.421282245145,True
1,titan_000086,3,85081.65570471369,True
1,titan_000087,0,120739.53729709325,False
1,titan_000088,4,157516.31894147673,False
1,titan_000089,3,193913.98055643687,False
1,titan_000090,4,229196.45834415546,False
1,titan_000091,3,245989.56588518975,False
1,titan_000121,0,44956.01659997566,True
1,titan_000122,3,87666.41239221561,True
1,titan_000123,0,124402.39477548718,False
1,titan_000124,0,159671.30460482815,False
1,titan_000125,0,190182.4117306009,False
1,titan_000126,3,221325.80370520422,False
1,titan_000127,3,252269.86566582724,False
1,titan_000128,3,282468.4529808299,False
1,titan_000163,0,44967.05373087086,True
1,titan_000164,3,73986.97761355594,True
1,titan_000165,3,115427.95727303419,False
1,titan_000166,0,159859.3920930763,False
1,titan_000167,0,198048.6643675748,False
1,titan_000168,0,227234.16257832941,False
1,titan_000169,3,253924.7271277081,False
1,titan_000170,3,280950.8988885535,False
1,titan_000171,3,307808.0807089503,False
1,titan_000172,0,328934.57670616865,False
1,titan_000212,3,44974.42678664405,True
1,titan_000213,4,89795.54424024312,True
1,titan_000214,3,134310.45958468126,False
1,titan_000215,0,178367.14803427475,False
1,titan_000216,0,221814.88066243162,False
1,titan_000217,0,264504.66330421716,False
1,titan_000218,0,289973.82405998453,False
1,titan_000219,0,313676.66165472206,False
1,titan_000220,0,337549.5274973601,False
1,titan_000221,0,361261.02503898094,False
1,titan_000266,0,44979.605925746895,True
1,titan_000267,3,87895.66453057047,True
1,titan_000268,3,126087.34875742393,False
1,titan_000269,3,165960.83000888137,False
1,titan_000270,4,206236.42429344376,False
1,titan_000271,0,246385.09456372706,False
1,titan_000272,0,286112.9807977658,False
1,titan_000273,0,325217.9865434783,False
1,titan_000274,0,349300.85530641954,False
1,titan_000275,0,370603.0734461049,False
1,titan_000276,0,391980.48217090196,False
1,titan_000277,0,413202.3839106105,False
1,titan_000326,0,56616.458686894715,True
1,titan_000327,3,89270.71316436329,True
1,titan_000328,3,127850.44032591741,False
1,titan_000329,3,168108.06810328772,False
1,titan_000330,4,204095.591486341,False
1,titan_000331,4,240065.96546744072,False
1,titan_000332,4,276493.9280802507,False
1,titan_000333,0,312950.64339798014,False
1,titan_000334,0,349151.1285059889,False
1,titan_000335,0,384887.89124735,False
1,titan_000336,4,406144.084817918,False
1,titan_000337,0,425478.2177023674,False
1,titan_000338,0,444831.5344347352,False
1,titan_000393,0,46193.606165884,True
1,titan_000394,0,72854.31369566098,True
1,titan_000395,0,113366.27034003103,False
1,titan_000396,0,157197.37816234768,False
1,titan_000397,0,201985.24646307225,False
1,titan_000398,0,244601.49508538583,False
1,titan_000399,4,277604.6202184607,False
1,titan_000400,4,310526.7115929295,False
1,titan_000401,0,343814.64210648596,False
1,titan_000402,0,377155.5957586867,False
1,titan_000403,0,410317.1233160706,False
1,titan_000404,4,443118.25504879805,False
1,titan_000405,0,461134.5667263046,False
1,titan_000406,0,478828.30339324864,False
1,titan_000407,0,496507.3664657369,False
1,titan_000467,0,44988.38653640002,True
1,titan_000468,0,89907.05973108238,True
1,titan_000469,2,134686.40100009635,False
1,titan_000470,0,179256.8846363749,False
1,titan_000471,0,223549.222361346,False
1,titan_000472,0,267494.35478581215,False
1,titan_000473,3,311023.5985338254,False
1,titan_000474,3,347334.76615096204,False
1,titan_000475,0,377738.09784110286,False
1,titan_000476,0,408412.3316400091,False
1,titan_000477,0,439126.4366654304,False
1,titan_000478,0,469696.3395413196,False
1,titan_000479,0,498478.1620049364,False
1,titan_000480,0,514713.682398005,False
1,titan_000481,0,531020.7850387413,False
1,titan_000546,0,44990.09031075948,True
1,titan_000547,0,89333.25250070522,True
1,titan_000548,0,128488.32958617731,False
1,titan_000549,0,169454.14788266754,False
1,titan_000550,0,211025.96215290495,False
1,titan_000551,0,252738.74096639312,False
1,titan_000552,0,294357.6534566504,False
1,titan_000553,0,335736.7713736483,False
1,titan_000554,0,376770.19980792224,False
1,titan_000555,0,413987.6046501598,False
1,titan_000561,0,567198.5994660007,False
1,titan_000562,0,582319.249560114,False
1,titan_000631,2,44991.458184741736,True
1,titan_000632,2,89931.70283363051,True
1,titan_000633,0,129679.18396935015,False
1,titan_000634,0,170834.16079231683,False
1,titan_000635,0,210637.0556448406,False
1,titan_000636,0,248534.01020755467,False
1,titan_000637,0,287095.2707604945,False
1,titan_000638,2,325939.03588534484,False
1,titan_000639,2,364824.2332491463,False
1,titan_000640,2,403584.7680824257,False
1,titan_000641,0,442097.07501711376,False
1,titan_000642,0,478135.38584347913,False
1,titan_000645,0,557634.6395011507,False
1,titan_000646,0,584060.6762326527,False
1,titan_000648,0,618822.5370991045,False
1,titan_000722,2,44992.57147205305,True
1,titan_000723,4,89940.59498862718,True
1,titan_000724,0,130739.51791649828,False
1,titan_000725,0,172057.8499011642,False
1,titan_000726,0,213219.2827124833,False
1,titan_000727,4,251463.73522040193,False
1,titan_000728,0,289394.6986863632,False
1,titan_000729,0,324901.51036875846,False
1,titan_000730,0,360972.697117362,False
1,titan_000731,0,397328.6490263229,False
1,titan_000732,0,433768.9403773264,False
1,titan_000733,2,470143.09226361674,False
1,titan_000734,0,506333.0859454018,False
1,titan_000735,2,540232.822383894,False
1,titan_000736,2,565021.9078428934,False
1,titan_000739,0,639514.4704986182,False
1,titan_000740,0,656554.9385394511,False
1,titan_000819,2,44993.49286615387,True
1,titan_000820,2,71250.09440778583,True
1,titan_000821,2,111015.83900465077,False
1,titan_000822,0,154349.76666633997,False
1,titan_000823,0,198833.6580318799,False
1,titan_000824,4,243727.47407616067,False
1,titan_000825,4,288720.9385892518,False
1,titan_000826,0,329504.8987278597,False
1,titan_000827,0,365040.8533118637,False
1,titan_000828,0,398537.1378944951,False
1,titan_000829,0,432489.14342534874,False
1,titan_000830,0,466689.2100745233,False
1,titan_000831,0,500976.440935962,False
1,titan_000832,3,535222.5983371274,False
1,titan_000833,2,569322.7083902842,False
1,titan_000834,2,600640.900424381,False
1,titan_000835,2,623999.0968130266,False
1,titan_000836,0,647414.6118830229,False
1,titan_000837,0,670799.5195585961,False
1,titan_000838,0,694074.7598314356,False
1,titan_000839,0,707717.1343494275,False
1,titan_000923,0,44994.26115714946,True
1,titan_000924,2,89954.04472100071,True
1,titan_000925,2,134844.91903928475,False
1,titan_000926,0,179632.4093359872,False
1,titan_000927,0,224282.11142237412,False
1,titan_000928,4,268759.59016739664,False
1,titan_000929,0,313030.493531578,False
1,titan_000930,0,357060.45293969486,False
1,titan_000931,0,400815.1978104067,False
1,titan_000932,0,437980.2532403225,False
1,titan_000933,0,469722.4202264698,False
1,titan_000934,0,501827.66412628145,False
1,titan_000935,3,534137.3388629344,False
1,titan_000936,3,566521.9312734893,False
1,titan_000937,2,598873.7975414086,False
1,titan_000938,2,631101.8826563813,False
1,titan_000939,2,659647.8842695353,False
1,titan_000940,0,681733.2210720017,False
1,titan_000941,0,703850.0610129759,False
1,titan_000942,0,725925.9904958437,False
1,titan_000943,0,746618.093442287,False
1,titan_001032,2,44994.89964021034,True
1,titan_001033,2,89959.19579071629,True
1,titan_001034,4,131101.08816600323,False
1,titan_001035,4,172743.01975752722,False
1,titan_001036,0,215067.67235395822,False
1,titan_001037,0,257651.55716854215,False
1,titan_001038,0,300292.3818536093,False
1,titan_001039,0,342873.45684302645,False
1,titan_001040,0,385316.62146039633,False
1,titan_001041,0,427563.08537301124,False
1,titan_001042,0,469564.65622918314,False
1,titan_001043,0,508588.5863710808,False
1,titan_001044,0,538770.7829791072,False
1,titan_001045,0,569241.054291746,False
1,titan_001046,0,599874.8465335431,False
1,titan_001047,0,630566.7126614685,False
1,titan_001048,2,661226.2661158545,False
1,titan_001049,2,691775.0587757023,False
1,titan_001050,0,717485.9174898876,False
1,titan_001051,0,738431.6925430861,False
1,titan_001052,0,759389.0770311671,False
1,titan_001053,0,780297.5764590895,False
1,titan_001054,0,796038.4171711773,False
1,titan_001147,0,44995.44895679619,True
1,titan_001148,2,89963.57601853865,True
1,titan_001149,0,131971.94633245218,False
1,titan_001150,0,173717.59200058805,False
1,titan_001151,0,216146.62733284905,False
1,titan_001152,0,256186.32206709663,False
1,titan_001153,0,296087.24823468504,False
1,titan_001154,0,336386.8442762554,False
1,titan_001155,0,376873.56259768526,False
1,titan_001156,0,417407.1636667339,False
1,titan_001157,0,457887.7933880177,False
1,titan_001158,0,498239.72985923896,False
1,titan_001159,0,538402.3451020182,False
1,titan_001160,0,577192.1401063151,False
1,titan_001161,3,605971.1019209886,False
1,titan_001162,3,634978.0120174382,False
1,titan_001163,3,664112.810597127,False
1,titan_001164,3,693288.4767670883,False
1,titan_001165,0,722428.6570789608,False
1,titan_001166,0,751465.7544748103,False
1,titan_001167,0,774343.4161563724,False
1,titan_001168,0,794263.1996444789,False
1,titan_001169,3,814179.1059854008,False
1,titan_001170,0,834040.0111351385,False
1,titan_001268,0,44995.92508351283,True
1,titan_001269,0,89967.3252460604,True
1,titan_001270,0,132784.01093862322,False
1,titan_001271,0,174623.25929610865,False
1,titan_001272,0,217145.8788533869,False
1,titan_001273,0,258245.91550801694,False
1,titan_001274,0,298342.4721294658,False
1,titan_001275,0,337742.5443323351,False
1,titan_001276,0,375657.7104892071,False
1,titan_001277,0,413970.6436174039,False
1,titan_001278,0,452505.3251325519,False
1,titan_001279,0,491133.07188287517,False
1,titan_001280,0,529755.9492983838,False
1,titan_001281,0,568296.4472687976,False
1,titan_001282,0,606691.1304386354,False
1,titan_001283,3,644069.7547139599,False
1,titan_001284,3,671576.7038006091,False
1,titan_001285,3,699263.2991054994,False
1,titan_001286,3,727047.5654189575,False
1,titan_001287,3,754856.7614107439,False
1,titan_001288,0,782625.8963298303,False
1,titan_001289,0,810296.4887995832,False
1,titan_001290,0,830374.8689067002,False
1,titan_001291,4,849366.2127353739,False
1,titan_001292,3,868341.5404005905,False
1,titan_001395,0,44996.31630448024,True
1,titan_001396,0,69877.84047215755,True
1,titan_001397,0,109121.96128160562,False
1,titan_001398,0,152122.81351801657,False
1,titan_001399,0,196372.67774737408,False
1,titan_001400,0,241122.62504978423,False
1,titan_001401,0,286071.2073625824,False
1,titan_001402,0,331067.4459025834,False
1,titan_001403,0,376021.784848352,False
1,titan_001404,0,417165.1208289024,False
1,titan_001405,0,453386.25076852855,False
1,titan_001406,0,489964.3414704507,False
1,titan_001407,0,526758.0452891126,False
1,titan_001408,0,563657.0404144545,False
1,titan_001409,0,600573.007858449,False
1,titan_001410,0,637433.4128172541,False
1,titan_001411,3,674177.2889133708,False
1,titan_001412,3,709458.6466830688,False
1,titan_001413,3,735805.9236758812,False
1,titan_001414,0,762293.7555674542,False
1,titan_001415,0,788853.9206358842,False
1,titan_001416,0,815424.8535643177,False
1,titan_001417,0,841950.7777122556,False
1,titan_001418,0,867574.8515574898,False
1,titan_001419,3,885707.8779200154,False
1,titan_001420,3,903855.1947521706,False
1,titan_001421,3,921976.8863784071,False
1,titan_001529,0,44996.682625850895,True
1,titan_001530,0,89973.37970040018,True
1,titan_001531,0,134910.15397834804,False
1,titan_001532,0,179786.99280110156,False
1,titan_001533,0,224583.92529322085,False
1,titan_001534,0,269280.96755213005,False
1,titan_001535,0,313858.0685478239,False
1,titan_001536,0,358295.22700313875,False
1,titan_001537,0,402572.35248087964,False
1,titan_001538,0,446669.38233754336,False
1,titan_001539,0,490566.2285159087,False
1,titan_001540,0,529289.8571434848,False
1,titan_001541,0,564328.0097816398,False
1,titan_001542,0,599560.4853096623,False
1,titan_001543,0,634894.1946883997,False
1,titan_001544,0,670251.78124058,False
1,titan_001545,2,705567.7393512739,False
1,titan_001546,3,740785.7429143068,False
1,titan_001547,0,773560.880060685,False
1,titan_001548,0,798846.0272398052,False
1,titan_001549,0,824239.8542299005,False
1,titan_001550,0,849684.7728593369,False
1,titan_001551,0,875128.1403415694,False
1,titan_001552,0,900521.7184350805,False
1,titan_001553,0,923073.1530055151,False
1,titan_001554,0,940448.7107223828,False
1,titan_001555,0,957825.5010261517,False
1,titan_001668,0,44996.972068591356,True
1,titan_001669,0,89975.8412556167,True
1,titan_001670,0,133215.7732246153,False
1,titan_001671,0,175245.84795921342,False
1,titan_001672,0,217980.9315426207,False
1,titan_001673,0,261022.69245099882,False
1,titan_001674,0,304185.74874248635,False
1,titan_001675,0,347367.58594756766,False
1,titan_001676,0,390503.071533061,False
1,titan_001677,0,433545.83644184354,False
1,titan_001678,0,476459.86399920995,False
1,titan_001679,0,519215.0627134276,False
1,titan_001680,0,561785.0863021644,False
1,titan_001681,0,603498.3911031402,False
1,titan_001682,0,637150.8575995457,False
1,titan_001683,0,670971.8977622184,False
1,titan_001684,0,704882.9068108187,False
1,titan_001685,2,738816.6834454167,False
1,titan_001686,3,772714.9474473901,False
1,titan_001687,0,806526.622248775,False
1,titan_001688,0,836549.042699938,False
1,titan_001689,0,860857.6094237913,False
1,titan_001690,0,885248.6459007513,False
1,titan_001691,0,909672.9292949347,False
1,titan_001692,0,934085.0547505638,False
1,titan_001693,0,958442.9460489196,False
1,titan_001694,0,978006.5853765818,False
1,titan_001695,0,994686.5615601669,False
1,titan_001813,0,44997.25395412343,True
1,titan_001814,0,89978.01248505207,True
1,titan_001815,0,133953.85442143583,False
1,titan_001816,0,176052.29618572647,False
1,titan_001819,0,302556.58946801716,False
1,titan_001820,0,343669.2613813726,False
1,titan_001821,0,385032.22815246636,False
1,titan_001822,0,426519.5399580257,False
1,titan_001823,0,468043.95332941035,False
1,titan_001824,0,509541.2981814599,False
1,titan_001825,0,550961.8883965069,False
1,titan_001826,0,592265.4373225216,False
1,titan_001827,0,633417.9486128233,False
1,titan_001832,2,806339.7120677393,False
1,titan_001833,3,838934.8576628625,False
1,titan_001834,0,871450.0132087754,False
1,titan_001835,0,898571.1378472323,False
1,titan_001836,0,921978.7114360945,False
1,titan_001837,0,945446.985410755,False
1,titan_001838,0,968933.5107916623,False
1,titan_001839,0,992398.7324459864,False
1,titan_001840,0,1015805.7432976317,False
1,titan_001841,2,1032457.6918170212,False
1,titan_001842,2,1048496.7887758295,False
1,titan_001964,0,89979.91759814716,True
1,titan_001965,0,134661.61808770293,False
1,titan_001966,0,176823.49616675315,False
1,titan_001969,0,304370.1824497051,False
1,titan_001973,0,465436.8083139446,False
1,titan_001974,0,505338.1916594519,False
1,titan_001975,0,545321.0432545455,False
1,titan_001976,0,585318.4513882565,False
1,titan_001977,0,625276.8462271681,False
1,titan_001978,0,665152.0674736015,False
1,titan_001979,0,704906.589528736,False
1,titan_001986,0,935623.5295593734,False
1,titan_001987,0,959754.6028758815,False
1,titan_001988,0,982328.3400078854,False
1,titan_001989,0,1004944.5881677235,False
1,titan_001990,0,1027566.3782301798,False
1,titan_001991,0,1050159.0087918667,False
1,titan_001992,0,1071049.0999965004,False
1,titan_001993,0,1086496.7194821252,False
1,titan_002120,0,94836.30253043333,True
1,titan_002121,0,135343.72461386785,False
1,titan_002122,0,177564.70157158814,False
1,titan_002123,0,220480.09258647976,False
1,titan_002132,0,583315.4900278613,False
1,titan_002133,0,621872.3378072849,False
1,titan_002134,0,660465.1124490123,False
1,titan_002135,0,699041.6771545238,False
1,titan_002136,0,737558.006055155,False
1,titan_002137,0,775976.1765212673,False
1,titan_002138,0,814262.9191463791,False
1,titan_002146,0,1042009.5784418182,False
1,titan_002147,0,1063836.624087365,False
1,titan_002148,0,1085658.384561627,False
1,titan_002149,0,1107444.2154345526,False
1,titan_002150,0,1125276.6346470178,False
1,titan_002282,0,118876.68308439603,False
1,titan_002283,0,150870.79030188802,False
1,titan_002297,0,697527.8382427731,False
1,titan_002298,0,734818.2122855976,False
1,titan_002299,0,772104.4196053089,False
1,titan_002300,0,809344.5954869026,False
1,titan_002301,0,846502.094682698,False
1,titan_002302,0,883544.4416871347,False
1,titan_002311,0,1122205.7893277055,False
1,titan_002312,0,1143285.1424513326,False
1,titan_002313,0,1164322.7002110526,False
1,titan_002466,0,772249.7818433204,False
1,titan_002467,0,808334.298745591,False
1,titan_002468,0,844419.6322610477,False
1,titan_002469,0,880466.9297284564,False
1,titan_002470,0,916441.6842960184,False
1,titan_002471,0,952312.9310632353,False
1,titan_002482,0,1218828.2617393748,False
1,titan_002642,0,881029.1783726432,False
1,titan_002643,0,915996.8756607787,False
1,titan_002644,0,950930.3404570417,False
1,titan_002645,0,985797.4651730462,False
1,titan_002646,0,1020569.1643851786,False
1,titan_002647,0,1049113.9051856594,False
1,titan_002820,0,885130.0408771312,False
1,titan_002821,0,919021.4111140717,False
1,titan_002822,2,952948.1299169759,False
1,titan_002823,0,986874.1392936169,False
1,titan_002824,0,1020766.8766700524,False
1,titan_002825,0,1054596.7742571002,False
1,titan_002826,0,1088098.8869420278,False
1,titan_002827,0,1114726.4348623196,False
1,titan_003004,0,892635.7132380328,False
1,titan_003005,0,925397.7687130314,False
1,titan_003006,0,958263.3781030816,False
1,titan_003008,0,1024150.3724634866,False
1,titan_003009,0,1057103.4706644113,False
1,titan_003010,0,1090022.4855227056,False
1,titan_003011,2,1122880.1846221522,False
1,titan_003013,2,1179727.3625314543,False
1,titan_003178,0,407961.6000256748,False
1,titan_003193,0,902964.8116461607,False
1,titan_003194,0,934981.9634429549,False
1,titan_003195,0,966747.5308373086,False
1,titan_003199,0,1094700.726781315,False
1,titan_003200,0,1126743.174249007,False
1,titan_003201,2,1158749.520744196,False
1,titan_003202,2,1190694.7562498858,False
1,titan_003376,0,547575.9684560095,False
1,titan_003377,0,577811.8337880643,False
1,titan_003388,0,946188.026610628,False
1,titan_003389,0,978251.2618188511,False
1,titan_003390,0,1009077.7936515531,False
1,titan_003395,0,1164665.1401059777,False
1,titan_003396,0,1195853.2757187856,False
1,titan_003397,0,1227002.574096651,False
1,titan_003398,0,1258090.0601351005,False
1,titan_003404,2,1394424.4165794402,False
1,titan_003580,0,692461.6931618777,False
1,titan_003588,0,956430.9811004094,False
1,titan_003589,0,989606.9664075248,False
1,titan_003590,0,1021588.5667363155,False
1,titan_003597,0,1234108.0597970753,False
1,titan_003598,0,1264493.0022912496,False
1,titan_003599,0,1294835.943203964,False
1,titan_003600,0,1324013.8212056449,False
1,titan_003605,2,1435388.6887236245,False
1,titan_003606,2,1452580.4308696277,False
1,titan_003788,0,806060.5463062022,False
1,titan_003793,0,967448.913988552,False
1,titan_003794,0,1000449.5850927394,False
1,titan_003795,0,1033587.5835356469,False
1,titan_003804,0,1303091.342070798,False
1,titan_003805,0,1332719.583646832,False
1,titan_003806,0,1362302.3896823921,False
1,titan_003807,0,1388432.461683429,False
1,titan_003812,2,1493732.32792713,False
1,titan_003813,2,1510506.07493009,False
1,titan_004001,0,918206.5298651499,False
1,titan_004004,0,1013255.0157612755,False
1,titan_004005,0,1045374.4368391568,False
1,titan_004006,0,1077645.742633091,False
1,titan_004016,0,1371673.5120706405,False
1,titan_004017,0,1400587.4138860027,False
1,titan_004018,0,1429452.320669769,False
1,titan_004019,0,1452493.3686462638,False
1,titan_004023,2,1535488.6245816515,False
1,titan_004024,2,1551861.3334196033,False
1,titan_004219,0,1028747.3164478019,False
1,titan_004220,0,1059838.8513252062,False
1,titan_004221,0,1091129.0586145883,False
1,titan_004233,0,1439909.5321758497,False
1,titan_004234,0,1468147.7642466149,False
1,titan_004235,0,1494019.1453766914,False
1,titan_004236,0,1516247.9880993154,False
1,titan_004240,0,1593808.1712723693,False
1,titan_004439,0,1034797.0273795258,False
1,titan_004440,0,1076831.002046124,False
1,titan_004441,0,1107137.7870733384,False
1,titan_004455,0,1507850.738938795,False
1,titan_004456,0,1535448.713205436,False
1,titan_004457,0,1558002.670944566,False
1,titan_004458,0,1579743.0618346613,False
1,titan_004461,0,1636314.592656383,False
1,titan_004665,0,1068226.88697523,False
1,titan_004666,0,1111677.0136618165,False
1,titan_004681,0,1548510.1791617766,False
1,titan_004682,0,1575545.0151860572,False
1,titan_004683,3,1600470.723557614,False
1,titan_004684,3,1621746.5659640336,False
1,titan_004872,0,64711.233422954494,True
1,titan_004873,0,101548.19577507705,True
1,titan_004895,0,1060706.431087417,False
1,titan_004896,2,1103749.7702943739,False
1,titan_004897,0,1146671.8233270305,False
1,titan_004913,0,1616575.5607752812,False
1,titan_004914,0,1643036.8867793533,False
1,titan_004915,3,1664452.3514261742,False
1,titan_004916,3,1685291.4229623124,False
1,titan_005109,0,163737.97622854388,False
1,titan_005110,0,202007.3322870095,False
1,titan_005130,0,1056177.2860435448,False
1,titan_005131,0,1098752.13735402,False
1,titan_005132,0,1141221.9308403565,False
1,titan_005150,0,1684452.81407745,False
1,titan_005151,3,1707828.3441728654,False
1,titan_005152,3,1728253.5213736382,False
1,titan_005153,3,1748674.4373105417,False
1,titan_005350,0,263201.12110745936,False
1,titan_005351,0,301466.8452977301,False
1,titan_005369,0,1054633.4624110258,False
1,titan_005370,0,1096679.1708480613,False
1,titan_005371,0,1138640.7236569938,False
1,titan_005391,3,1751845.5974328343,False
1,titan_005392,3,1771877.6025326129,False
1,titan_005393,3,1791909.5729155964,False
1,titan_005596,0,361993.5356427484,False
1,titan_005597,0,400014.09031733684,False
1,titan_005613,0,1056049.2592437689,False
1,titan_005614,0,1097507.9553803825,False
1,titan_005615,0,1138907.7334208216,False
1,titan_005636,3,1794857.063957422,False
1,titan_005637,3,1816136.9348856246,False
1,titan_005846,0,423263.047042861,False
1,titan_005847,0,460035.9212869913,False
1,titan_005863,0,1101197.8066641584,False
1,titan_005864,0,1141986.217698291,False
1,titan_005887,3,1861007.4993957607,False
1,titan_005888,3,1880317.86663834,False
1,titan_006101,0,520738.1743581729,False
1,titan_006102,0,557362.772438923,False
1,titan_006116,0,1107691.1206467699,False
1,titan_006117,0,1147823.7986707415,False
1,titan_006142,3,1925443.8743306096,False
1,titan_006360,0,581943.1986787029,False
1,titan_006361,2,617635.4362351614,False
1,titan_006374,2,1116914.6481114158,False
1,titan_006375,0,1156353.590170886,False
1,titan_006376,0,1195812.0891408385,False
1,titan_006377,0,1235275.3563091224,False
1,titan_006378,0,1274729.999625748,False
1,titan_006379,0,1314163.7068875618,False
1,titan_006380,0,1353565.1060965664,False
1,titan_006381,0,1392923.624855344,False
1,titan_006382,0,1432229.400759545,False
1,titan_006383,0,1471473.0677685076,False
1,titan_006384,0,1510645.8427288702,False
1,titan_006385,0,1549739.3393452328,False
1,titan_006386,0,1588745.535125056,False
1,titan_006387,0,1627656.718468325,False
1,titan_006388,0,1663526.5604675864,False
1,titan_006624,2,678426.4979569488,False
1,titan_006634,0,1051586.3401921391,False
1,titan_006635,0,1090138.195391751,False
1,titan_006636,0,1128781.7640137211,False
1,titan_006637,0,1167496.0665476662,False
1,titan_006638,0,1206262.3797815684,False
1,titan_006639,0,1245063.789643957,False
1,titan_006640,0,1283884.9429015548,False
1,titan_006641,0,1322711.8449296586,False
1,titan_006642,0,1361531.5518327777,False
1,titan_006643,0,1400332.1794067835,False
1,titan_006644,0,1439102.651123315,False
1,titan_006645,0,1477832.610018643,False
1,titan_006646,0,1516512.3477102339,False
1,titan_006647,0,1555132.6052935128,False
1,titan_006648,0,1593684.6712955222,False
1,titan_006649,0,1632160.2045601588,False
1,titan_006650,0,1670551.2082147435,False
1,titan_006651,0,1708850.0104626727,False
1,titan_006652,2,1739178.7453623435,False
1,titan_006653,2,1763898.1069148644,False
1,titan_006654,2,1787148.2947823438,False
1,titan_006891,2,739659.4399191765,False
1,titan_006892,2,774468.2734809571,False
1,titan_006898,0,992638.0329124768,False
1,titan_006899,0,1030027.8309626952,False
1,titan_006900,0,1067603.1145059092,False
1,titan_006901,0,1105334.1542930894,False
1,titan_006902,0,1143194.5862366464,False
1,titan_006903,0,1181160.9012335676,False
1,titan_006904,0,1219212.019928394,False
1,titan_006916,0,1676894.1502929342,False
1,titan_006917,0,1714774.6697954203,False
1,titan_006918,0,1752572.6869946553,False
1,titan_006919,2,1788941.9405076955,False
1,titan_006920,0,1813615.2685265779,False
1,titan_006921,2,1836627.188494144,False
1,titan_006922,0,1859415.197837818,False
1,titan_006923,0,1882268.1157634892,False
1,titan_006924,0,1905173.5643700568,False
1,titan_007163,2,801288.1954063401,False
1,titan_007164,2,835425.5507495165,False
1,titan_007167,0,940799.3575126296,False
1,titan_007168,0,976703.6885979172,False
1,titan_007169,0,1012913.4405637347,False
1,titan_007170,0,1049387.1656388675,False
1,titan_007171,0,1086088.2949186023,False
1,titan_007173,0,1160046.6726805135,False
1,titan_007174,0,1197249.3057330092,False
1,titan_007175,0,1234569.1165976257,False
1,titan_007192,0,1863904.2548707316,False
1,titan_007193,2,1886659.9932568972,False
1,titan_007194,0,1909098.4339808242,False
1,titan_007195,0,1931600.9776577766,False
1,titan_007196,0,1954155.8276389418,False
1,titan_007197,0,1976751.521664506,False
1,titan_007439,2,863286.7106433773,False
1,titan_007440,0,896819.8927075696,False
1,titan_007441,0,930870.6827694244,False
1,titan_007442,0,965375.5656870108,False
1,titan_007443,0,1000278.7075980116,False
1,titan_007448,0,1179225.6727578326,False
1,titan_007449,0,1215656.4096055587,False
1,titan_007450,0,1252235.6664666533,False
1,titan_007470,0,1959344.9957977086,False
1,titan_007471,0,1981516.2337367504,False
1,titan_007472,0,2003739.1663011804,False
1,titan_007473,0,2026002.8121670855,False
1,titan_007474,2,2048296.5302366847,False
1,titan_007719,0,925642.0589535831,False
1,titan_007727,0,1200615.7584707886,False
1,titan_007728,0,1236273.5243386324,False
1,titan_007729,0,1272109.5043396838,False
1,titan_007752,2,2053912.2975473923,False
1,titan_007753,2,2075861.2384782329,False
1,titan_007754,2,2097840.2336182576,False
1,titan_008010,0,1224099.9964885786,False
1,titan_008011,0,1258990.17885484,False
1,titan_008012,0,1294086.265310973,False
1,titan_008296,0,1249562.3423033014,False
1,titan_008297,0,1283696.116929035,False
1,titan_008298,0,1318061.2427514307,False
1,titan_008586,0,1276889.3298591448,False
1,titan_008587,0,1310282.9289725297,False
1,titan_008588,0,1343930.8169223913,False
1,titan_008880,0,1305971.5338321165,False
1,titan_008881,0,1338645.3938347662,False
1,titan_008882,0,1371593.939927457,False
1,titan_008890,0,1642253.9460896987,False
1,titan_008907,0,2218759.2481075656,False
1,titan_008908,0,2239526.4880657294,False
1,titan_008909,0,2260337.826090789,False
1,titan_008910,0,2281184.473098337,False
1,titan_008911,0,2302057.799687305,False
1,titan_008912,0,2322949.398653624,False
1,titan_009178,0,1336704.416983363,False
1,titan_009179,0,1368682.4890952015,False
1,titan_009184,0,1532454.383536912,False
1,titan_009185,0,1565823.5706831932,False
1,titan_009186,0,1599351.1556411244,False
1,titan_009187,0,1633019.805933625,False
1,titan_009188,0,1666813.380432082,False
1,titan_009198,0,2008670.1752982028,False
1,titan_009199,0,2043000.7094079938,False
1,titan_009200,0,2077319.2162438773,False
1,titan_009201,0,2111617.4279481163,False
1,titan_009202,0,2145887.252557413,False
1,titan_009203,0,2180120.9752890207,False
1,titan_009204,0,2214311.0049573425,False
1,titan_009205,0,2248450.079156038,False
1,titan_009206,0,2272246.037283688,False
1,titan_009207,0,2292776.81879982,False
1,titan_009208,0,2313349.52137949,False
1,titan_009209,0,2333955.7459204053,False
1,titan_009210,0,2354587.1853895443,False
1,titan_009478,0,1338016.7132445695,False
1,titan_009479,0,1368989.3537539844,False
1,titan_009480,0,1400298.2231709277,False
1,titan_009483,1,1495967.261044442,False
1,titan_009485,0,1560955.95866171,False
1,titan_009486,1,1593748.73463104,False
1,titan_009487,0,1626715.1259412332,False
1,titan_009488,0,1659837.6625800766,False
1,titan_009489,0,1693099.8754482323,False
1,titan_009490,0,1726486.3705620798,False
1,titan_009497,2,1962548.2139220051,False
1,titan_009498,2,1996467.6218669808,False
1,titan_009499,0,2030405.1861877309,False
1,titan_009500,0,2064351.6576956962,False
1,titan_009501,0,2098298.2372114626,False
1,titan_009502,0,2132236.4573663557,False
1,titan_009503,0,2166158.0670428104,False
1,titan_009504,0,2200055.175705917,False
1,titan_009505,0,2233920.113806158,False
1,titan_009506,0,2267745.4667268787,False
1,titan_009511,0,2387295.278613937,False
1,titan_009782,0,1370484.7706051534,False
1,titan_009783,0,1402733.8808601343,False
1,titan_009784,0,1433402.27789503,False
1,titan_009785,0,1464391.3092771282,False
1,titan_009789,0,1591056.6178983008,False
1,titan_009790,1,1623289.70783091,False
1,titan_009791,0,1655710.1208377574,False
1,titan_009802,2,2020323.6358815415,False
1,titan_009803,0,2053868.4077394793,False
1,titan_009804,0,2087433.7429652358,False
1,titan_009816,0,2441201.2297117887,False
1,titan_010090,0,1365431.7573808779,False
1,titan_010091,0,1409871.670166357,False
1,titan_010092,0,1454409.9687919384,False
1,titan_010093,0,1498299.562122329,False
1,titan_010094,1,1528994.5578732165,False
1,titan_010095,1,1559971.237590601,False
1,titan_010096,0,1591207.0664763434,False
1,titan_010097,0,1622680.8939250757,False
1,titan_010098,0,1654372.9339127804,False
1,titan_010099,1,1686264.5064733964,False
1,titan_010100,0,1718338.028411281,False
1,titan_010124,1,2475715.16711537,False
1,titan_010401,2,1362932.6335745335,False
1,titan_010402,0,1407566.2559317986,False
1,titan_010403,0,1452272.2485669318,False
1,titan_010404,1,1497040.4419244013,False
1,titan_010405,1,1541861.6848451924,False
1,titan_010406,0,1586727.6615913634,False
1,titan_010407,0,1624814.8303319435,False
1,titan_010408,0,1655757.2638024352,False
1,titan_010409,0,1686928.4641664582,False
1,titan_010410,0,1718309.9448636475,False
1,titan_010411,0,1749884.2633730029,False
1,titan_010412,0,1781634.9183717594,False
1,titan_010413,0,1813546.3898146478,False
1,titan_010435,1,2511207.985120465,False
1,titan_010714,2,1318295.3148366145,False
1,titan_010715,2,1363025.1997172774,False
1,titan_010716,0,1407813.3153599263,False
1,titan_010717,2,1452650.7464192598,False
1,titan_010718,0,1497529.6418000718,False
1,titan_010719,0,1542442.806302526,False
1,titan_010720,0,1587383.707516299,False
1,titan_010721,0,1632346.500935917,False
1,titan_010722,0,1677325.6746544498,False
1,titan_010723,0,1720890.1772382015,False
1,titan_010724,0,1751781.6117106213,False
1,titan_010725,0,1782875.4442221269,False
1,titan_010726,0,1814155.3167150032,False
1,titan_010727,0,1845605.7278375763,False
1,titan_011031,2,1320870.9805423312,False
1,titan_011032,2,1365736.0340836907,False
1,titan_011033,2,1410637.2691901652,False
1,titan_011034,2,1455568.0607090476,False
1,titan_011035,2,1500522.4377822978,False
1,titan_011036,0,1545494.9467314119,False
1,titan_011037,0,1590480.7293052755,False
1,titan_011038,0,1635475.2152388445,False
1,titan_011039,0,1680474.2240990095,False
1,titan_011040,0,1725473.876534905,False
1,titan_011041,0,1770470.5525832018,False
1,titan_011042,0,1815460.816058191,False
1,titan_011351,0,1326126.2840659337,False
1,titan_011352,2,1371080.1442664866,False
1,titan_011353,2,1416051.8999497602,False
1,titan_011354,0,1461036.791752679,False
1,titan_011355,0,1506030.4996555285,False
1,titan_011356,2,1551029.1168286868,False
1,titan_011357,2,1596028.9331953328,False
1,titan_011358,0,1641026.6303362173,False
1,titan_011359,0,1686019.0811732153,False
1,titan_011360,0,1731003.3568114354,False
1,titan_011361,0,1775976.7382421296,False
1,titan_011362,0,1820936.5309910355,False
1,titan_011673,0,1289075.7932785815,False
1,titan_011674,0,1334064.805710744,False
1,titan_011675,0,1379060.804766855,False
1,titan_011676,0,1424060.1760969597,False
1,titan_011677,0,1469059.743142867,False
1,titan_011678,0,1514056.473891043,False
1,titan_011679,0,1559047.6019368179,False
1,titan_011680,0,1604030.510803254,False
1,titan_011681,0,1649002.8671935454,False
1,titan_011682,0,1693962.3529681298,False
1,titan_011683,0,1738906.7660056069,False
1,titan_011684,0,1783834.1238648996,False
1,titan_011685,0,1828742.4051262368,False
1,titan_011999,0,1299680.6328909674,False
1,titan_012000,0,1344677.7169746521,False
1,titan_012001,0,1389669.7845472253,False
1,titan_012002,0,1434654.5497143846,False
1,titan_012003,0,1479629.8902406108,False
1,titan_012004,0,1524593.8206545091,False
1,titan_012005,0,1569544.4289704692,False
1,titan_012006,0,1614480.021380144,False
1,titan_012007,0,1659398.8611160102,False
1,titan_012008,0,1704299.3184676727,False
1,titan_012009,0,1749179.818343883,False
1,titan_012010,0,1794038.8303158213,False
1,titan_012011,0,1838874.8599804745,False
1,titan_012326,0,1268019.2620468754,False
1,titan_012327,0,1312987.4781096403,False
1,titan_012328,0,1357944.2170506404,False
1,titan_012329,0,1402887.920957252,False
1,titan_012330,0,1447817.2305328108,False
1,titan_012331,0,1492730.8475711478,False
1,titan_012332,0,1537627.3999803895,False
1,titan_012333,0,1582505.6790356804,False
1,titan_012334,0,1627364.5076021627,False
1,titan_012335,2,1672202.6098606768,False
1,titan_012336,2,1717018.8519227935,False
1,titan_012337,0,1761812.1131642212,False
1,titan_012338,0,1806581.1585715804,False
1,titan_012339,0,1851324.9219752303,False
1,titan_012637,1,384890.70182030974,False
1,titan_012638,1,429750.40333744703,False
1,titan_012639,0,474657.3164049557,False
1,titan_012640,1,519597.22587943444,False
1,titan_012641,0,564560.2880987761,False
1,titan_012642,1,609539.2718874456,False
1,titan_012643,0,654528.8681279084,False
1,titan_012644,0,699524.9452020889,False
1,titan_012645,0,744524.2624940651,False
1,titan_012646,0,789524.0605927459,False
1,titan_012647,0,834522.1454794945,False
1,titan_012648,0,879516.6077476972,False
1,titan_012649,0,924505.78285105,False
1,titan_012650,0,969488.2338345628,False
1,titan_012651,0,1014462.5419526785,False
1,titan_012657,1,1284074.748228529,False
1,titan_012658,1,1328961.729018451,False
1,titan_012659,1,1373832.4319822134,False
1,titan_012660,0,1418685.8793386854,False
1,titan_012661,0,1463521.2257204659,False
1,titan_012662,0,1508337.5888292277,False
1,titan_012663,0,1553134.0877564866,False
1,titan_012664,0,1597909.881608579,False
1,titan_012665,0,1642664.0017985122,False
1,titan_012666,0,1687395.5979580851,False
1,titan_012667,0,1732103.7706606945,False
1,titan_012668,0,1776787.6110296499,False
1,titan_012669,0,1821446.2403500732,False
1,titan_012670,0,1866078.6436741191,False
1,titan_012965,0,179994.36211733092,False
1,titan_012966,0,224989.00862253713,False
1,titan_012967,0,269980.9665150002,False
1,titan_012968,1,314969.7866053617,False
1,titan_012969,1,359954.8504774602,False
1,titan_012970,1,404935.7047799389,False
1,titan_012971,1,449911.7681236515,False
1,titan_012972,1,494882.4562429992,False
1,titan_012973,1,539847.3070736001,False
1,titan_012974,1,584805.6877550981,False
1,titan_012975,1,629757.1287269852,False
1,titan_012976,0,674700.9889919762,False
1,titan_012977,0,719636.790102143,False
1,titan_012978,0,764563.8815195415,False
1,titan_012979,1,809481.7744742808,False
1,titan_012980,1,854389.8074373024,False
1,titan_012981,0,899287.4798316478,False
1,titan_012982,0,944174.1176324978,False
1,titan_012983,0,989049.2069124469,False
1,titan_012984,0,1033912.059584171,False
1,titan_012985,0,1078762.146760018,False
1,titan_012986,0,1123598.7646529176,False
1,titan_012987,0,1168421.3677300657,False
1,titan_012988,1,1213229.234787972,False
1,titan_012989,0,1258021.8018793801,False
1,titan_012990,0,1302798.3285786926,False
1,titan_012991,1,1347558.2306605524,False
1,titan_012992,1,1392300.7465722456,False
1,titan_012993,0,1437025.2698416063,False
1,titan_012994,0,1481731.0157733688,False
1,titan_012995,0,1526417.3535631984,False
1,titan_012996,0,1571083.473235402,False
1,titan_012997,0,1615728.7174389274,False
1,titan_012998,0,1660352.2486442975,False
1,titan_012999,0,1704953.3805963907,False
1,titan_013000,0,1749531.245788932,False
1,titan_013001,0,1794085.1265477426,False
1,titan_013002,0,1838614.1641896716,False
1,titan_013003,0,1883117.4827686048,False
1,titan_013004,2,1927594.3123811712,False
1,titan_013005,0,1972043.698853107,False
1,titan_013006,0,2016464.8337749944,False
1,titan_013007,0,2060856.7231005228,False
1,titan_013008,0,2105218.5167099065,False
1,titan_013009,0,2149549.1773752454,False
1,titan_013010,0,2193847.809818686,False
1,titan_013011,0,2238113.330066561,False
1,titan_013012,0,2282344.793967481,False
1,titan_013013,0,2326541.0669576884,False
1,titan_013014,0,2370701.152002226,False
1,titan_013015,0,2403427.6052298974,False
1,titan_013297,0,44999.94476632093,True
1,titan_013300,0,161063.1261577633,False
1,titan_013301,0,204794.4431944291,False
1,titan_013302,0,249027.05084810898,False
1,titan_013303,1,293533.0575473501,False
1,titan_013304,1,338203.1419733796,False
1,titan_013305,1,382978.33038491366,False
1,titan_013306,0,427824.15912967303,False
1,titan_013307,0,472718.88303808984,False
1,titan_013308,1,517648.255670762,False
1,titan_013309,1,562602.2785811685,False
1,titan_013310,1,607573.8666106402,False
1,titan_013311,1,652557.7628788631,False
1,titan_013312,2,697549.822868338,False
1,titan_013313,0,742546.933129048,False
1,titan_013314,0,787546.426826574,False
1,titan_013315,0,832546.2530829331,False
1,titan_013316,2,877544.5238436556,False
1,titan_013317,0,922269.1444751885,False
1,titan_013318,1,966957.0242905844,False
1,titan_013319,1,1011638.1579904237,False
1,titan_013320,0,1056311.4847843805,False
1,titan_013321,1,1100975.862285826,False
1,titan_013322,1,1145630.3824486192,False
1,titan_013323,0,1190274.0226663398,False
1,titan_013324,1,1234905.9269271162,False
1,titan_013325,1,1279525.271247937,False
1,titan_013326,0,1324131.1310578526,False
1,titan_013327,0,1368722.7674642925,False
1,titan_013328,0,1413299.2882768654,False
1,titan_013329,1,1457859.9777202948,False
1,titan_013330,1,1502403.959140285,False
1,titan_013331,0,1546930.4839730812,False
1,titan_013332,2,1591438.8039435577,False
1,titan_013333,2,1635928.0438821916,False
1,titan_013334,0,1680397.4912613423,False
1,titan_013335,0,1724846.261265623,False
1,titan_013336,0,1769273.5865415798,False
1,titan_013337,0,1813678.690732175,False
1,titan_013338,0,1858060.6624802295,False
1,titan_013339,0,1902418.7449837865,False
1,titan_013340,0,1946752.002432544,False
1,titan_013341,0,1991059.6509414108,False
1,titan_013342,2,2035340.7254421115,False
1,titan_013343,0,2079594.3688991084,False
1,titan_013344,0,2123819.706669467,False
1,titan_013345,0,2168015.7213351154,False
1,titan_013346,0,2212181.5412823996,False
1,titan_013347,0,2256316.1086776704,False
1,titan_013348,0,2300418.5090465043,False
1,titan_013349,0,2344487.639686679,False
1,titan_013350,0,2388522.4975413973,False
1,titan_013351,0,2432522.054052004,False
1,titan_013352,0,2472686.882864682,False
1,titan_013356,1,2593621.4291328094,False
1,titan_013357,1,2624011.403755003,False
1,titan_013358,1,2654448.713110474,False
1,titan_013359,1,2684926.028656923,False
1,titan_013360,0,2715436.313241344,False
1,titan_013361,0,2745972.5811202168,False
1,titan_013362,1,2776528.1150857136,False
1,titan_013363,1,2807096.2270501712,False
1,titan_013364,1,2837670.4478588155,False
1,titan_013637,0,134998.06967421196,False
1,titan_013638,0,179995.43564007446,False
1,titan_013639,0,224991.09384360994,False
1,titan_013640,0,269984.6577945397,False
1,titan_013641,0,314975.612577214,False
1,titan_013642,0,359963.56886520877,False
1,titan_013643,0,404948.09313902096,False
1,titan_013644,0,449928.74980107305,False
1,titan_013645,0,494905.1009079066,False
1,titan_013646,1,539876.7058994996,False
1,titan_013647,1,584843.1213253748,False
1,titan_013648,1,629803.9005671452,False
1,titan_013649,1,674758.5935571424,False
1,titan_013650,0,719706.746492782,False
1,titan_013651,0,764647.9438727053,False
1,titan_013652,1,809581.6388885222,False
1,titan_013653,1,854507.4071039575,False
1,titan_013654,1,899424.776821766,False
1,titan_013655,0,944333.271104225,False
1,titan_013656,1,989232.4074537513,False
1,titan_013657,1,1034121.6974864367,False
1,titan_013658,1,1079000.6465980487,False
1,titan_013659,1,1123868.7536220297,False
1,titan_013660,1,1168725.5104790123,False
1,titan_013661,1,1213570.4440507905,False
1,titan_013662,1,1258402.946865634,False
1,titan_013663,1,1303222.5301551789,False
1,titan_013664,1,1348006.5214306952,False
1,titan_013665,1,1392393.8939611053,False
1,titan_013666,1,1436771.2389088473,False
1,titan_013667,1,1481137.397748248,False
1,titan_013668,1,1525491.2639222406,False
1,titan_013669,2,1569831.7734583134,False
1,titan_013670,2,1614157.897038441,False
1,titan_013671,2,1658468.633247,False
1,titan_013672,2,1702763.044490665,False
1,titan_013673,0,1747040.0851231255,False
1,titan_013674,0,1791298.8474072537,False
1,titan_013675,0,1835538.390784308,False
1,titan_013676,2,1879757.7802102137,False
1,titan_013677,2,1923956.0831274309,False
1,titan_013678,0,1968132.3667389627,False
1,titan_013679,0,2012285.6955332349,False
1,titan_013680,0,2056415.1290171694,False
1,titan_013681,0,2100519.7196217356,False
1,titan_013682,0,2144598.552255082,False
1,titan_013683,0,2188650.5764211407,False
1,titan_013684,0,2232674.853586828,False
1,titan_013685,0,2276670.389423043,False
1,titan_013686,0,2320636.173731953,False
1,titan_013687,0,2364571.178890976,False
1,titan_013688,0,2408474.3583311266,False
1,titan_013689,0,2452344.6450389177,False
1,titan_013690,0,2496180.950072219,False
1,titan_013691,0,2539982.161081407,False
1,titan_013692,1,2572744.693267352,False
1,titan_013693,1,2602778.969616425,False
1,titan_013694,1,2632880.0279916464,False
1,titan_013695,1,2663040.307353788,False
1,titan_013696,1,2693252.4139368283,False
1,titan_013697,1,2723509.1373693724,False
1,titan_013698,1,2753803.439032871,False
1,titan_013699,1,2784128.440895275,False
1,titan_013700,1,2814477.414802823,False
1,titan_013701,1,2844843.7722123563,False
1,titan_013702,0,2873859.182631367,False
1,titan_013974,0,44999.9110005088,True
1,titan_013976,0,116683.46782575575,False
1,titan_013977,0,159273.04795174906,False
1,titan_013978,0,202960.96553369804,False
1,titan_013979,0,247164.42220703312,False
1,titan_013980,0,291648.0680374909,False
1,titan_013981,0,336299.56312188803,False
1,titan_013982,2,381058.6773653128,False
1,titan_013983,0,425890.332881163,False
1,titan_013984,0,470772.4863781034,False
1,titan_013985,1,515690.7573111152,False
1,titan_013986,1,560635.1422205045,False
1,titan_013987,1,605598.4760210069,False
1,titan_013988,1,650575.5809878357,False
1,titan_013989,0,695562.367641165,False
1,titan_013990,1,740555.7929672193,False
1,titan_013991,1,785553.3104012042,False
1,titan_013992,1,830552.827564771,False
1,titan_013993,1,875552.7163554358,False
1,titan_013994,1,920551.4310561663,False
1,titan_013995,1,965547.7892495862,False
1,titan_013996,1,1010540.6291413745,False
1,titan_013997,1,1055528.9045083586,False
1,titan_013998,0,1100511.7875989866,False
1,titan_013999,1,1145488.3515838725,False
1,titan_014000,0,1190457.8966477439,False
1,titan_014001,1,1235419.639939953,False
1,titan_014002,1,1280372.8341431825,False
1,titan_014003,1,1325316.887732986,False
1,titan_014004,1,1370251.0607408122,False
1,titan_014005,1,1415174.800440579,False
1,titan_014006,1,1460087.4391304513,False
1,titan_014007,2,1504988.318427976,False
1,titan_014008,1,1549876.9139065032,False
1,titan_014009,2,1594538.5801435953,False
1,titan_014010,2,1639110.0146300092,False
1,titan_014011,2,1683307.2023125696,False
1,titan_014012,0,1727408.4080147704,False
1,titan_014013,0,1771496.9057495908,False
1,titan_014014,0,1815571.4296295098,False
1,titan_014015,0,1859630.9154895789,False
1,titan_014016,2,1903674.2022843247,False
1,titan_014017,0,1947700.1519616838,False
1,titan_014018,0,1991707.7696882423,False
1,titan_014019,0,2035695.9075476667,False
1,titan_014020,0,2079663.5942477668,False
1,titan_014021,0,2123609.739800867,False
1,titan_014022,0,2167533.2574683437,False
1,titan_014023,0,2211433.185605726,False
1,titan_014024,0,2255308.393685068,False
1,titan_014025,0,2299157.9125631023,False
1,titan_014026,1,2342980.6410596645,False
1,titan_014027,1,2386775.46858105,False
1,titan_014028,0,2430541.3973967778,False
1,titan_014029,0,2474277.250212365,False
1,titan_014030,1,2517981.9999882877,False
1,titan_014031,1,2561654.4778945926,False
1,titan_014032,1,2605293.4959365046,False
1,titan_014033,1,2643548.6797413896,False
1,titan_014034,1,2673427.586067712,False
1,titan_014035,1,2703369.734974238,False
1,titan_014036,1,2733367.7803171277,False
1,titan_014037,1,2763414.552449219,False
1,titan_014038,1,2793503.1329094116,False
1,titan_014039,1,2823626.6444877773,False
1,titan_014040,1,2853778.469142315,False
1,titan_014041,1,2883952.038535521,False
1,titan_014318,0,134998.4502704984,False
1,titan_014319,0,179996.3721333769,False
1,titan_014320,0,224992.94204024546,False
1,titan_014321,0,269987.8204708551,False
1,titan_014322,0,314980.66688141157,False
1,titan_014323,2,359971.1394970913,False
1,titan_014324,2,404958.89510303247,False
1,titan_014325,1,449943.58883354627,False
1,titan_014326,1,494924.87395927316,False
1,titan_014327,1,539902.4016720229,False
1,titan_014328,1,584875.7780133449,False
1,titan_014329,0,629844.7350730244,False
1,titan_014330,0,674808.8736303224,False
1,titan_014331,0,719767.8343540268,False
1,titan_014332,1,764721.25471371,False
1,titan_014333,1,809668.7687446906,False
1,titan_014334,1,854610.0068086225,False
1,titan_014335,2,899544.5953493887,False
1,titan_014336,1,944472.156643966,False
1,titan_014337,2,989392.3085479159,False
1,titan_014338,1,1034304.6642351436,False
1,titan_014339,1,1079208.7891458303,False
1,titan_014340,1,1124104.371864896,False
1,titan_014341,1,1168990.967103207,False
1,titan_014342,1,1213868.1665778477,False
1,titan_014343,0,1258735.5559237073,False
1,titan_014344,1,1303592.7143906234,False
1,titan_014345,1,1348439.214531903,False
1,titan_014346,1,1393274.621883756,False
1,titan_014347,1,1438098.4946351114,False
1,titan_014348,1,1482910.383287323,False
1,titan_014349,0,1527709.830303198,False
1,titan_014350,0,1572496.3270734204,False
1,titan_014351,1,1617269.484240943,False
1,titan_014352,1,1662028.7752478116,False
1,titan_014353,0,1706773.706659018,False
1,titan_014354,2,1751503.7750651878,False
1,titan_014355,1,1796218.466654632,False
1,titan_014356,2,1840917.2567701356,False
1,titan_014357,0,1885599.6094496825,False
1,titan_014358,0,1929776.1311597403,False
1,titan_014359,2,1973619.193019886,False
1,titan_014360,1,2017448.2691710514,False
1,titan_014361,1,2061262.0767394954,False
1,titan_014362,1,2105059.4860522025,False
1,titan_014363,0,2148839.2649236484,False
1,titan_014364,0,2192600.2409876273,False
1,titan_014365,0,2236341.2556955456,False
1,titan_014366,0,2280061.160451969,False
1,titan_014367,1,2323758.813074052,False
1,titan_014368,1,2367433.0745275393,False
1,titan_014369,1,2411082.8058986515,False
1,titan_014370,0,2454706.865566641,False
1,titan_014371,1,2498304.1065464225,False
1,titan_014372,1,2541873.332470604,False
1,titan_014373,1,2585413.461239864,False
1,titan_014374,1,2628923.273620361,False
1,titan_014375,1,2672401.577128864,False
1,titan_014376,1,2715241.8891657363,False
1,titan_014377,1,2744977.7624676167,False
1,titan_014378,1,2774773.1682386003,False
1,titan_014379,1,2804621.041436118,False
1,titan_014380,1,2834514.4764700923,False
1,titan_014381,1,2864446.717262345,False
1,titan_014382,1,2894411.1476642275,False
1,titan_014383,0,2924401.253633592,False
1,titan_014659,1,44999.91608432775,True
1,titan_014663,0,212848.23994725058,False
1,titan_014664,0,256886.72215245437,False
1,titan_014665,0,301171.33485936874,False
1,titan_014666,0,345606.4422999082,False
1,titan_014667,0,390139.58487243194,False
1,titan_014668,0,434739.56892238907,False
1,titan_014669,1,479386.60613645584,False
1,titan_014670,1,524067.6360464709,False
1,titan_014671,0,568773.4883938362,False
1,titan_014672,0,613497.5945807344,False
1,titan_014673,0,658235.0343989421,False
1,titan_014674,0,702982.1696612996,False
1,titan_014675,0,747736.0416011424,False
1,titan_014676,0,792494.3134875352,False
1,titan_014677,0,837255.0721094095,False
1,titan_014678,0,882016.6764664333,False
1,titan_014679,2,926777.852169037,False
1,titan_014680,1,971537.3782515448,False
1,titan_014681,1,1016294.2174891613,False
1,titan_014682,2,1061047.4426660433,False
1,titan_014683,2,1105796.1702814072,False
1,titan_014684,2,1150539.7139942271,False
1,titan_014685,1,1195277.3133689992,False
1,titan_014686,1,1240008.2942910283,False
1,titan_014687,1,1284732.0172796568,False
1,titan_014688,1,1329447.827556101,False
1,titan_014689,0,1374155.220608854,False
1,titan_014690,0,1418853.5804231265,False
1,titan_014691,1,1463542.346897073,False
1,titan_014692,1,1508220.9696966456,False
1,titan_014693,1,1552888.8626710642,False
1,titan_014694,1,1597545.5726129136,False
1,titan_014695,1,1642190.5204394322,False
1,titan_014696,1,1686823.1705591115,False
1,titan_014697,1,1731442.98647729,False
1,titan_014698,2,1776049.3866435587,False
1,titan_014699,2,1820641.9140802398,False
1,titan_014700,0,1865219.9788118554,False
1,titan_014701,0,1909783.027722903,False
1,titan_014702,0,1954330.5008070325,False
1,titan_014703,0,1998861.7875607798,False
1,titan_014704,1,2043376.3967016528,False
1,titan_014705,1,2087873.6993323222,False
1,titan_014706,1,2132353.0987518816,False
1,titan_014707,1,2176181.740121149,False
1,titan_014708,1,2219774.2652618745,False
1,titan_014709,1,2263350.9866879336,False
1,titan_014710,1,2306910.586148979,False
1,titan_014711,1,2350451.8063404276,False
1,titan_014712,1,2393973.4048517602,False
1,titan_014713,1,2437474.1085656057,False
1,titan_014714,1,2480952.7766894973,False
1,titan_014715,1,2524408.147330539,False
1,titan_014716,1,2567839.0010435586,False
1,titan_014717,1,2611244.116170012,False
1,titan_014718,1,2654622.2244775537,False
1,titan_014719,1,2697972.1746739517,False
1,titan_014720,1,2741292.6805014997,False
1,titan_014721,2,2784582.484510355,False
1,titan_014722,1,2817449.0710926536,False
1,titan_014723,1,2847109.3121789303,False
1,titan_014724,0,2876818.522867007,False
1,titan_014725,1,2906569.988136725,False
1,titan_014726,0,2936357.155895346,False
1,titan_014727,0,2966173.5998448976,False
1,titan_015004,1,44999.96364260983,True
1,titan_015009,0,244244.3114962416,False
1,titan_015010,0,288693.53765070136,False
1,titan_015011,0,333316.5258974671,False
1,titan_015012,0,378051.019364858,False
1,titan_015013,0,422860.77690245083,False
1,titan_015014,0,467723.3239669914,False
1,titan_015015,0,512623.9420226794,False
1,titan_015016,0,557552.5604759462,False
1,titan_015017,0,601771.1720135547,False
1,titan_015018,0,646048.1020800717,False
1,titan_015019,0,690381.2167657333,False
1,titan_015020,0,734759.2539916071,False
1,titan_015021,0,779173.4335998711,False
1,titan_015022,0,823616.792205671,False
1,titan_015023,0,868083.7201626444,False
1,titan_015024,0,912569.5897622034,False
1,titan_015025,0,957070.6885525614,False
1,titan_015026,1,1001583.7872823676,False
1,titan_015027,1,1046106.1804920074,False
1,titan_015028,1,1090635.5447617192,False
1,titan_015029,0,1135169.8628951404,False
1,titan_015030,1,1179707.3222648278,False
1,titan_015031,1,1224246.4402819618,False
1,titan_015032,0,1268785.7706790832,False
1,titan_015033,0,1313324.0459222887,False
1,titan_015034,1,1357860.1108860027,False
1,titan_015035,0,1402392.9038062072,False
1,titan_015036,0,1446921.397818273,False
1,titan_015037,0,1491444.7595718,False
1,titan_015038,1,1535962.081317702,False
1,titan_015039,1,1580472.5434519064,False
1,titan_015040,1,1624975.3641068104,False
1,titan_015041,1,1669469.7927583836,False
1,titan_015042,1,1713955.0619416113,False
1,titan_015043,1,1758430.5538622146,False
1,titan_015044,1,1802895.539356576,False
1,titan_015045,0,1847349.345672641,False
1,titan_015046,0,1891791.3105242748,False
1,titan_015047,0,1936220.7793387736,False
1,titan_015048,1,1980637.0600484125,False
1,titan_015049,1,2025039.5919262017,False
1,titan_015050,1,2069427.6870176203,False
1,titan_015051,1,2113800.6993872104,False
1,titan_015052,1,2158157.980679169,False
1,titan_015053,1,2202498.8785689226,False
1,titan_015054,1,2246822.6926509337,False
1,titan_015055,1,2291128.8437528647,False
1,titan_015056,1,2335416.616598384,False
1,titan_015057,1,2379214.621732109,False
1,titan_015058,1,2422580.538398302,False
1,titan_015059,1,2465929.5643140986,False
1,titan_015060,1,2509260.3343979013,False
1,titan_015061,1,2552571.622575182,False
1,titan_015062,1,2595862.0876176828,False
1,titan_015063,1,2639130.4364341754,False
1,titan_015064,1,2682375.378967298,False
1,titan_015065,1,2725595.6250070133,False
1,titan_015066,2,2768789.8395937732,False
1,titan_015067,2,2811956.8064519577,False
1,titan_015068,0,2855095.1757029635,False
1,titan_015069,0,2890862.289959929,False
1,titan_015070,0,2920398.4377950733,False
1,titan_015071,2,2949979.908044777,False
1,titan_015072,0,2979600.188359122,False
1,titan_015073,0,3009252.972652396,False
1,titan_015352,1,44999.991089020776,True
1,titan_015353,0,89999.71225839286,True
1,titan_015354,0,134998.9805041883,False
1,titan_015355,0,179997.6125461315,False
1,titan_015356,0,224995.29411682585,False
1,titan_015357,0,269991.84097387345,False
1,titan_015358,0,314987.0681809784,False
1,titan_015359,0,359980.65940794576,False
1,titan_015360,2,404972.4279204401,False
1,titan_015361,2,449962.18586483947,False
1,titan_015362,0,494949.61358341895,False
1,titan_015363,0,539934.5205681542,False
1,titan_015364,0,584916.7147536225,False
1,titan_015365,0,629895.8718518345,False
1,titan_015366,0,674871.7962562164,False
1,titan_015367,0,719844.2903468546,False
1,titan_015368,0,764813.0238494512,False
1,titan_015369,0,809777.7946752856,False
1,titan_015370,0,854738.3982430543,False
1,titan_015371,0,899694.4968664809,False
1,titan_015372,2,944645.880515583,False
1,titan_015373,0,989592.3361593391,False
1,titan_015374,1,1034445.4421173439,False
1,titan_015375,1,1078677.8393931282,False
1,titan_015376,2,1122932.2398567083,False
1,titan_015377,2,1167205.0610740236,False
1,titan_015378,0,1211493.1973368912,False
1,titan_015379,0,1255793.806441672,False
1,titan_015380,1,1300104.4991946286,False
1,titan_015381,1,1344423.1566153227,False
1,titan_015382,1,1388747.7572401287,False
1,titan_015383,1,1433076.5983486888,False
1,titan_015384,0,1477408.137787523,False
1,titan_015385,0,1521740.840811049,False
1,titan_015386,0,1566073.4169488128,False
1,titan_015387,0,1610404.6742547227,False
1,titan_015388,1,1654733.3762420663,False
1,titan_015389,1,1699058.4869289887,False
1,titan_015390,1,1743379.0317539452,False
1,titan_015391,1,1787693.960041724,False
1,titan_015392,1,1832002.3945119951,False
1,titan_015393,1,1876303.4959644366,False
1,titan_015394,1,1920596.3289366139,False
1,titan_015395,0,1964880.1137093096,False
1,titan_015396,1,2009154.0932258526,False
1,titan_015397,1,2053417.4006816316,False
1,titan_015398,1,2097669.31292609,False
1,titan_015399,1,2141909.118765127,False
1,titan_015400,1,2186135.987774228,False
1,titan_015401,1,2230349.224447839,False
1,titan_015402,1,2274548.137394739,False
1,titan_015403,1,2318731.908962483,False
1,titan_015404,1,2362899.8497295394,False
1,titan_015405,1,2407051.2683018255,False
1,titan_015406,1,2451185.3415009114,False
1,titan_015407,1,2495301.3689314136,False
1,titan_015408,1,2539398.6431996883,False
1,titan_015409,1,2582776.204712897,False
1,titan_015410,1,2625925.2939617243,False
1,titan_015411,1,2669056.1089451155,False
1,titan_015412,2,2712167.2018042696,False
1,titan_015413,2,2755257.2575139655,False
1,titan_015414,2,2798324.9651472606,False
1,titan_015415,0,2841368.889688493,False
1,titan_015416,0,2884387.718828487,False
1,titan_015417,0,2927380.134865342,False
1,titan_015418,0,2965239.416981555,False
1,titan_015419,0,2994661.887444757,False
1,titan_015420,0,3024125.9998769923,False
1,titan_015700,1,44999.95382899114,True
1,titan_015701,2,88569.74156182716,True
1,titan_015702,0,129274.7646020314,False
1,titan_015703,0,172080.72298514415,False
1,titan_015704,0,215740.1136578874,False
1,titan_015705,0,259822.50728110154,False
1,titan_015706,0,304143.3191260372,False
1,titan_015707,0,348610.9821073704,False
1,titan_015708,0,393174.98075287574,False
1,titan_015709,0,437805.23155300634,False
1,titan_015710,0,482482.55024679773,False
1,titan_015711,0,527194.2654154673,False
1,titan_015712,0,571931.6047205408,False
1,titan_015713,0,616688.1548813768,False
1,titan_015714,0,661459.2822005289,False
1,titan_015715,0,706241.4801904013,False
1,titan_015716,0,751031.902995899,False
1,titan_015717,0,795828.4034895434,False
1,titan_015718,0,840629.2509082808,False
1,titan_015719,0,885432.8943443205,False
1,titan_015720,1,930238.1484651412,False
1,titan_015721,1,975044.0082606185,False
1,titan_015722,1,1019849.4781164827,False
1,titan_015723,1,1064653.8027652157,False
1,titan_015724,1,1109456.2702421804,False
1,titan_015725,0,1154256.2812886601,False
1,titan_015726,0,1199053.161539677,False
1,titan_015727,0,1243846.4118403804,False
1,titan_015728,0,1288635.5690711744,False
1,titan_015729,0,1333420.068725983,False
1,titan_015730,1,1377939.3220304798,False
1,titan_015731,1,1422027.5204840042,False
1,titan_015732,1,1466129.1340558825,False
1,titan_015733,0,1510241.9020582868,False
1,titan_015734,1,1554363.7801230366,False
1,titan_015735,1,1598492.7807543932,False
1,titan_015736,1,1642627.2045636587,False
1,titan_015737,1,1686765.4897564535,False
1,titan_015738,1,1730906.064805956,False
1,titan_015739,1,1775047.589765788,False
1,titan_015740,1,1819188.7710586772,False
1,titan_015741,1,1863328.4354093461,False
1,titan_015742,1,1907465.348083684,False
1,titan_015743,1,1951598.461244919,False
1,titan_015744,1,1995726.777497826,False
1,titan_015745,1,2039849.21444638,False
1,titan_015746,1,2083964.855854035,False
1,titan_015747,1,2128072.817645108,False
1,titan_015748,1,2172172.114609979,False
1,titan_015749,1,2216261.9132177364,False
1,titan_015750,1,2260341.3991800016,False
1,titan_015751,1,2304409.6455490636,False
1,titan_015752,1,2348465.866478328,False
1,titan_015753,1,2392509.2858147244,False
1,titan_015754,1,2436539.0061349967,False
1,titan_015755,1,2480554.2630020343,False
1,titan_015756,1,2524554.251522012,False
1,titan_015757,1,2568538.2097162176,False
1,titan_015758,1,2612505.2456099605,False
1,titan_015759,1,2656454.591691723,False
1,titan_015760,2,2700385.474831474,False
1,titan_015761,2,2743982.0275034644,False
1,titan_015762,2,2786942.3359344164,False
1,titan_015763,2,2829884.0077351714,False
1,titan_015764,2,2872805.547834809,False
1,titan_015765,2,2915705.5906587243,False
1,titan_015766,0,2958582.7715260335,False
1,titan_015767,0,3001435.5985655845,False
1,titan_015768,0,3040603.5154788694,False
1,titan_015769,0,3069922.2593805897,False
1,titan_016050,0,44999.952708288176,True
1,titan_016051,2,89453.33896172929,True
1,titan_016052,0,130242.13464976377,False
1,titan_016053,1,173083.5943156302,False
1,titan_016054,2,216763.50689210556,False
1,titan_016055,0,259005.1418016446,False
1,titan_016056,0,301429.3600521921,False
1,titan_016057,0,344458.26140111726,False
1,titan_016058,0,387889.97434955975,False
1,titan_016059,0,431602.302156982,False
1,titan_016060,0,475517.2514005546,False
1,titan_016061,0,519582.7044422303,False
1,titan_016062,0,563762.765913653,False
1,titan_016063,0,608031.6855412056,False
1,titan_016064,0,652370.7507056524,False
1,titan_016065,0,696765.7820113524,False
1,titan_016066,0,741206.0834312802,False
1,titan_016067,0,785683.1672673255,False
1,titan_016068,2,830190.423643199,False
1,titan_016069,2,874722.5482222419,False
1,titan_016070,2,919275.0967405371,False
1,titan_016071,2,963844.5606806631,False
1,titan_016072,2,1008427.8513376592,False
1,titan_016073,0,1053022.521690942,False
1,titan_016074,1,1097626.3231395616,False
1,titan_016075,1,1142237.4802449879,False
1,titan_016076,0,1186854.2858995702,False
1,titan_016077,0,1231475.3613348114,False
1,titan_016078,0,1276099.4903324505,False
1,titan_016079,1,1320725.4604492325,False
1,titan_016080,1,1365352.3449734086,False
1,titan_016081,1,1409979.136276829,False
1,titan_016082,1,1454605.0789204962,False
1,titan_016083,1,1499229.309000721,False
1,titan_016084,1,1543851.1920150765,False
1,titan_016085,1,1588469.9660416618,False
1,titan_016086,1,1633085.0391322246,False
1,titan_016087,1,1677081.4781449302,False
1,titan_016088,1,1721016.651261883,False
1,titan_016089,1,1764960.9606948008,False
1,titan_016090,1,1808912.5275990753,False
1,titan_016091,1,1852869.772852631,False
1,titan_016092,1,1896831.0581408541,False
1,titan_016093,1,1940795.0150519286,False
1,titan_016094,2,1984760.1899592653,False
1,titan_016095,1,2028725.3335707919,False
1,titan_016096,1,2072689.2629706915,False
1,titan_016097,1,2116650.7247559684,False
1,titan_016098,1,2160608.6879002866,False
1,titan_016099,1,2204561.994257951,False
1,titan_016100,1,2248509.695758643,False
1,titan_016101,1,2292450.7062633554,False
1,titan_016102,1,2336384.1397912316,False
1,titan_016103,1,2380308.96343195,False
1,titan_016104,1,2424224.293465453,False
1,titan_016105,1,2468129.2632570853,False
1,titan_016106,1,2512022.8916088925,False
1,titan_016107,1,2555904.379513562,False
1,titan_016108,1,2599772.7649135413,False
1,titan_016109,1,2643627.262522307,False
1,titan_016110,1,2687466.9191295058,False
1,titan_016111,1,2731290.953511913,False
1,titan_016112,2,2775098.41221976,False
1,titan_016113,2,2818888.466767344,False
1,titan_016114,2,2862660.283361562,False
1,titan_016115,2,2906253.6835517087,False
1,titan_016116,2,2949036.503250097,False
1,titan_016117,0,2991799.9905152675,False
1,titan_016118,0,3034542.7735954314,False
1,titan_016119,2,3077263.314232076,False
1,titan_016401,2,44999.9740203895,True
1,titan_016402,2,71640.90009129934,True
1,titan_016403,2,110407.66231075901,False
1,titan_016404,0,152679.44495629455,False
1,titan_016405,0,196203.40279397304,False
1,titan_016406,2,240299.74258027077,False
1,titan_016407,0,284702.2423289342,False
1,titan_016408,0,329286.669803014,False
1,titan_016409,0,373987.54772046517,False
1,titan_016410,0,418767.15676240664,False
1,titan_016411,0,463602.24388285325,False
1,titan_016412,0,508477.6860398801,False
1,titan_016413,2,553383.2105694299,False
1,titan_016414,0,598311.5822873135,False
1,titan_016415,0,643257.5460147251,False
1,titan_016416,0,688217.1814962704,False
1,titan_016417,0,733187.4946894681,False
1,titan_016418,0,778166.1942977647,False
1,titan_016419,0,823151.3355545381,False
1,titan_016420,2,867624.9137796714,False
1,titan_016421,2,911812.9782967053,False
1,titan_016422,2,956045.5185490616,False
1,titan_016423,2,1000315.9363097153,False
1,titan_016424,0,1044618.7104194453,False
1,titan_016425,0,1088949.1790192907,False
1,titan_016426,0,1133303.3721961917,False
1,titan_016427,1,1177677.8819683255,False
1,titan_016428,1,1222069.7602598458,False
1,titan_016429,1,1266476.438089801,False
1,titan_016430,1,1310895.6610060558,False
1,titan_016431,1,1355325.4370784,False
1,titan_016432,1,1399763.9946880601,False
1,titan_016433,1,1444209.7480223163,False
1,titan_016434,1,1488661.3121940226,False
1,titan_016435,1,1533117.3056539397,False
1,titan_016436,1,1577576.591681527,False
1,titan_016437,1,1622038.0878985864,False
1,titan_016438,1,1666500.795932798,False
1,titan_016439,1,1710963.7896814544,False
1,titan_016440,1,1755426.205313504,False
1,titan_016441,1,1799887.2327089843,False
1,titan_016442,1,1844346.1080925425,False
1,titan_016443,1,1888691.3897650088,False
1,titan_016444,1,1932467.5413998363,False
1,titan_016445,1,1976252.1504722275,False
1,titan_016446,1,2020043.5510228367,False
1,titan_016447,1,2063840.178477957,False
1,titan_016448,1,2107640.5579416794,False
1,titan_016456,1,2458024.083982064,False
1,titan_016457,1,2501802.3308782857,False
1,titan_016458,1,2545572.7076044106,False
1,titan_016459,1,2589334.2363672755,False
1,titan_016460,1,2633085.9560154304,False
1,titan_016461,1,2676826.918892823,False
1,titan_016462,2,2720556.1879099873,False
1,titan_016463,2,2764272.8338041776,False
1,titan_016464,2,2807975.9325631484,False
1,titan_016465,2,2851664.6057509617,False
1,titan_016466,2,2895337.847134952,False
1,titan_016467,2,2938994.777085613,False
1,titan_016468,2,2982634.4693640526,False
1,titan_016469,2,3026255.9918451565,False
1,titan_016470,2,3069655.6984861367,False
1,titan_016471,0,3112272.11825998,False
1,titan_016754,0,44999.97619136445,True
1,titan_016755,0,89999.83686595265,True
1,titan_016756,0,134999.46643669144,False
1,titan_016757,0,179998.7491758237,False
1,titan_016758,0,224997.56914434314,False
1,titan_016759,0,269995.81012115505,False
1,titan_016760,0,314993.3997294647,False
1,titan_016761,0,359990.1325739452,False
1,titan_016762,0,404985.93535648205,False
1,titan_016763,0,449980.6900106786,False
1,titan_016764,2,494974.2778266117,False
1,titan_016765,0,539966.5793764325,False
1,titan_016766,0,584957.4744390403,False
1,titan_016767,0,629946.8419237235,False
1,titan_016768,0,674934.5597926693,False
1,titan_016769,0,719920.5049822363,False
1,titan_016770,1,764904.5975066076,False
1,titan_016771,0,809886.6236392867,False
1,titan_016772,0,854866.5009383949,False
1,titan_016773,0,899844.101421055,False
1,titan_016774,2,944819.2956624406,False
1,titan_016775,0,989791.952707222,False
1,titan_016776,0,1034761.9399789576,False
1,titan_016777,1,1079729.1231872693,False
1,titan_016778,1,1124693.3662326771,False
1,titan_016779,1,1169654.5752696136,False
1,titan_016780,1,1214612.52196022,False
1,titan_016781,1,1259567.1083448094,False
1,titan_016782,1,1303944.7411514458,False
1,titan_016783,1,1348131.9233914781,False
1,titan_016784,1,1392340.1487832286,False
1,titan_016785,1,1436566.7670108057,False
1,titan_016786,1,1480809.4144358344,False
1,titan_016787,1,1525065.9721015638,False
1,titan_016788,1,1569334.5307353644,False
1,titan_016789,1,1613613.4049191633,False
1,titan_016790,1,1657900.9344081436,False
1,titan_016791,1,1702195.7241717735,False
1,titan_016792,1,1746496.4526431963,False
1,titan_016793,1,1790801.900001596,False
1,titan_016794,1,1835110.9351186487,False
1,titan_016795,1,1879422.5043027208,False
1,titan_016796,1,1923735.62155156,False
1,titan_016797,1,1968049.360075727,False
1,titan_016798,1,2012362.8448964101,False
1,titan_016799,1,2056675.2898788867,False
1,titan_016800,1,2100985.817918494,False
1,titan_016801,1,2144669.657607461,False
1,titan_016809,1,2493887.570036568,False
1,titan_016810,1,2537538.4274508846,False
1,titan_016811,1,2581185.04741333,False
1,titan_016812,1,2624826.349682265,False
1,titan_016813,2,2668461.279319998,False
1,titan_016814,2,2712088.8029728094,False
1,titan_016815,2,2755707.905421548,False
1,titan_016816,0,2799317.5863691606,False
1,titan_016817,2,2842916.857435283,False
1,titan_016818,2,2886504.78213881,False
1,titan_016819,2,2930080.3019874967,False
1,titan_016820,2,2973642.4908269537,False
1,titan_016821,2,3017190.3811588483,False
1,titan_016822,2,3060723.004642917,False
1,titan_016823,2,3104239.389863152,False
1,titan_017108,0,44999.98015238842,True
1,titan_017109,2,89999.86636896772,True
1,titan_017110,0,132977.4418252823,False
1,titan_017111,0,175916.93206186834,False
1,titan_017112,1,219654.60984603167,False
1,titan_017113,1,263793.44447104767,False
1,titan_017114,1,308160.7855726456,False
1,titan_017115,1,352670.0675629801,False
1,titan_017116,1,397273.2839849388,False
1,titan_017117,1,441941.566031841,False
1,titan_017118,1,486656.66827003466,False
1,titan_017119,1,531406.4042671311,False
1,titan_017120,0,576182.3313443587,False
1,titan_017121,0,620978.4057132183,False
1,titan_017122,0,665790.1777080595,False
1,titan_017123,0,710614.290170565,False
1,titan_017124,1,755448.1547311014,False
1,titan_017125,1,800289.7365349543,False
1,titan_017126,1,845137.4072907506,False
1,titan_017127,1,889989.8868130473,False
1,titan_017128,1,934845.9930751588,False
1,titan_017129,1,979704.8542126715,False
1,titan_017130,1,1024565.6925453523,False
1,titan_017131,1,1069427.8393793418,False
1,titan_017132,1,1114290.7126900097,False
1,titan_017133,1,1159153.7999603555,False
1,titan_017134,1,1204016.6448312562,False
1,titan_017135,1,1248878.836605384,False
1,titan_017136,1,1293740.0019119978,False
1,titan_017137,1,1338599.842221637,False
1,titan_017138,1,1383457.9516550757,False
1,titan_017139,1,1428314.0777586019,False
1,titan_017140,1,1473167.941089103,False
1,titan_017141,1,1518019.2764074036,False
1,titan_017142,1,1562867.8301685513,False
1,titan_017143,1,1607713.3584093647,False
1,titan_017144,1,1651896.3089912802,False
1,titan_017145,1,1695997.4560305637,False
1,titan_017146,1,1740112.7238516326,False
1,titan_017147,1,1784240.3550805417,False
1,titan_017148,1,1828378.778685923,False
1,titan_017149,1,1872526.4185399008,False
1,titan_017150,1,1916681.9392124515,False
1,titan_017151,1,1960844.0588978012,False
1,titan_017152,1,2005011.5814431347,False
1,titan_017153,1,2049183.386327574,False
1,titan_017154,1,2093358.4198617989,False
1,titan_017155,1,2137535.6874317224,False
1,titan_017156,1,2181714.2466377234,False
1,titan_017157,1,2225893.2012041314,False
1,titan_017158,1,2270071.7390782284,False
1,titan_017159,1,2314211.880356534,False
1,titan_017160,1,2357718.780310437,False
1,titan_017161,1,2401231.8512169723,False
1,titan_017162,2,2444749.656846447,False
1,titan_017163,2,2488270.82270133,False
1,titan_017164,1,2531794.029382373,False
1,titan_017165,1,2575318.006555527,False
1,titan_017166,1,2618841.527447565,False
1,titan_017167,1,2662363.403807321,False
1,titan_017168,1,2705882.481277268,False
1,titan_017169,2,2749397.6779967346,False
1,titan_017170,2,2792907.809168219,False
1,titan_017171,2,2836411.8406255594,False
1,titan_017172,2,2879908.713919029,False
1,titan_017173,2,2923397.3859862215,False
1,titan_017174,2,2966876.8261385066,False
1,titan_017175,2,3010346.0132134,False
1,titan_017176,1,3053803.932871119,False
1,titan_017177,1,3097249.575015695,False
1,titan_017178,1,3140681.9313227413,False
1,titan_017463,2,44999.98170006242,True
1,titan_017464,2,89999.9331670453,True
1,titan_017465,0,133934.7927122711,False
1,titan_017466,0,176907.1134300018,False
1,titan_017467,0,220664.1248426898,False
1,titan_017468,0,264816.89210612775,False
1,titan_017469,0,309171.0495974615,False
1,titan_017470,1,352342.3073422707,False
1,titan_017471,0,395891.3659363319,False
1,titan_017472,1,439705.71832615096,False
1,titan_017473,2,483712.88626371254,False
1,titan_017474,0,527864.355261795,False
1,titan_017475,0,572126.3882284268,False
1,titan_017476,0,616474.8349813509,False
1,titan_017477,1,660891.9593798628,False
1,titan_017478,1,705364.4429850447,False
1,titan_017479,1,749882.1318176505,False
1,titan_017480,1,794436.9933248577,False
1,titan_017481,1,839022.7861544922,False
1,titan_017482,1,883634.4681127187,False
1,titan_017483,1,928267.9428354459,False
1,titan_017484,1,972919.8436360339,False
1,titan_017485,1,1017587.3738227775,False
1,titan_017486,1,1062268.1870175544,False
1,titan_017487,1,1106960.3404244077,False
1,titan_017488,0,1151662.0483493076,False
1,titan_017489,1,1196371.8928236244,False
1,titan_017490,1,1241088.6043746823,False
1,titan_017491,1,1285811.0723841651,False
1,titan_017492,1,1330538.318069676,False
1,titan_017493,1,1375269.4727017905,False
1,titan_017494,1,1420003.7599063856,False
1,titan_017495,1,1464740.5253789886,False
1,titan_017496,1,1509479.048162656,False
1,titan_017497,1,1554218.7959303816,False
1,titan_017498,1,1598959.239941572,False
1,titan_017499,1,1643699.8923040086,False
1,titan_017500,1,1688440.3001201248,False
1,titan_017501,1,1733180.0405174112,False
1,titan_017502,1,1777918.7606043327,False
1,titan_017503,1,1822655.9970379095,False
1,titan_017504,1,1867391.4380749983,False
1,titan_017505,1,1912087.3938568074,False
1,titan_017506,1,1956080.9075619353,False
1,titan_017507,1,2000086.5174331428,False
1,titan_017508,1,2044102.7409708772,False
1,titan_017509,1,2088128.1952828078,False
1,titan_017510,1,2132161.629583563,False
1,titan_017511,1,2176201.741459805,False
1,titan_017512,1,2220247.4292687336,False
1,titan_017513,1,2264297.6104817176,False
1,titan_017514,0,2308351.2583546615,False
1,titan_017515,0,2352407.3958198326,False
1,titan_017516,1,2396465.09000345,False
1,titan_017517,1,2440523.4908149396,False
1,titan_017518,1,2484581.6523799626,False
1,titan_017519,1,2528329.4253410026,False
1,titan_017520,1,2571723.426456592,False
1,titan_017521,1,2615122.19515365,False
1,titan_017522,1,2658524.385511737,False
1,titan_017523,1,2701928.698982357,False
1,titan_017524,2,2745333.879212256,False
1,titan_017525,2,2788738.750153993,False
1,titan_017526,2,2832142.0401344127,False
1,titan_017527,2,2875542.635050206,False
1,titan_017528,2,2918939.4030354894,False
1,titan_017529,2,2962331.233783912,False
1,titan_017530,2,3005717.035209385,False
1,titan_017531,1,3049095.7303000055,False
1,titan_017532,1,3092466.254141292,False
1,titan_017533,1,3135827.593919881,False
1,titan_017819,2,44999.9967223693,True
1,titan_017820,0,89999.93571564028,True
1,titan_017821,0,134887.79091878064,False
1,titan_017822,0,173098.60058611637,False
1,titan_017823,0,212911.54935319888,False
1,titan_017824,0,254491.81567743182,False
1,titan_017825,1,297098.12253182824,False
1,titan_017826,0,340345.286472859,False
1,titan_017827,0,384016.6858734224,False
1,titan_017828,1,427982.3297822453,False
1,titan_017829,1,472159.88160119206,False
1,titan_017830,1,516494.8183320633,False
1,titan_017831,1,560949.6712500475,False
1,titan_017832,1,605497.8290984001,False
1,titan_017833,1,650120.0330908129,False
1,titan_017834,1,694801.8217295661,False
1,titan_017835,1,739532.2333437022,False
1,titan_017836,1,784302.7853024758,False
1,titan_017837,1,829106.8098141982,False
1,titan_017838,1,873938.9917976514,False
1,titan_017839,1,918794.9963026695,False
1,titan_017840,1,963671.4089223878,False
1,titan_017841,1,1008565.2948140571,False
1,titan_017842,1,1053474.2462081965,False
1,titan_017843,1,1098396.2395598611,False
1,titan_017844,1,1143329.5601752934,False
1,titan_017845,1,1188272.7438417668,False
1,titan_017846,1,1233224.486630732,False
1,titan_017847,1,1278183.7868834855,False
1,titan_017848,1,1323149.6493403476,False
1,titan_017849,1,1368121.240073284,False
1,titan_017850,1,1413097.8232388457,False
1,titan_017851,1,1458078.745790891,False
1,titan_017852,1,1503063.4249209694,False
1,titan_017853,1,1548051.2931194552,False
1,titan_017854,1,1592810.946714702,False
1,titan_017855,1,1637422.993989327,False
1,titan_017856,1,1682039.904534315,False
1,titan_017857,1,1726660.9084797204,False
1,titan_017858,1,1771285.298558661,False
1,titan_017859,1,1815912.4220107433,False
1,titan_017860,1,1860541.6294287248,False
1,titan_017861,1,1905172.4455479707,False
1,titan_017862,1,1949804.2988624887,False
1,titan_017863,1,1994436.693886754,False
1,titan_017864,1,2039069.1630052088,False
1,titan_017865,1,2083701.263002575,False
1,titan_017866,1,2128332.5720067746,False
1,titan_017867,1,2172962.6425869456,False
1,titan_017868,1,2216952.6411226965,False
1,titan_017869,2,2260863.7721117716,False
1,titan_017870,2,2304783.742058845,False
1,titan_017871,2,2348711.3453008225,False
1,titan_017872,0,2392645.439555851,False
1,titan_017873,1,2436584.9393778862,False
1,titan_017874,1,2480528.7667381093,False
1,titan_017875,1,2524476.0197717915,False
1,titan_017876,1,2568425.7068332913,False
1,titan_017877,1,2612376.9161710017,False
1,titan_017878,2,2656328.7684007087,False
1,titan_017879,2,2700216.6311993347,False
1,titan_017880,2,2743506.2930896366,False
1,titan_017881,2,2786800.494760147,False
1,titan_017882,2,2830098.0085021667,False
1,titan_017883,2,2873397.5179846757,False
1,titan_017884,2,2916697.785281494,False
1,titan_017885,2,2959997.6038398887,False
1,titan_017886,2,3003295.7945987727,False
1,titan_017887,2,3046591.2023519864,False
1,titan_017888,2,3089882.6494583557,False
1,titan_017889,2,3133169.1040985533,False
1,titan_017890,2,3176449.4199787886,False
1,titan_018176,1,45000.0175228031,True
1,titan_018177,1,67891.51042100652,True
1,titan_018178,1,105912.44809286091,True
1,titan_018179,0,147929.38532544102,False
1,titan_018180,0,191327.5014065183,False
1,titan_018181,1,235343.78839636815,False
1,titan_018182,1,279686.49752093694,False
1,titan_018183,1,324221.54052818945,False
1,titan_018186,1,458418.39987233543,False
1,titan_018187,1,503259.9176746963,False
1,titan_018188,1,548133.4656951756,False
1,titan_018189,1,593031.7199266467,False
1,titan_018190,1,637949.2505226657,False
1,titan_018191,1,682882.1986560257,False
1,titan_018192,1,727827.4910171988,False
1,titan_018193,1,772782.916756524,False
1,titan_018194,1,817746.5828728164,False
1,titan_018195,1,862717.097253399,False
1,titan_018196,1,907693.3439459457,False
1,titan_018197,1,952674.283997221,False
1,titan_018198,1,997659.2202865409,False
1,titan_018199,1,1042647.4050902454,False
1,titan_018200,1,1087638.370648798,False
1,titan_018201,1,1132631.5517360885,False
1,titan_018202,1,1177626.6272241867,False
1,titan_018203,1,1222623.1506826936,False
1,titan_018204,1,1267620.853345286,False
1,titan_018205,1,1312619.5025169454,False
1,titan_018206,1,1357618.7614698433,False
1,titan_018207,1,1402618.4970876917,False
1,titan_018208,1,1447618.418564345,False
1,titan_018209,1,1492618.4313499131,False
1,titan_018210,1,1537618.2771408248,False
1,titan_018211,1,1582617.8888623896,False
1,titan_018212,1,1627617.0314896046,False
1,titan_018213,1,1672615.6130408326,False
1,titan_018214,1,1717613.5492331125,False
1,titan_018215,1,1762610.6283483088,False
1,titan_018216,1,1807606.8228237885,False
1,titan_018217,1,1852601.9311436946,False
1,titan_018218,1,1897595.934324438,False
1,titan_018219,1,1942588.638030332,False
1,titan_018220,1,1987580.0292161051,False
1,titan_018221,1,2032569.9184077184,False
1,titan_018222,1,2077558.251800872,False
1,titan_018223,1,2122544.976897864,False
1,titan_018224,1,2167529.9082121258,False
1,titan_018225,1,2212363.745066912,False
1,titan_018226,0,2256900.9866051334,False
1,titan_018227,2,2301439.0779867205,False
1,titan_018228,2,2345977.458373759,False
1,titan_018229,2,2390515.7637160737,False
1,titan_018230,1,2434939.3510185205,False
1,titan_018231,1,2478761.2770639327,False
1,titan_018232,1,2522591.472602071,False
1,titan_018233,1,2566428.7281963215,False
1,titan_018234,2,2610272.0589460717,False
1,titan_018235,2,2654120.3513983465,False
1,titan_018236,2,2697972.707013146,False
1,titan_018237,2,2741828.0898217913,False
1,titan_018238,2,2785685.670702729,False
1,titan_018239,2,2829544.4756369037,False
1,titan_018240,2,2873403.730604086,False
1,titan_018241,2,2916662.154591314,False
1,titan_018242,2,2959866.0057997713,False
1,titan_018243,2,3003072.8463920793,False
1,titan_018244,2,3046281.3429924576,False
1,titan_018245,2,3089490.36293385,False
1,titan_018246,2,3132698.6275557037,False
1,titan_018247,1,3175905.0517926747,False
1,titan_018534,0,44999.96847895663,True
1,titan_018535,1,89999.95119578639,True
1,titan_018536,2,134999.8281530815,False
1,titan_018537,0,179999.65827155858,False
1,titan_018538,1,224999.36619944373,False
1,titan_018539,1,269998.87651072873,False
1,titan_018540,1,314998.24790115486,False
1,titan_018543,1,449994.90576320386,False
1,titan_018544,1,494993.1874280162,False
1,titan_018545,1,539991.1741911625,False
1,titan_018546,0,584988.7448316022,False
1,titan_018547,1,629985.9568447034,False
1,titan_018548,1,674982.733265048,False
1,titan_018549,1,719978.9968570957,False
1,titan_018550,1,764974.8042976905,False
1,titan_018551,1,809970.0330090447,False
1,titan_018552,1,854964.7390144096,False
1,titan_018553,1,899958.8437748095,False
1,titan_018554,1,944952.2683713433,False
1,titan_018555,1,989945.0676762015,False
1,titan_018556,1,1034937.1172033874,False
1,titan_018557,1,1079928.4709378337,False
1,titan_018558,1,1124919.00346191,False
1,titan_018559,1,1169908.767771737,False
1,titan_018560,1,1214897.6821418281,False
1,titan_018561,1,1259885.6642900484,False
1,titan_018562,1,1304872.7655265634,False
1,titan_018563,1,1349858.857638061,False
1,titan_018564,1,1394843.9906662102,False
1,titan_018565,1,1439828.0797984987,False
1,titan_018566,1,1484811.0395163132,False
1,titan_018567,1,1529792.9177233013,False
1,titan_018568,1,1574773.5826600094,False
1,titan_018569,1,1619753.080635501,False
1,titan_018570,1,1664731.3229498365,False
1,titan_018571,1,1709708.220021021,False
1,titan_018572,1,1754683.8154880845,False
1,titan_018573,1,1799657.9731618932,False
1,titan_018574,1,1844630.7346998171,False
1,titan_018575,1,1889601.961856042,False
1,titan_018576,1,1934571.6941303469,False
1,titan_018577,1,1979539.835744636,False
1,titan_018578,1,2024506.2897317808,False
1,titan_018596,2,2829192.1630467298,False
1,titan_018597,2,2872963.6860441593,False
1,titan_018598,2,2916738.7620450044,False
1,titan_018599,1,2960516.4359810334,False
1,titan_018600,2,3004295.778450135,False
1,titan_018601,2,3048076.0133502907,False
1,titan_018602,2,3091279.347850915,False
1,titan_018603,2,3134406.698771996,False
1,titan_018604,2,3177536.5364310006,False
1,titan_018892,1,45000.01982714657,True
1,titan_018893,1,89999.97468295805,True
1,titan_018894,1,134999.88919529636,False
1,titan_018895,0,179999.78796721838,False
1,titan_018896,0,224589.47087925868,False
1,titan_018897,1,268795.86688195285,False
1,titan_018898,1,313218.75787506375,False
1,titan_018899,0,357777.50165586907,False
1,titan_018901,0,447139.56127038156,False
1,titan_018902,0,491898.2753132739,False
1,titan_018903,0,536691.4469131982,False
1,titan_018904,1,581510.9445887174,False
1,titan_018905,1,626351.1054459212,False
1,titan_018906,1,671207.6156142474,False
1,titan_018907,0,716077.3901822434,False
1,titan_018908,0,760957.9068906875,False
1,titan_018909,0,805847.3574331569,False
1,titan_018910,1,850744.1489316783,False
1,titan_018911,1,895647.1627643938,False
1,titan_018912,1,940555.3264295592,False
1,titan_018913,1,985467.9199341913,False
1,titan_018914,1,1030384.1801853921,False
1,titan_018915,1,1075303.6303166228,False
1,titan_018916,1,1120225.7003136605,False
1,titan_018917,1,1165150.0682033408,False
1,titan_018918,1,1210076.2893079154,False
1,titan_018919,1,1255004.1439318475,False
1,titan_018920,1,1299933.2714484418,False
1,titan_018921,1,1344863.521721499,False
1,titan_018922,1,1389794.592021102,False
1,titan_018923,1,1434726.3359427338,False
1,titan_018924,1,1479658.6257346598,False
1,titan_018925,1,1524591.2152203606,False
1,titan_018926,1,1569524.050593295,False
1,titan_018927,1,1614456.9105248626,False
1,titan_018928,1,1659389.7624074896,False
1,titan_018929,1,1704322.4030346158,False
1,titan_018930,1,1749254.815313067,False
1,titan_018931,1,1794186.8093299298,False
1,titan_018932,1,1839118.3793794224,False
1,titan_018933,1,1884049.3452984793,False
1,titan_018934,1,1928979.709706483,False
1,titan_018935,1,1973909.2995325217,False
1,titan_018936,1,2018838.123399531,False
1,titan_018959,2,3049525.787916572,False
1,titan_018960,1,3093234.441939277,False
1,titan_018961,1,3136946.0265649273,False
1,titan_018962,2,3180659.575450012,False
1,titan_019250,2,44999.96155371152,True
1,titan_019251,2,89999.95598633055,True
1,titan_019252,1,134999.92645167134,False
1,titan_019253,1,179999.860947783,False
1,titan_019254,1,224999.74745072442,False
1,titan_019255,1,269811.82702092273,False
1,titan_019256,1,314245.60470831394,False
1,titan_019257,0,358813.95095339016,False
1,titan_019258,0,403472.2214240714,False
1,titan_019260,1,492960.5364776404,False
1,titan_019261,1,537761.8460357842,False
1,titan_019262,1,582589.5307869044,False
1,titan_019263,0,627087.7103529971,False
1,titan_019264,2,671595.7012434762,False
1,titan_019265,0,716157.6363735993,False
1,titan_019266,1,760763.9163212,False
1,titan_019267,1,805407.1782980936,False
1,titan_019268,1,850081.481120624,False
1,titan_019269,1,894782.0973480141,False
1,titan_019270,1,939505.1922327522,False
1,titan_019271,1,984247.6219035673,False
1,titan_019272,1,1029006.7391794202,False
1,titan_019273,1,1073780.459652277,False
1,titan_019274,1,1118566.9083904005,False
1,titan_019275,1,1163364.5324726936,False
1,titan_019276,1,1208172.0050391522,False
1,titan_019277,0,1252988.1402323125,False
1,titan_019278,1,1297812.03985565,False
1,titan_019279,1,1342642.79965624,False
1,titan_019280,1,1387479.6673102253,False
1,titan_019281,1,1432321.9809139192,False
1,titan_019282,1,1477169.1104903931,False
1,titan_019283,1,1522020.6254613283,False
1,titan_019284,1,1566876.0169890947,False
1,titan_019285,1,1611734.868944817,False
1,titan_019286,1,1656596.8066187913,False
1,titan_019287,1,1701461.4911699644,False
1,titan_019288,1,1746328.5701969801,False
1,titan_019289,1,1791197.8526452966,False
1,titan_019290,1,1836069.0370279748,False
1,titan_019291,1,1880941.887392668,False
1,titan_019292,1,1925816.1860645807,False
1,titan_019293,1,1970691.6867194572,False
1,titan_019294,1,2015568.2914194488,False
1,titan_019318,2,3092575.47800989,False
1,titan_019319,2,3137437.9061237187,False
1,titan_019609,1,45000.01016332796,True
1,titan_019610,1,89999.96950432334,True
1,titan_019611,1,134999.96189196443,False
1,titan_019612,1,179999.93649304725,False
1,titan_019613,1,224999.88736180417,False
1,titan_019614,1,269999.7636397326,False
1,titan_019615,1,314999.64914480713,False
1,titan_019616,1,359847.83723783225,False
1,titan_019617,1,404514.93013763346,False
1,titan_019622,1,628521.0866506518,False
1,titan_019623,0,673393.8267615264,False
1,titan_019624,1,718279.9114000412,False
1,titan_019625,1,762964.6237789615,False
1,titan_019626,1,807624.4525494777,False
1,titan_019627,1,852315.2774859103,False
1,titan_019628,1,897032.3814071427,False
1,titan_019633,1,1119938.6283340703,False
1,titan_019634,1,1164548.710400521,False
1,titan_019635,1,1209181.7260953672,False
1,titan_019636,1,1253835.1201274346,False
1,titan_019637,0,1298506.7230347793,False
1,titan_019638,1,1343194.605606154,False
1,titan_019639,1,1387897.211574529,False
1,titan_019640,1,1432613.0529017886,False
1,titan_019641,1,1477340.8576219226,False
1,titan_019642,1,1522079.4554644364,False
1,titan_019643,1,1566827.935538817,False
1,titan_019644,1,1611585.3610847297,False
1,titan_019645,1,1656350.9333947212,False
1,titan_019646,1,1701123.8901808346,False
1,titan_019649,1,1835481.3010852423,False
1,titan_019650,1,1880278.0856019882,False
1,titan_019651,1,1925079.6560749633,False
1,titan_019652,1,1969885.5636538716,False
1,titan_019653,1,2014695.4371461412,False
1,titan_019968,2,45000.00193955604,True
1,titan_019969,2,90000.00189624679,True
1,titan_019970,0,134999.99788599636,False
1,titan_019971,0,179999.98792230402,False
1,titan_019972,1,224999.970015026,False
1,titan_019973,1,269999.94216915837,False
1,titan_019974,1,314999.9023836049,False
1,titan_019975,1,359999.80372597364,False
1,titan_019976,1,404999.7340272362,False
1,titan_019977,1,449999.64633658715,False
1,titan_019984,1,764280.7169509853,False
1,titan_019985,1,809194.6953808101,False
1,titan_019986,0,854116.3639185634,False
1,titan_019987,0,899044.5554145635,False
1,titan_019988,1,943978.3239377835,False
1,titan_019989,1,988806.1101512134,False
1,titan_019990,1,1033597.9483310742,False
1,titan_019991,1,1078404.505226212,False
1,titan_019992,1,1123223.9950326222,False
1,titan_019993,1,1168043.1451247276,False
1,titan_019994,1,1212700.9035970776,False
1,titan_019995,1,1257379.0379252324,False
1,titan_019996,1,1302001.3375365695,False
1,titan_019997,1,1346504.3654696676,False
1,titan_019998,1,1391033.808652493,False
1,titan_019999,1,1435587.156001798,False
1,titan_020000,1,1480162.195325534,False
1,titan_020004,1,1658643.2537605586,False
1,titan_020008,1,1837348.010117368,False
1,titan_020009,1,1882051.2725405027,False
1,titan_020010,1,1926763.7387067515,False
1,titan_020011,1,1971484.7207287047,False
1,titan_020012,1,2016213.589379784,False
1,titan_020327,0,45000.02117976359,True
1,titan_020328,0,89999.99727664143,True
1,titan_020329,0,135000.0180157566,False
1,titan_020330,1,179999.99337792254,False
1,titan_020331,1,225000.01308780976,False
1,titan_020332,1,269999.9871256051,False
1,titan_020333,1,315000.0052151659,False
1,titan_020334,1,359999.9773356885,False
1,titan_020335,1,404999.9932098479,False
1,titan_020336,1,450000.00775150815,False
1,titan_020345,0,854999.8287327295,False
1,titan_020346,0,899999.8214645042,False
1,titan_020347,0,944999.7662007276,False
1,titan_020348,1,989999.7526468214,False
1,titan_020349,1,1034999.6907621406,False
1,titan_020350,1,1079960.226906919,False
1,titan_020351,1,1124917.5727312888,False
1,titan_020352,1,1169877.8262490141,False
1,titan_020353,1,1214840.621305818,False
1,titan_020354,1,1259805.6374277973,False
1,titan_020355,1,1304772.7266655474,False
1,titan_020356,1,1349741.592982094,False
1,titan_020363,1,1663457.6815689467,False
1,titan_020367,1,1841656.46759062,False
1,titan_020368,1,1886249.2928029315,False
1,titan_020369,1,1930856.9443208263,False
1,titan_020370,1,1975478.2860867502,False
1,titan_020371,1,2020112.4507952307,False
1,titan_020686,0,44999.99638692132,True
1,titan_020687,0,89999.99236234554,True
1,titan_020688,1,134999.98751452475,False
1,titan_020689,1,179999.98143120648,False
1,titan_020690,1,224999.97369938332,False
1,titan_020691,1,269999.9639050373,False
1,titan_020692,1,314999.9516328904,False
1,titan_020693,1,359999.93646614044,False
1,titan_020694,1,404999.91798620793,False
1,titan_020695,1,449999.89577247296,False
1,titan_020696,0,494999.9143362937,False
1,titan_020706,1,944999.3267778539,False
1,titan_020707,1,989999.2258374264,False
1,titan_020708,1,1034999.1153844721,False
1,titan_020709,1,1079999.039874449,False
1,titan_020710,1,1124998.908953778,False
1,titan_020711,1,1169998.767064606,False
1,titan_020712,2,1214998.6137076903,False
1,titan_020713,0,1259998.4483762216,False
1,titan_020714,0,1304998.2705554368,False
1,titan_020721,1,1619996.6310114528,False
1,titan_020726,1,1844995.0074198968,False
1,titan_020727,2,1889994.6160007229,False
1,titan_020728,2,1934994.2038045884,False
1,titan_020729,0,1979993.770141935,False
1,titan_020730,1,2024993.3143070256,False
1,titan_021045,1,64433.416592934125,True
1,titan_021046,1,101630.25112019439,True
1,titan_021047,1,143378.3106956794,False
1,titan_021048,1,186648.28011924028,False
1,titan_021049,1,230584.9507639834,False
1,titan_021050,1,274868.75149549195,False
1,titan_021051,1,319355.37501247966,False
1,titan_021052,1,363970.4260073406,False
1,titan_021053,1,408671.7958673427,False
1,titan_021054,1,453434.027726342,False
1,titan_021055,2,498240.6809450126,False
1,titan_021067,0,1037285.0475018739,False
1,titan_021068,1,1082252.9529217745,False
1,titan_021069,1,1127224.0657182059,False
1,titan_021070,1,1172197.9662737285,False
1,titan_021071,1,1217174.4247507232,False
1,titan_021072,1,1262153.1219186562,False
1,titan_021073,1,1307133.7760311642,False
1,titan_021080,1,1622040.20659146,False
1,titan_021085,1,1847003.140561177,False
1,titan_021086,1,1891997.7272214883,False
1,titan_021087,1,1936992.8518056264,False
1,titan_021088,1,1981988.425869415,False
1,titan_021089,1,2026984.4993242458,False
1,titan_021405,0,129598.91087065701,False
1,titan_021406,0,164987.81577021832,False
1,titan_021407,0,204208.0561113184,False
1,titan_021408,0,245429.67731217027,False
1,titan_021409,1,287793.9603495159,False
1,titan_021410,1,330862.21777388355,False
1,titan_021411,1,374391.64450517786,False
1,titan_021412,1,418238.23376456584,False
1,titan_021413,1,462311.7437010848,False
1,titan_021414,2,506552.9370610406,False
1,titan_021415,1,550921.3640351036,False
1,titan_021425,0,997852.4855873574,False
1,titan_021426,1,1042703.0913888587,False
1,titan_021427,1,1087568.1403003337,False
1,titan_021428,0,1132445.904075397,False
1,titan_021429,1,1177334.916965277,False
1,titan_021430,0,1222233.8828677924,False
1,titan_021431,1,1267141.8166046387,False
1,titan_021432,0,1312057.7450447688,False
1,titan_021438,1,1581682.389054833,False
1,titan_021444,1,1851456.8143627492,False
1,titan_021445,1,1896429.0689162689,False
1,titan_021446,1,1941403.6333679296,False
1,titan_021447,1,1986380.2944650163,False
1,titan_021764,0,165875.43957631465,False
1,titan_021765,0,195523.5318879431,False
1,titan_021766,1,230225.9407857457,False
1,titan_021767,1,268026.6428742762,False
1,titan_021768,1,307786.12403999624,False
1,titan_021769,1,348835.304920322,False
1,titan_021770,1,390767.87369751063,False
1,titan_021771,0,433327.5086363566,False
1,titan_021772,1,476346.07210519625,False
1,titan_021773,1,519709.6725618369,False
1,titan_021774,1,563338.5433794311,False
1,titan_021784,1,1006552.2988297228,False
1,titan_021785,1,1051215.5464052607,False
1,titan_021786,1,1095910.5321779049,False
1,titan_021787,1,1140633.5890544034,False
1,titan_021788,2,1185381.4354435056,False
1,titan_021789,2,1230151.430008313,False
1,titan_021790,1,1274941.1343399002,False
1,titan_021791,0,1319748.6055598778,False
1,titan_021796,0,1543996.956792492,False
1,titan_021803,1,1858346.8989727355,False
1,titan_021804,0,1903280.201426279,False
1,titan_021805,1,1948218.6677931733,False
1,titan_021806,0,1993161.8371684877,False
1,titan_021834,1,3221760.618136572,False
1,titan_022124,1,231522.74366840432,False
1,titan_022125,1,262235.38377373613,False
1,titan_022126,1,296645.12114399293,False
1,titan_022127,1,333609.9327759849,False
1,titan_022128,1,372369.5911479729,False
1,titan_022129,1,412418.3628482891,False
1,titan_022130,1,453414.76234200154,False
1,titan_022131,1,495123.4293900703,False
1,titan_022132,1,537378.558669865,False
1,titan_022133,1,580060.6390237684,False
1,titan_022134,1,623081.9431195129,False
1,titan_022142,1,974008.8637906977,False
1,titan_022143,1,1018355.1776749699,False
1,titan_022144,1,1062763.8060441215,False
1,titan_022145,1,1107227.2206466885,False
1,titan_022146,2,1151739.0900027952,False
1,titan_022147,2,1196293.8907223195,False
1,titan_022148,2,1240887.0065533842,False
1,titan_022149,2,1285514.4184914394,False
1,titan_022155,0,1553831.94189409,False
1,titan_022162,1,1867659.143648911,False
1,titan_022163,1,1912537.6751142058,False
1,titan_022164,1,1957425.2424484314,False
1,titan_022165,1,2002321.2440830295,False
1,titan_022191,1,3171287.083204626,False
1,titan_022192,1,3216281.177105308,False
1,titan_022483,1,298359.7683802037,False
1,titan_022484,1,329763.7182847051,False
1,titan_022485,1,364066.21927820786,False
1,titan_022486,2,400523.2012894536,False
1,titan_022487,1,438597.70995927963,False
1,titan_022488,2,477903.26455283206,False
1,titan_022489,2,518159.7601309471,False
1,titan_022490,0,559161.8123045015,False
1,titan_022491,0,600756.7503069461,False
1,titan_022492,0,642829.457773146,False
1,titan_022499,1,945278.9944783179,False
1,titan_022500,2,989174.1903667453,False
1,titan_022501,2,1033175.9082686512,False
1,titan_022502,2,1077271.0527914918,False
1,titan_022503,2,1121448.5603294638,False
1,titan_022504,2,1165698.9791695846,False
1,titan_022505,2,1210014.3492426998,False
1,titan_022506,2,1254387.7028623384,False
1,titan_022507,0,1298813.0520243307,False
1,titan_022512,1,1521558.67701095,False
1,titan_022520,1,1879374.3805412983,False
1,titan_022521,1,1924183.4780274236,False
1,titan_022522,1,1969006.506148093,False
1,titan_022523,1,2013842.4796584363,False
1,titan_022549,1,3182175.121124884,False
1,titan_022550,1,3226721.7583020027,False
1,titan_022841,1,337330.34550705715,False
1,titan_022842,1,366211.61507725524,False
1,titan_022843,1,398138.92127451027,False
1,titan_022844,1,432438.07754057634,False
1,titan_022845,2,468588.4980215529,False
1,titan_022846,2,506193.6650489992,False
1,titan_022847,2,544952.4573560521,False
1,titan_022848,0,584635.4328730138,False
1,titan_022849,0,625066.5507721768,False
1,titan_022850,0,666109.5452659415,False
1,titan_022857,2,963850.1016275213,False
1,titan_022858,2,1007308.6668581046,False
1,titan_022859,2,1050912.8229094853,False
1,titan_022860,2,1094645.1141232667,False
1,titan_022861,2,1138490.716543461,False
1,titan_022862,2,1182436.9664966294,False
1,titan_022863,2,1226472.9855512227,False
1,titan_022864,0,1270589.3799562177,False
1,titan_022869,1,1492125.0643309916,False
1,titan_022878,1,1893468.869295815,False
1,titan_022879,1,1938195.2577391304,False
1,titan_022880,1,1982941.3479677746,False
1,titan_022881,1,2027705.7610298137,False
1,titan_022907,1,3195278.3144148667,False
1,titan_022908,1,3199468.008616344,False
1,titan_023199,1,405143.7035319321,False
1,titan_023200,1,435029.3914348181,False
1,titan_023201,1,467392.5595539355,False
1,titan_023202,1,501753.9363880697,False
1,titan_023203,2,537730.6055040248,False
1,titan_023204,0,575019.3393752676,False
1,titan_023205,1,613380.9036482075,False
1,titan_023206,1,652626.0122923303,False
1,titan_023207,1,692604.4972825162,False
1,titan_023208,0,733196.267050382,False
1,titan_023213,1,942541.9042955915,False
1,titan_023214,1,985308.0793537785,False
1,titan_023215,1,1028286.622709321,False
1,titan_023216,1,1071451.9854650823,False
1,titan_023217,2,1114782.311639846,False
1,titan_023218,2,1158259.0502094813,False
1,titan_023219,2,1201866.2791900374,False
1,titan_023220,1,1245590.1346175205,False
1,titan_023221,1,1289418.7562915864,False
1,titan_023225,1,1465590.6686120115,False
1,titan_023234,1,1865311.17254001,False
1,titan_023235,1,1909914.9821799255,False
1,titan_023236,1,1954547.0565592358,False
1,titan_023237,1,1999205.3212409988,False
1,titan_023265,1,3170564.717902578,False
1,titan_023555,0,445965.88371058553,False
1,titan_023556,0,474134.6453171963,False
1,titan_023557,1,504808.0568236174,False
1,titan_023558,1,537557.4553740316,False
1,titan_023559,1,572026.2919898393,False
1,titan_023560,1,607922.1571446932,False
1,titan_023561,1,645006.7447951741,False
1,titan_023562,1,683086.4015243357,False
1,titan_023563,1,722003.5839599818,False
1,titan_023564,1,761629.9088030327,False
1,titan_023568,1,925380.2103491994,False
1,titan_023569,1,967295.7032917741,False
1,titan_023570,0,1009505.4801739132,False
1,titan_023571,1,1051973.9907517533,False
1,titan_023572,1,1094670.9878791964,False
1,titan_023573,1,1137570.7303493195,False
1,titan_023574,1,1180650.9856172195,False
1,titan_023575,1,1223892.5533634897,False
1,titan_023576,1,1267278.9048396929,False
1,titan_023581,1,1485933.351580145,False
1,titan_023590,1,1884189.6046121754,False
1,titan_023591,1,1928681.5886679322,False
1,titan_023592,1,1973209.4760861103,False
1,titan_023593,1,2017770.7241937872,False
1,titan_023619,1,3178804.5409773407,False
1,titan_023620,1,3180846.510866363,False
1,titan_023911,0,515008.06922282284,False
1,titan_023912,0,544233.4098597693,False
1,titan_023913,1,575561.5122804643,False
1,titan_023914,1,608667.7551171852,False
1,titan_023915,1,643277.5538377397,False
1,titan_023916,1,679160.96318947,False
1,titan_023917,1,716126.5312183991,False
1,titan_023918,1,754014.9935376268,False
1,titan_023919,1,792693.8917206656,False
1,titan_023920,0,832052.9722929078,False
1,titan_023922,0,912457.6232704866,False
1,titan_023923,1,953360.8006966177,False
1,titan_023924,1,994654.3859305008,False
1,titan_023925,1,1036291.6768173798,False
1,titan_023926,1,1078232.709296706,False
1,titan_023927,1,1120443.2198532606,False
1,titan_023928,1,1162893.8284254633,False
1,titan_023929,1,1205558.9765892057,False
1,titan_023930,1,1248416.6303841453,False
1,titan_023931,1,1291447.467355714,False
1,titan_023935,2,1464994.1759320213,False
1,titan_023942,2,1772547.611770935,False
1,titan_023943,2,1816765.7132154037,False
1,titan_023944,2,1861038.9007209192,False
1,titan_023945,0,1905363.149511852,False
1,titan_023946,0,1949734.7870296773,False
1,titan_023947,1,1994150.5857837948,False
1,titan_023973,1,3126829.833907977,False
1,titan_023974,1,3155994.8432965856,False
1,titan_023975,1,3144420.086056216,False
1,titan_024265,1,557321.421284435,False
1,titan_024266,1,585322.015089333,False
1,titan_024267,1,615416.7705749505,False
1,titan_024268,1,647313.5558659763,False
1,titan_024269,1,680759.0202397038,False
1,titan_024270,1,715535.9303008965,False
1,titan_024271,1,751459.3476358047,False
1,titan_024272,0,788372.4133365831,False
1,titan_024273,0,826142.4350760861,False
1,titan_024274,0,864656.9704553601,False
1,titan_024275,0,903820.725720787,False
1,titan_024276,1,943552.7397122767,False
1,titan_024277,2,983783.9980567616,False
1,titan_024278,2,1024455.630505848,False
1,titan_024279,1,1065517.0438501562,False
1,titan_024280,0,1106924.7284562364,False
1,titan_024281,1,1148641.1005374962,False
1,titan_024282,1,1190633.53455678,False
1,titan_024283,1,1232873.7603125763,False
1,titan_024284,1,1275336.9775387973,False
1,titan_024288,2,1447022.8787507021,False
1,titan_024295,2,1752424.2869179498,False
1,titan_024296,2,1796415.5591309266,False
1,titan_024297,0,1840477.5369933825,False
1,titan_024298,0,1884605.0449418584,False
1,titan_024299,0,1928793.4934885104,False
1,titan_024300,0,1973038.5696728013,False
1,titan_024301,1,2017336.3667738133,False
1,titan_024325,1,3046865.613724565,False
1,titan_024326,0,3076073.5547691924,False
1,titan_024327,1,3105348.6012491095,False
1,titan_024328,1,3134684.4320113854,False
1,titan_024619,1,627809.7237208446,False
1,titan_024620,1,656847.5465648889,False
1,titan_024621,1,687686.0265000925,False
1,titan_024622,1,720093.6885232601,False
1,titan_024623,1,753868.0958858982,False
1,titan_024624,0,788833.6240522487,False
1,titan_024625,0,824838.615846457,False
1,titan_024626,0,861752.6864977354,False
1,titan_024627,0,899463.7785756402,False
1,titan_024628,0,937875.6502177992,False
1,titan_024629,0,976905.4245810559,False
1,titan_024630,0,1016481.8112071003,False
1,titan_024631,0,1056543.2732734613,False
1,titan_024632,1,1097036.4407972833,False
1,titan_024633,1,1137915.1039344962,False
1,titan_024634,1,1179139.008875073,False
1,titan_024635,1,1220673.055066562,False
1,titan_024636,1,1262486.3894929378,False
1,titan_024640,1,1432038.137374802,False
1,titan_024648,0,1778695.625294876,False
1,titan_024649,0,1822514.380696397,False
1,titan_024650,0,1866415.3951009298,False
1,titan_024651,0,1910392.7075954692,False
1,titan_024652,0,1954440.9976279624,False
1,titan_024653,0,1998555.4019742133,False
1,titan_024676,1,2967947.4634803715,False
1,titan_024677,1,2997206.902768164,False
1,titan_024678,0,3026538.5221808446,False
1,titan_024679,1,3055935.817763928,False
1,titan_024680,1,3085392.3243463184,False
1,titan_024681,1,3103734.1974199456,False
1,titan_024971,1,671496.080760252,False
1,titan_024972,1,699638.2989101765,False
1,titan_024973,0,729561.8889297706,False
1,titan_024974,2,761056.6818047795,False
1,titan_024975,2,793935.5519576876,False
1,titan_024976,2,828033.4645137928,False
1,titan_024977,0,863205.8818889001,False
1,titan_024978,0,899326.5576633922,False
1,titan_024979,0,936285.5534264048,False
1,titan_024980,0,973987.3434020522,False
1,titan_024981,0,1012348.7026105125,False
1,titan_024982,0,1051297.3280073134,False
1,titan_024983,0,1090770.1010409405,False
1,titan_024984,1,1130711.9088053792,False
1,titan_024985,1,1171074.6488117753,False
1,titan_024986,1,1211816.0374790134,False
1,titan_024987,1,1252898.9047688649,False
1,titan_024988,1,1294290.6147467422,False
1,titan_024999,0,1763608.9702009573,False
1,titan_025000,0,1807152.0108388024,False
1,titan_025001,0,1850796.0843417882,False
1,titan_025002,0,1894533.9276875502,False
1,titan_025003,0,1938358.905743189,False
1,titan_025004,0,1982265.073224199,False
1,titan_025005,0,2026246.8599653894,False
1,titan_025027,0,2919364.701789391,False
1,titan_025028,1,2948761.967732133,False
1,titan_025029,1,2978229.7636175165,False
1,titan_025030,1,3007761.407246158,False
1,titan_025031,1,3037350.463060592,False
1,titan_025032,0,3066990.5329985614,False
1,titan_025323,1,743621.2479569458,False
1,titan_025324,0,772763.1162367016,False
1,titan_025325,0,803464.4896793467,False
1,titan_025326,0,835553.3221643507,False
1,titan_025327,2,868875.7394449925,False
1,titan_025328,0,903295.0931091921,False
1,titan_025329,1,938690.4834999801,False
1,titan_025330,0,974955.4568243765,False
1,titan_025331,0,1011996.3420594785,False
1,titan_025332,0,1049730.8098438473,False
1,titan_025333,0,1088086.5020539707,False
1,titan_025334,1,1126999.787604463,False
1,titan_025335,1,1166414.6513024645,False
1,titan_025336,2,1206281.712938949,False
1,titan_025337,1,1246557.368355208,False
1,titan_025338,0,1287203.081147542,False
1,titan_025350,0,1794385.9483218174,False
1,titan_025351,0,1837742.67805055,False
1,titan_025352,0,1881212.557646296,False
1,titan_025353,0,1924787.638797584,False
1,titan_025354,0,1968460.6485678277,False
1,titan_025355,0,2012224.9196347287,False
1,titan_025376,0,2842517.7986946204,False
1,titan_025377,0,2871990.3098680265,False
1,titan_025378,0,2901538.1740464377,False
1,titan_025379,1,2931154.52935447,False
1,titan_025380,0,2960832.68964167,False
1,titan_025381,0,2990566.020620743,False
1,titan_025382,0,3020348.104324925,False
1,titan_025383,0,3049445.7989343195,False
1,titan_025672,0,788666.6778847051,False
1,titan_025673,0,817148.6247208955,False
1,titan_025674,0,847168.7065975441,False
1,titan_025675,0,878569.0325042522,False
1,titan_025676,0,911206.7926124723,False
1,titan_025677,0,944953.5202200189,False
1,titan_025678,1,979694.4806626308,False
1,titan_025679,1,1015327.3467240651,False
1,titan_025680,0,1051761.318521838,False
1,titan_025681,0,1088915.6956237552,False
1,titan_025682,0,1126719.0507632918,False
1,titan_025683,0,1165107.909836636,False
1,titan_025684,1,1204026.0994720454,False
1,titan_025685,1,1243423.599831011,False
1,titan_025686,0,1283256.0867113834,False
1,titan_025698,0,1784204.274334299,False
1,titan_025699,0,1827243.7172906918,False
1,titan_025700,0,1870417.608512245,False
1,titan_025701,0,1913716.445833681,False
1,titan_025702,0,1957131.69020522,False
1,titan_025703,1,2000655.3497826424,False
1,titan_025704,1,2044280.2435499406,False
1,titan_025723,1,2766638.2096715993,False
1,titan_025724,1,2796196.055964615,False
1,titan_025725,0,2825834.081947603,False
1,titan_025726,0,2855545.2249058574,False
1,titan_025727,0,2885322.4709304445,False
1,titan_025728,0,2915159.0750966277,False
1,titan_025729,0,2945048.3221966326,False
1,titan_025730,0,2974983.748463732,False
1,titan_025731,0,3004958.902001981,False
1,titan_026020,0,834674.8273313086,False
1,titan_026021,1,862607.5343746805,False
1,titan_026022,1,892050.1835082502,False
1,titan_026023,1,922858.0881987319,False
1,titan_026024,0,954898.9341397225,False
1,titan_026025,0,988052.501021764,False
1,titan_026026,0,1022210.3231647322,False
1,titan_026027,0,1057274.8648714542,False
1,titan_026028,2,1093158.5653407434,False
1,titan_026029,1,1129783.149353282,False
1,titan_026030,0,1167078.6435626782,False
1,titan_026031,0,1204982.416758711,False
1,titan_026032,0,1243438.601264987,False
1,titan_026033,1,1282397.2582463394,False
1,titan_026046,1,1819280.7358735672,False
1,titan_026047,1,1862131.3436166223,False
1,titan_026048,0,1905128.4301820977,False
1,titan_026049,0,1948261.8469419028,False
1,titan_026050,0,1991522.3977336031,False
1,titan_026051,0,2034901.6331476297,False
1,titan_026070,1,2721352.735096387,False
1,titan_026071,0,2751091.5666085,False
1,titan_026072,1,2780908.069011672,False
1,titan_026073,0,2810795.0524488185,False
1,titan_026074,0,2840745.4120182656,False
1,titan_026075,0,2870752.290162737,False
1,titan_026076,0,2900808.9809756964,False
1,titan_026077,0,2930908.833854992,False
1,titan_026078,0,2961045.4178483584,False
1,titan_026367,0,909053.4277104369,False
1,titan_026368,0,938014.2962767569,False
1,titan_026369,1,968319.7066886193,False
1,titan_026370,0,999847.2221476918,False
1,titan_026371,0,1032484.6189674642,False
1,titan_026372,0,1066129.6780923489,False
1,titan_026373,0,1100689.7899159177,False
1,titan_026374,1,1136081.1403073128,False
1,titan_026375,1,1172228.154742581,False
1,titan_026376,0,1209062.7279913211,False
1,titan_026377,0,1246523.6734398813,False
1,titan_026378,1,1284555.8494356596,False
1,titan_026391,1,1813827.917068652,False
1,titan_026392,1,1856329.3486131602,False
1,titan_026393,1,1899000.1972848037,False
1,titan_026394,1,1941828.8777061768,False
1,titan_026395,1,1984804.707718193,False
1,titan_026396,1,2027917.980815832,False
1,titan_026397,0,2071159.6372769563,False
1,titan_026414,1,2647435.012937151,False
1,titan_026415,0,2677285.843235957,False
1,titan_026416,0,2707218.9137400957,False
1,titan_026417,0,2737226.7220022804,False
1,titan_026418,1,2767301.926758807,False
1,titan_026419,0,2797437.451985034,False
1,titan_026420,0,2827626.3035263405,False
1,titan_026421,0,2857861.673805406,False
1,titan_026422,0,2888136.87413688,False
1,titan_026423,0,2918445.4410290145,False
1,titan_026424,0,2948780.953132796,False
1,titan_026711,0,956419.933684744,False
1,titan_026712,0,984986.6249206339,False
1,titan_026713,0,1014873.2413237963,False
1,titan_026714,0,1045966.3213945362,False
1,titan_026715,0,1078161.2653231118,False
1,titan_026716,0,1111361.9981229503,False
1,titan_026717,0,1145480.7306070372,False
1,titan_026718,0,1180437.6132424513,False
1,titan_026719,0,1216159.9861788403,False
1,titan_026720,0,1252582.0899762167,False
1,titan_026721,0,1289644.2677936591,False
1,titan_026722,0,1327292.5153485495,False
1,titan_026734,1,1810852.4571176842,False
1,titan_026735,1,1852980.4199646318,False
1,titan_026736,1,1895302.184884676,False
1,titan_026737,1,1937804.510155031,False
1,titan_026738,1,1980475.3753306088,False
1,titan_026739,1,2023303.5971893652,False
1,titan_026740,1,2066278.859691121,False
1,titan_026756,1,2574418.687752361,False
1,titan_026757,0,2604393.2335531493,False
1,titan_026758,0,2634454.603019223,False
1,titan_026759,0,2664594.9585714214,False
1,titan_026760,0,2694806.6729224646,False
1,titan_026761,0,2725082.403343271,False
1,titan_026762,1,2755414.878409663,False
1,titan_026763,0,2785797.117040483,False
1,titan_026764,0,2816222.215613342,False
1,titan_026765,0,2846683.4238222637,False
1,titan_026766,0,2877174.2216786486,False
1,titan_026767,0,2907688.1067880667,False
1,titan_027053,0,977809.0005996947,False
1,titan_027054,0,1004656.8826377247,False
1,titan_027055,0,1032909.673420971,False
1,titan_027056,0,1062454.9619309606,False
1,titan_027057,0,1093187.7087709452,False
1,titan_027058,0,1125010.2308215199,False
1,titan_027059,0,1157832.4049101092,False
1,titan_027060,2,1191571.2268244217,False
1,titan_027061,0,1226150.7404671088,False
1,titan_027062,0,1261501.4221750498,False
1,titan_027063,0,1297559.8363858291,False
1,titan_027064,0,1334268.2868485204,False
1,titan_027077,0,1852046.804474559,False
1,titan_027078,1,1893998.5046868941,False
1,titan_027079,1,1936154.7541486814,False
1,titan_027080,1,1978501.873451639,False
1,titan_027081,1,2021027.4057545122,False
1,titan_027082,1,2063719.738385838,False
1,titan_027097,0,2502280.686030392,False
1,titan_027098,1,2532391.3349079853,False
1,titan_027099,1,2562593.345079203,False
1,titan_027100,1,2592878.548248112,False
1,titan_027101,0,2623239.0090720304,False
1,titan_027102,0,2653667.097970316,False
1,titan_027103,0,2684155.276708063,False
1,titan_027104,0,2714696.3160292706,False
1,titan_027105,0,2745283.0527801965,False
1,titan_027106,0,2775908.609408047,False
1,titan_027107,0,2806566.1513107563,False
1,titan_027108,0,2837249.1079146797,False
1,titan_027109,0,2867950.959443472,False
1,titan_027393,0,1001914.0402795103,False
1,titan_027394,0,1027082.6078042669,False
1,titan_027395,0,1053727.744594307,False
1,titan_027396,0,1081740.039977271,False
1,titan_027397,1,1111015.7657941899,False
1,titan_027398,0,1141457.3766628795,False
1,titan_027399,0,1172973.7507808472,False
1,titan_027400,0,1205480.2278023716,False
1,titan_027401,0,1238898.4943435783,False
1,titan_027402,0,1273156.3602470846,False
1,titan_027403,0,1308187.4610243228,False
1,titan_027404,0,1343930.9146097873,False
1,titan_027417,1,1853484.5555848326,False
1,titan_027418,0,1895047.5805742985,False
1,titan_027419,0,1936839.9747936563,False
1,titan_027420,0,1968086.1756358761,False
1,titan_027421,0,1995376.381909655,False
1,titan_027422,0,2022948.5653808475,False
1,titan_027437,0,2461258.8295292538,False
1,titan_027438,0,2491614.438406415,False
1,titan_027439,0,2522057.3988400144,False
1,titan_027440,1,2552579.473076403,False
1,titan_027441,1,2583172.6663015056,False
1,titan_027442,0,2613829.211936801,False
1,titan_027443,0,2644541.557560093,False
1,titan_027444,0,2675302.351430898,False
1,titan_027445,0,2706104.4295989745,False
1,titan_027446,0,2736940.803573736,False
1,titan_027447,0,2767804.648531782,False
1,titan_027448,0,2798689.2920396505,False
1,titan_027449,0,2829588.2032688865,False
1,titan_027731,0,1028473.4409286245,False
1,titan_027732,0,1052017.784397102,False
1,titan_027733,0,1077097.3230104481,False
1,titan_027734,0,1103607.0984131969,False
1,titan_027735,0,1131446.2434991773,False
1,titan_027736,0,1160518.7623904129,False
1,titan_027737,0,1190733.8893356216,False
1,titan_027738,0,1222006.5033929017,False
1,titan_027739,0,1254257.0989616506,False
1,titan_027740,0,1287411.757001356,False
1,titan_027741,0,1321402.0229808942,False
1,titan_027742,0,1356164.555213649,False
1,titan_027755,1,1842471.950327318,False
1,titan_027756,1,1869120.324687161,False
1,titan_027757,0,1896102.0226725242,False
1,titan_027758,0,1923399.2263497957,False
1,titan_027759,0,1950994.8269078687,False
1,titan_027760,0,1978872.4263815952,False
1,titan_027761,0,2007016.2077415506,False
1,titan_027774,0,2390975.6350820316,False
1,titan_027775,0,2421498.48144594,False
1,titan_027776,0,2452112.7799387844,False
1,titan_027777,0,2482809.937420644,False
1,titan_027778,0,2513581.629474483,False
1,titan_027779,1,2544419.8127821386,False
1,titan_027780,0,2575316.594071385,False
1,titan_027781,0,2606264.3880072082,False
1,titan_027782,0,2637255.7876577503,False
1,titan_027783,0,2668283.6086218483,False
1,titan_027784,0,2699340.7599886204,False
1,titan_027785,0,2730420.4058720297,False
1,titan_027786,0,2761515.8376091155,False
1,titan_027787,0,2792620.491426597,False
1,titan_027788,0,2823727.9667168655,False
1,titan_028066,1,1057237.0486566436,False
1,titan_028067,0,1079223.9242197578,False
1,titan_028068,0,1102792.4226856986,False
1,titan_028070,1,1154279.005918086,False
1,titan_028071,1,1182006.8919227463,False
1,titan_028072,0,1210937.59506186,False
1,titan_028073,0,1240986.6053498723,False
1,titan_028074,1,1272074.184446702,False
1,titan_028075,1,1304125.633655696,False
1,titan_028076,0,1337071.1985990724,False
1,titan_028077,0,1370845.869569215,False
1,titan_028079,0,1440645.9903038163,False
1,titan_028091,0,1824739.4605519292,False
1,titan_028092,0,1852050.7491662605,False
1,titan_028093,0,1879678.0436313988,False
1,titan_028094,0,1907603.6161286396,False
1,titan_028095,0,1935810.4061838954,False
1,titan_028096,0,1964282.1461260724,False
1,titan_028108,0,2321522.9235048057,False
1,titan_028109,0,2352227.3649368403,False
1,titan_028110,0,2383027.2595682964,False
1,titan_028111,0,2413913.661990426,False
1,titan_028112,0,2444877.9243115345,False
1,titan_028113,0,2475911.5910677607,False
1,titan_028114,0,2507006.554032769,False
1,titan_028115,0,2538154.949474804,False
1,titan_028116,0,2569349.0552015463,False
1,titan_028117,0,2600581.4488324453,False
1,titan_028118,0,2631844.9067798657,False
1,titan_028119,0,2663132.303296288,False
1,titan_028120,0,2694436.7715072753,False
1,titan_028121,0,2725751.6039997116,False
1,titan_028122,0,2757070.1537283664,False
1,titan_028123,0,2788385.9971483652,False
1,titan_028400,0,1108474.2150813339,False
1,titan_028401,0,1130595.546106737,False
1,titan_028405,0,1233409.166866756,False
1,titan_028406,1,1262255.1163808794,False
1,titan_028407,0,1292194.3147186365,False
1,titan_028408,1,1323152.1203842002,False
1,titan_028409,1,1355058.1617409713,False
1,titan_028410,0,1387846.575059229,False
1,titan_028424,1,1781302.8025168842,False
1,titan_028425,0,1808970.3332924198,False
1,titan_028426,0,1836953.5849120333,False
1,titan_028427,0,1865234.1020996848,False
1,titan_028428,0,1893794.3440155645,False
1,titan_028429,0,1922617.44035417,False
1,titan_028440,0,2252883.2683111336,False
1,titan_028441,0,2283784.307338225,False
1,titan_028442,0,2314784.798252037,False
1,titan_028443,0,2345875.30290398,False
1,titan_028444,0,2377046.826261795,False
1,titan_028445,0,2408290.566355428,False
1,titan_028446,2,2439598.124208508,False
1,titan_028447,2,2470961.25471185,False
1,titan_028448,0,2502372.050567336,False
1,titan_028449,0,2533822.8389906497,False
1,titan_028450,0,2565306.078496799,False
1,titan_028451,0,2596814.5466152546,False
1,titan_028452,0,2628341.0933682728,False
1,titan_028453,0,2659878.859822124,False
1,titan_028454,0,2691421.032692847,False
1,titan_028455,0,2722961.0644828486,False
1,titan_028456,0,2754492.429260879,False
1,titan_028736,0,1257975.5122639625,False
1,titan_028738,0,1314461.9634227213,False
1,titan_028739,0,1343855.7588397567,False
1,titan_028740,0,1365333.5298544508,False
1,titan_028741,0,1387535.4590932343,False
1,titan_028755,0,1738844.3111331211,False
1,titan_028756,0,1766895.367025352,False
1,titan_028757,0,1795260.8853122506,False
1,titan_028758,0,1823921.7883523805,False
1,titan_028759,0,1852859.9584943221,False
1,titan_028760,0,1882058.0389763892,False
1,titan_028770,0,2185040.5194421634,False
1,titan_028771,0,2216154.0446424535,False
1,titan_028772,0,2247370.797184031,False
1,titan_028773,0,2278681.0185442595,False
1,titan_028774,0,2310075.2281560358,False
1,titan_028775,0,2341544.2850737316,False
1,titan_028776,0,2373079.4522834267,False
1,titan_028777,0,2404672.2028055745,False
1,titan_028778,0,2436314.2857729136,False
1,titan_028779,0,2467997.794547749,False
1,titan_028780,0,2499714.975146526,False
1,titan_028781,0,2531458.295991844,False
1,titan_028782,0,2563220.5191433607,False
1,titan_028783,0,2594994.510939628,False
1,titan_028784,0,2626773.3147328384,False
1,titan_028785,0,2658550.2245902787,False
1,titan_028786,0,2690318.598060523,False
1,titan_028787,0,2721729.713175978,False
1,titan_029064,0,1236257.674668191,False
1,titan_029065,0,1255569.791502263,False
1,titan_029066,0,1275754.6221479352,False
1,titan_029067,0,1296768.591440888,False
1,titan_029068,0,1318569.1087390261,False
1,titan_029069,0,1341114.7666765684,False
1,titan_029070,0,1364365.396808114,False
1,titan_029083,0,1697402.4654764817,False
1,titan_029084,0,1725864.7912673713,False
1,titan_029085,0,1754639.3044129526,False
1,titan_029086,0,1783706.3170219539,False
1,titan_029087,0,1813047.097587034,False
1,titan_029088,0,1842643.8219236832,False
1,titan_029098,0,2149322.66012773,False
1,titan_029099,0,2180772.242704451,False
1,titan_029100,0,2212318.499609161,False
1,titan_029101,0,2243951.5545040863,False
1,titan_029102,0,2275661.906448273,False
1,titan_029103,2,2307440.4334178036,False
1,titan_029104,0,2339278.2529785004,False
1,titan_029105,0,2371166.8727997025,False
1,titan_029108,0,2467056.438959219,False
1,titan_029109,0,2499068.402329423,False
1,titan_029110,0,2531092.4413642427,False
1,titan_029111,0,2563121.3927959213,False
1,titan_029112,0,2595148.3587916885,False
1,titan_029113,0,2627166.5766466088,False
1,titan_029114,0,2658823.2845589,False
1,titan_029115,0,2690155.4360532933,False
1,titan_029377,0,1037946.4483419264,False
1,titan_029378,0,1041612.4974387217,False
1,titan_029379,0,1046721.3625441822,False
1,titan_029394,0,1272395.944111257,False
1,titan_029395,0,1295327.252692117,False
1,titan_029396,0,1318981.4421734617,False
1,titan_029397,0,1343316.8137389028,False
1,titan_029409,0,1657020.5277616193,False
1,titan_029410,0,1685922.3063111873,False
1,titan_029411,0,1715132.8282131113,False
1,titan_029412,0,1744631.8171673778,False
1,titan_029413,0,1774399.9529925012,False
1,titan_029414,2,1804418.9735613465,False
1,titan_029423,0,2083277.9922230574,False
1,titan_029424,0,2114977.742449142,False
1,titan_029425,0,2146777.2330318587,False
1,titan_029426,0,2178666.0812688475,False
1,titan_029427,0,2210634.4048627447,False
1,titan_029428,0,2242672.6787218787,False
1,titan_029429,0,2274771.7654038984,False
1,titan_029430,0,2306922.7740754187,False
1,titan_029439,0,2596917.681051014,False
1,titan_029440,0,2628507.3547403608,False
1,titan_029441,0,2659143.3762632557,False
1,titan_029701,0,995002.8675168653,False
1,titan_029702,0,999683.0016692661,False
1,titan_029703,0,1005865.31607878,False
1,titan_029717,0,1226841.7281143642,False
1,titan_029718,0,1250203.9023293792,False
1,titan_029719,0,1274306.3459221171,False
1,titan_029720,0,1298450.319838273,False
1,titan_029721,0,1322043.5605832776,False
1,titan_029732,0,1617746.7249520696,False
1,titan_029733,0,1647116.391264592,False
1,titan_029734,0,1676790.027881854,False
1,titan_029735,0,1706746.8038518457,False
1,titan_029736,0,1736966.9009269834,False
1,titan_029737,0,1767431.6604752084,False
1,titan_029745,0,2018009.5123451413,False
1,titan_029746,0,2049977.660296648,False
1,titan_029747,0,2082048.3496514927,False
1,titan_029748,0,2114210.7238731887,False
1,titan_029749,0,2146454.498898962,False
1,titan_029750,0,2178769.7007816616,False
1,titan_029751,0,2211146.865150488,False
1,titan_029762,0,2567871.6759497304,False
1,titan_029763,0,2599706.4257380427,False
1,titan_029764,0,2620577.1758120935,False
1,titan_030022,2,952851.7025923304,False
1,titan_030023,2,958675.5666603778,False
1,titan_030039,0,1230380.5374637041,False
1,titan_030040,0,1254270.9353481336,False
1,titan_030041,0,1278342.5873147643,False
1,titan_030042,0,1303092.3847101703,False
1,titan_030052,0,1579634.5810900957,False
1,titan_030053,0,1609500.5646801433,False
1,titan_030054,0,1639664.3577053302,False
1,titan_030055,0,1670104.5443585573,False
1,titan_030056,0,1700800.8865223497,False
1,titan_030057,0,1731734.3550800877,False
1,titan_030064,0,1953508.5230678166,False
1,titan_030065,0,1985764.2548677446,False
1,titan_030066,0,2018124.9885147684,False
1,titan_030067,0,2050579.4839401476,False
1,titan_030068,0,2083116.9208578889,False
1,titan_030069,0,2115726.9757296606,False
1,titan_030070,0,2148399.758279907,False
1,titan_030082,0,2540366.510648541,False
1,titan_030083,0,2572450.3525759806,False
1,titan_030339,0,906220.9321950041,False
1,titan_030340,2,911673.4582984165,False
1,titan_030341,2,918785.5498688265,False
1,titan_030358,0,1235435.7779086807,False
1,titan_030359,0,1260723.6327856632,False
1,titan_030360,0,1286655.6892175332,False
1,titan_030369,0,1542743.00914713,False
1,titan_030370,0,1573133.559337096,False
1,titan_030371,0,1603814.1526152678,False
1,titan_030373,0,1665959.2615472283,False
1,titan_030374,0,1697383.8010557087,False
1,titan_030380,0,1889768.3672582621,False
1,titan_030381,0,1922331.7714940847,False
1,titan_030382,0,1955002.384380819,False
1,titan_030383,0,1987768.4164103766,False
1,titan_030384,0,2020618.5501807262,False
1,titan_030385,0,2053542.0986901391,False
1,titan_030386,0,2086528.7353301016,False
1,titan_030398,0,2482055.8341708826,False
1,titan_030399,0,2514433.8534693946,False
1,titan_030400,0,2537555.6645380217,False
1,titan_030654,2,864850.8689130046,False
1,titan_030655,2,871685.0070257661,False
1,titan_030656,2,880245.1654572494,False
1,titan_030673,0,1219252.950556234,False
1,titan_030674,0,1245779.1867950466,False
1,titan_030675,0,1272910.3437171828,False
1,titan_030676,0,1300603.8322000175,False
1,titan_030683,0,1507136.4890003374,False
1,titan_030684,0,1538079.3962379608,False
1,titan_030685,0,1569302.8946926869,False
1,titan_030687,0,1632503.8595510025,False
1,titan_030688,0,1664440.8892093576,False
1,titan_030693,0,1826784.56367926,False
1,titan_030694,0,1859676.8011149433,False
1,titan_030695,0,1892678.0487390477,False
1,titan_030696,0,1925775.889193243,False
1,titan_030697,0,1958958.6072418762,False
1,titan_030698,0,1992215.026154123,False
1,titan_030712,0,2457464.8266516044,False
1,titan_030713,0,2481224.6423087204,False
1,titan_030714,0,2502476.53599076,False
1,titan_030966,0,824750.9504860603,False
1,titan_030967,0,833146.1120177583,False
1,titan_030968,2,843329.1363107362,False
1,titan_030985,0,1205916.2253517394,False
1,titan_030986,0,1233692.608769005,False
1,titan_030987,0,1262029.690815961,False
1,titan_030988,0,1290885.3790463696,False
1,titan_030994,0,1472885.282559666,False
1,titan_030995,0,1504407.489853591,False
1,titan_030996,0,1536198.9440182226,False
1,titan_030998,0,1600500.8815871133,False
1,titan_030999,0,1632970.5883215289,False
1,titan_031002,0,1731435.7951588926,False
1,titan_031003,0,1764555.1287948247,False
1,titan_031004,0,1797798.3947080332,False
1,titan_031005,0,1831151.9320254072,False
1,titan_031006,0,1864602.8211972348,False
1,titan_031007,0,1898138.7937159773,False
1,titan_031008,0,1931748.2909181355,False
1,titan_031011,0,2032909.8844248333,False
1,titan_031012,0,2066707.9091724984,False
1,titan_031023,0,2425483.948146575,False
1,titan_031024,0,2446947.141896292,False
1,titan_031025,0,2468434.4390249536,False
1,titan_031275,2,786213.2396791897,False
1,titan_031276,0,796366.303823752,False
1,titan_031294,0,1195614.2185592018,False
1,titan_031295,0,1224640.9366554935,False
1,titan_031296,0,1254179.6155328427,False
1,titan_031297,0,1284189.3406012468,False
1,titan_031302,0,1440065.3160649308,False
1,titan_031303,0,1472192.4946575165,False
1,titan_031304,0,1504575.6558441538,False
1,titan_031306,0,1570020.7661487185,False
1,titan_031307,0,1603041.80869546,False
1,titan_031309,0,1669588.576271455,False
1,titan_031310,0,1703080.808833242,False
1,titan_031311,0,1736698.3412167863,False
1,titan_031312,0,1770426.8609791114,False
1,titan_031313,5,1804252.8762107175,False
1,titan_031314,0,1838163.6732842887,False
1,titan_031318,0,1974422.1975322147,False
1,titan_031319,0,2008587.5719418456,False
1,titan_031320,0,2042773.7060656466,False
1,titan_031321,0,2076971.563347445,False
1,titan_031332,0,2413730.319732391,False
1,titan_031580,0,739439.5412686524,False
1,titan_031581,2,749588.4231753134,False
1,titan_031582,0,761711.3264375458,False
1,titan_031600,0,1188525.7595919957,False
1,titan_031601,0,1218790.4816395056,False
1,titan_031602,0,1249514.6908525156,False
1,titan_031603,0,1280659.2283708507,False
1,titan_031607,0,1408758.0685079214,False
1,titan_031608,0,1441514.2429838134,False
1,titan_031610,0,1507725.9820961345,False
1,titan_031611,0,1541137.8018035633,False
1,titan_031612,0,1574726.9553857648,False
1,titan_031613,0,1608475.132881972,False
1,titan_031614,0,1642365.3170641877,False
1,titan_031615,0,1676381.5035114426,False
1,titan_031616,0,1710508.7142107282,False
1,titan_031617,0,1744732.8785793649,False
1,titan_031618,0,1779040.7510706908,False
1,titan_031623,0,1951420.9820639354,False
1,titan_031624,0,1985990.5234817627,False
1,titan_031625,0,2020568.6498716255,False
1,titan_031629,0,2157910.4837294533,False
1,titan_031632,0,2259235.66411883,False
1,titan_031633,0,2292925.8120854837,False
1,titan_031637,2,2381607.4672364336,False
1,titan_031883,0,702994.075681171,False
1,titan_031884,2,715293.8072451908,False
1,titan_031885,2,729608.2421408376,False
1,titan_031903,0,1184815.252362495,False
1,titan_031904,0,1216292.5833156887,False
1,titan_031905,0,1248174.1864029097,False
1,titan_031906,0,1280423.2427146444,False
1,titan_031908,0,1345891.2692094438,False
1,titan_031909,0,1379050.577303766,False
1,titan_031910,0,1412457.5284132475,False
1,titan_031912,0,1479918.8809399896,False
1,titan_031913,0,1513929.9516555376,False
1,titan_031914,0,1548101.6693714482,False
1,titan_031915,0,1582416.0521468292,False
1,titan_031916,0,1616856.3433706518,False
1,titan_031917,0,1651406.894455122,False
1,titan_031918,0,1686053.0589636492,False
1,titan_031919,0,1720781.0970639193,False
1,titan_031924,0,1895221.7658402354,False
1,titan_031925,0,1930193.3978556467,False
1,titan_031926,0,1965169.8188438872,False
1,titan_031927,0,2000142.0425072901,False
1,titan_031928,0,2035101.4522717448,False
1,titan_031929,0,2069535.4990139366,False
1,titan_031930,0,2103749.494034912,False
1,titan_031932,0,2172083.377649623,False
1,titan_031933,0,2206187.840774936,False
1,titan_031934,0,2239659.7250454086,False
1,titan_031935,0,2261791.869799618,False
1,titan_031936,0,2283962.0775793507,False
1,titan_031939,0,2350613.519457533,False
1,titan_032182,0,669117.6899190816,False
1,titan_032183,2,683818.3644014153,False
1,titan_032202,0,1184627.6138975953,False
1,titan_032203,0,1217279.32035222,False
1,titan_032204,0,1250278.3984220424,False
1,titan_032205,0,1283590.918942426,False
1,titan_032206,0,1317185.8436038012,False
1,titan_032207,0,1351034.7616544515,False
1,titan_032208,0,1385111.5149473492,False
1,titan_032210,0,1453854.4785418988,False
1,titan_032211,0,1488478.1425237828,False
1,titan_032212,0,1523244.2413233488,False
1,titan_032213,0,1558135.1778376522,False
1,titan_032214,0,1593134.6687661028,False
1,titan_032215,0,1628227.5068104102,False
1,titan_032222,0,1875399.3889568585,False
1,titan_032223,2,1910792.2971690393,False
1,titan_032224,2,1946176.4123767414,False
1,titan_032225,2,1981390.9176952427,False
1,titan_032226,2,2016025.3764871154,False
1,titan_032227,0,2050634.7598785912,False
1,titan_032228,0,2085210.8552257968,False
1,titan_032229,0,2119745.728775852,False
1,titan_032230,2,2154231.7265300145,False
1,titan_032231,2,2186013.078674083,False
1,titan_032232,0,2208405.99914624,False
1,titan_032233,0,2230838.609157895,False
1,titan_032236,0,2298283.4665819327,False
1,titan_032477,0,623198.5927471446,False
1,titan_032478,0,638374.3532877433,False
1,titan_032479,0,655722.9954872037,False
1,titan_032498,0,1188084.4050510158,False
1,titan_032499,0,1221859.9109219296,False
1,titan_032500,0,1255925.5336368019,False
1,titan_032501,0,1290250.5273755477,False
1,titan_032502,0,1324806.955346126,False
1,titan_032503,0,1359569.173541161,False
1,titan_032504,0,1394513.7934621265,False
1,titan_032505,0,1429619.2527262971,False
1,titan_032506,0,1464865.6926309108,False
1,titan_032507,0,1500234.8612387564,False
1,titan_032508,0,1535709.750288745,False
1,titan_032509,0,1571274.6801865527,False
1,titan_032516,2,1821629.1604465859,False
1,titan_032517,0,1857456.7754425544,False
1,titan_032518,0,1893270.2436403236,False
1,titan_032519,0,1928512.797285205,False
1,titan_032520,0,1963564.0670825331,False
1,titan_032521,0,1998585.1886805065,False
1,titan_032522,0,2033567.8172086342,False
1,titan_032523,0,2068504.0110348957,False
1,titan_032524,0,2103385.9752905057,False
1,titan_032525,2,2132944.3694911497,False
1,titan_032526,2,2155612.9315166646,False
1,titan_032527,0,2178322.5508611784,False
1,titan_032531,0,2269383.1146580754,False
1,titan_032769,0,593318.4695361333,False
1,titan_032770,0,611410.501244446,False
1,titan_032790,0,1195280.2345940964,False
1,titan_032791,0,1230117.9964701794,False
1,titan_032792,0,1265189.3879030088,False
1,titan_032793,0,1300467.183099858,False
1,titan_032794,0,1335926.592587375,False
1,titan_032795,0,1371544.9811245652,False
1,titan_032796,0,1407301.6197874215,False
1,titan_032797,0,1443177.4680951277,False
1,titan_032798,0,1479154.982469798,False
1,titan_032807,0,1805187.5458593667,False
1,titan_032808,0,1841176.169920473,False
1,titan_032809,0,1876688.499689684,False
1,titan_032810,0,1912173.5306946174,False
1,titan_032811,0,1947622.594284217,False
1,titan_032812,0,1983027.35491713,False
1,titan_032813,0,2018379.7753348565,False
1,titan_032814,0,2053672.0850718874,False
1,titan_032815,2,2080457.0464857065,False
1,titan_032816,2,2103416.9040674837,False
1,titan_032817,0,2126418.951056878,False
1,titan_032821,0,2218652.407616838,False
1,titan_033056,0,548709.1199958482,False
1,titan_033057,0,567692.9031699973,False
1,titan_033058,0,588939.2598025419,False
1,titan_033078,0,1206280.6516886356,False
1,titan_033079,0,1242109.8050379427,False
1,titan_033080,0,1278118.066942186,False
1,titan_033081,0,1314281.7707236905,False
1,titan_033082,0,1350579.3470016143,False
1,titan_033083,0,1386991.1220195517,False
1,titan_033084,0,1423498.9774130026,False
1,titan_033093,0,1753980.2783010665,False
1,titan_033094,0,1789974.2562179628,False
1,titan_033095,0,1825943.522273758,False
1,titan_033096,0,1861879.0028147816,False
1,titan_033097,0,1897772.0349428316,False
1,titan_033098,0,1933614.2117626248,False
1,titan_033099,0,1969397.515501767,False
1,titan_033100,0,2005114.1706266678,False
1,titan_033101,0,2028555.9857925142,False
1,titan_033102,0,2051823.6712659686,False
1,titan_033103,0,2075134.350118973,False
1,titan_033104,0,2098477.571537761,False
1,titan_033108,0,2191976.2471954124,False
1,titan_033341,0,524683.2761352672,False
1,titan_033342,0,547138.4426539806,False
1,titan_033343,0,571705.2612926298,False
1,titan_033362,0,1184528.567713923,False
1,titan_033363,0,1221121.0773526311,False
1,titan_033364,0,1257863.4805217849,False
1,titan_033365,0,1294733.500138826,False
1,titan_033366,0,1331710.8247534765,False
1,titan_033367,0,1368777.017689924,False
1,titan_033368,0,1405915.2043931764,False
1,titan_033377,0,1739863.7003887733,False
1,titan_033378,0,1776307.0343039066,False
1,titan_033379,0,1812709.2864568953,False
1,titan_033380,0,1849061.8131531586,False
1,titan_033381,0,1885356.3156772857,False
1,titan_033382,0,1921584.716442924,False
1,titan_033383,0,1953709.3303217855,False
1,titan_033384,0,1977247.6103040685,False
1,titan_033385,0,2000840.5460045498,False
1,titan_033386,2,2024476.926534711,False
1,titan_033391,0,2142938.9714743593,False
1,titan_033621,0,482535.6337041531,False
1,titan_033622,0,506416.6551907601,False
1,titan_033623,0,532484.3058671644,False
1,titan_033640,0,1090718.8733654579,False
1,titan_033641,0,1127764.6216969234,False
1,titan_033642,0,1164977.802541666,False
1,titan_033643,0,1202332.940457835,False
1,titan_033644,0,1239807.128715925,False
1,titan_033645,0,1277379.783697586,False
1,titan_033646,0,1315032.1659119506,False
1,titan_033647,0,1352747.234740256,False
1,titan_033656,0,1690878.1894640776,False
1,titan_033657,0,1727812.0507796926,False
1,titan_033658,0,1764696.7953634574,False
1,titan_033659,2,1801523.8175983583,False
1,titan_033660,0,1838284.8560389085,False
1,titan_033661,0,1874971.9525889566,False
1,titan_033662,0,1902658.737521263,False
1,titan_033663,0,1926540.0192182902,False
1,titan_033664,0,1950476.559843436,False
1,titan_033665,2,1974456.595055741,False
1,titan_033668,0,2046545.3787107507,False
1,titan_033669,0,2070588.7018473065,False
1,titan_033670,0,2094621.7145275704,False
1,titan_033671,3,2114853.5707434993,False
1,titan_033898,0,467023.89357899653,False
1,titan_033899,0,494820.37235301407,False
1,titan_033900,0,523913.3329431151,False
1,titan_033914,0,996630.6351015349,False
1,titan_033915,0,1034157.460651487,False
1,titan_033916,0,1071870.948832779,False
1,titan_033917,0,1109741.6965232673,False
1,titan_033918,0,1147743.6368456162,False
1,titan_033919,0,1185853.6203847956,False
1,titan_033920,0,1224050.7921002402,False
1,titan_033921,0,1262316.4697250042,False
1,titan_033922,0,1300633.6167459495,False
1,titan_033923,0,1338986.8251949497,False
1,titan_033924,0,1377361.8731907208,False
1,titan_033932,0,1680495.8838354126,False
1,titan_033933,0,1717877.9541264945,False
1,titan_033934,0,1755193.5648749094,False
1,titan_033935,0,1792434.5381879497,False
1,titan_033936,0,1828023.2729624615,False
1,titan_033937,0,1852199.2490251884,False
1,titan_033938,0,1876443.3209262325,False
1,titan_033939,0,1900742.7511246891,False
1,titan_033940,0,1925085.2860566971,False
1,titan_033941,0,1949458.9869860334,False
1,titan_033943,0,1998254.1697559461,False
1,titan_033944,0,2022653.6047161145,False
1,titan_033945,0,2047040.0741095615,False
1,titan_033946,0,2066731.0870258412,False
1,titan_034170,0,429294.8061012232,False
1,titan_034171,0,459068.5441366354,False
1,titan_034172,0,486693.646515624,False
1,titan_034185,0,940245.699207497,False
1,titan_034186,0,978493.6751811573,False
1,titan_034187,0,1016915.0132990053,False
1,titan_034188,0,1055479.8479981227,False
1,titan_034189,0,1094161.9455331578,False
1,titan_034190,0,1132938.1113180304,False
1,titan_034191,0,1171787.7043451231,False
1,titan_034192,0,1210692.2375623025,False
1,titan_034193,0,1249635.0765574225,False
1,titan_034194,0,1288601.0490050735,False
1,titan_034195,0,1327576.3900762345,False
1,titan_034196,0,1366548.4345184301,False
1,titan_034197,0,1405505.4843014427,False
1,titan_034203,0,1634400.164793669,False
1,titan_034204,0,1672293.190298041,False
1,titan_034205,0,1710110.3091281995,False
1,titan_034206,0,1747843.5318733843,False
1,titan_034207,0,1777782.5198601536,False
1,titan_034208,0,1802341.8002331937,False
1,titan_034209,0,1826969.414782905,False
1,titan_034210,0,1851652.0471897603,False
1,titan_034211,0,1876376.8539812092,False
1,titan_034212,0,1901131.3651505127,False
1,titan_034213,0,1925903.5703341675,False
1,titan_034214,0,1950681.8217370957,False
1,titan_034215,0,1975454.8303497692,False
1,titan_034216,0,2000211.6448600849,False
1,titan_034217,0,2019145.268316038,False
1,titan_034438,0,422262.277438343,False
1,titan_034439,0,451454.46257818886,False
1,titan_034440,0,482554.1179415191,False
1,titan_034450,0,845978.2946922908,False
1,titan_034451,0,884801.2328461456,False
1,titan_034452,0,923814.0780389899,False
1,titan_034453,0,962982.3433807367,False
1,titan_034454,0,1002276.1828982767,False
1,titan_034455,0,1041669.7108035235,False
1,titan_034456,0,1081140.2336381369,False
1,titan_034457,0,1120667.61479461,False
1,titan_034458,0,1160234.005037184,False
1,titan_034459,0,1199823.3950931209,False
1,titan_034460,0,1239421.233327456,False
1,titan_034461,0,1279014.357430329,False
1,titan_034462,0,1318590.7064794432,False
1,titan_034463,0,1357748.417055247,False
1,titan_034464,0,1396496.5830530098,False
1,titan_034465,0,1435213.709019741,False
1,titan_034469,0,1589571.0653206245,False
1,titan_034470,0,1627987.1760604996,False
1,titan_034471,0,1666317.3108079268,False
1,titan_034472,0,1702480.9572182517,False
1,titan_034473,0,1728134.489272518,False
1,titan_034474,0,1753099.4963752427,False
1,titan_034475,0,1778132.5383174913,False
1,titan_034476,0,1803219.670592409,False
1,titan_034477,0,1828347.4518998596,False
1,titan_034478,2,1853502.8587908293,False
1,titan_034479,0,1878673.3679542625,False
1,titan_034480,0,1903846.8739726925,False
1,titan_034481,0,1929011.608298036,False
1,titan_034482,0,1952930.1050504837,False
1,titan_034483,0,1972108.703483174,False
1,titan_034484,0,1991300.189399208,False
1,titan_034701,0,387153.64405726123,False
1,titan_034702,0,418676.9957923714,False
1,titan_034703,0,451984.9436310452,False
1,titan_034711,0,751310.7993214022,False
1,titan_034712,0,790757.8219957259,False
1,titan_034713,0,830410.9034155522,False
1,titan_034714,0,870229.9238018722,False
1,titan_034715,0,910180.9812510456,False
1,titan_034716,0,950235.1600501675,False
1,titan_034717,0,990367.5833732153,False
1,titan_034718,0,1030556.5347597853,False
1,titan_034719,0,1070783.0317216779,False
1,titan_034720,0,1111030.2336552632,False
1,titan_034721,0,1151283.0902232837,False
1,titan_034722,0,1191528.0350307925,False
1,titan_034723,0,1231752.7664023284,False
1,titan_034724,0,1271409.404080206,False
1,titan_034725,0,1310795.2913991248,False
1,titan_034726,0,1350147.8816065753,False
1,titan_034727,0,1389456.4942144752,False
1,titan_034728,0,1428711.1649948899,False
1,titan_034729,0,1467902.4319303657,False
1,titan_034730,0,1507021.4199385669,False
1,titan_034731,0,1546059.6547515502,False
1,titan_034732,0,1585009.0291106368,False
1,titan_034733,2,1623861.7493604342,False
1,titan_034734,0,1653312.7823386523,False
1,titan_034735,0,1679093.4354842214,False
1,titan_034736,0,1704487.7613694593,False
1,titan_034737,0,1729949.2363122592,False
1,titan_034738,0,1755463.2213465138,False
1,titan_034739,0,1781015.6527653274,False
1,titan_034740,0,1806592.9334458536,False
1,titan_034741,0,1832182.0105879928,False
1,titan_034742,0,1857770.2707645353,False
1,titan_034743,0,1883345.5289855166,False
1,titan_034744,0,1906137.0022147847,False
1,titan_034745,0,1925635.7276609773,False
1,titan_034746,0,1945145.951321619,False
1,titan_034961,0,388968.1259161087,False
1,titan_034962,0,424638.4615144992,False
1,titan_034963,0,461504.5237182166,False
1,titan_034968,0,656212.2928987028,False
1,titan_034969,0,696344.6223428255,False
1,titan_034970,3,736697.167335341,False
1,titan_034971,3,777223.0469645648,False
1,titan_034972,0,817883.7481790658,False
1,titan_034973,0,858647.303186116,False
1,titan_034974,0,899486.6649523599,False
1,titan_034975,0,940378.8674534177,False
1,titan_034976,0,981303.9782666279,False
1,titan_034977,0,1022244.7034202251,False
1,titan_034978,0,1063185.6677000762,False
1,titan_034981,0,1185087.4788730226,False
1,titan_034982,0,1225140.9319511869,False
1,titan_034985,0,1345036.8586068382,False
1,titan_034986,0,1384880.5517268272,False
1,titan_034987,0,1424648.1642046683,False
1,titan_034988,0,1464331.3294709495,False
1,titan_034989,0,1503921.9445013446,False
1,titan_034990,0,1543412.3368551487,False
1,titan_034991,0,1577344.6811659557,False
1,titan_034992,0,1604710.971176255,False
1,titan_034993,0,1630676.1401336493,False
1,titan_034994,0,1656524.6762581947,False
1,titan_034995,0,1682438.7365888793,False
1,titan_034996,0,1708402.9602102044,False
1,titan_034997,0,1734402.6575054198,False
1,titan_034998,0,1760423.6403549756,False
1,titan_034999,0,1786452.331423911,False
1,titan_035000,0,1812475.580401023,False
1,titan_035001,0,1838480.778004866,False
1,titan_035002,0,1859906.5787694207,False
1,titan_035003,0,1879742.65391039,False
1,titan_035004,0,1899588.316065041,False
1,titan_035216,0,363069.9405950403,False
1,titan_035217,0,401166.13609694294,False
1,titan_035218,0,440179.1959467116,False
1,titan_035220,0,520081.425926231,False
1,titan_035221,0,560679.5165976437,False
1,titan_035222,0,601576.1764175143,False
1,titan_035223,0,642701.4389323153,False
1,titan_035224,3,684000.8991503252,False
1,titan_035225,3,725431.4533987934,False
1,titan_035226,3,766958.3103641857,False
1,titan_035227,0,808553.0144421988,False
1,titan_035228,0,850191.768151991,False
1,titan_035229,0,891854.4507196313,False
1,titan_035230,0,933523.7770249718,False
1,titan_035231,0,975184.6884949097,False
1,titan_035232,0,1016823.8615401642,False
1,titan_035233,0,1058023.8399456951,False
1,titan_035234,0,1098805.3230469064,False
1,titan_035235,0,1139555.8278673268,False
1,titan_035236,0,1180263.807591104,False
1,titan_035237,0,1220918.642811525,False
1,titan_035242,0,1423071.0252767839,False
1,titan_035243,0,1463219.0588288673,False
1,titan_035244,0,1500361.3505874155,False
1,titan_035245,0,1529251.7555817289,False
1,titan_035246,0,1556653.2844122897,False
1,titan_035247,0,1582902.2784806385,False
1,titan_035248,0,1609231.1408829712,False
1,titan_035249,0,1635623.070431933,False
1,titan_035250,0,1662061.9790399366,False
1,titan_035251,0,1688532.5148058361,False
1,titan_035252,0,1715019.9037584916,False
1,titan_035253,0,1741509.9790647302,False
1,titan_035254,0,1767989.1209833901,False
1,titan_035255,0,1794083.6899751187,False
1,titan_035256,0,1814256.3656665229,False
1,titan_035257,0,1834447.8945293378,False
1,titan_035258,0,1854646.5217964458,False
1,titan_035466,0,341842.42561549984,False
1,titan_035467,0,382279.1039523738,False
1,titan_035468,0,423311.81874869496,False
1,titan_035469,0,464769.7370391914,False
1,titan_035470,0,506535.1694516882,False
1,titan_035471,0,548524.2784252582,False
1,titan_035472,0,590675.610074966,False
1,titan_035473,0,632942.717676713,False
1,titan_035474,0,675289.6603242431,False
1,titan_035476,0,760114.3913123369,False
1,titan_035477,0,802549.93900747,False
1,titan_035478,0,844978.3674303484,False
1,titan_035479,0,887385.7494306432,False
1,titan_035480,0,929560.971087392,False
1,titan_035481,0,971101.5357048446,False
1,titan_035482,0,1012615.3500088735,False
1,titan_035483,0,1054090.1718091439,False
1,titan_035484,0,1095514.8764070794,False
1,titan_035485,0,1136879.350514851,False
1,titan_035486,0,1178174.1482190888,False
1,titan_035492,0,1422916.4128207236,False
1,titan_035493,0,1452860.2561720342,False
1,titan_035494,0,1481711.5551075425,False
1,titan_035495,0,1509035.248092419,False
1,titan_035496,0,1535794.5622197518,False
1,titan_035497,0,1562631.1729921158,False
1,titan_035498,0,1589527.43570468,False
1,titan_035499,0,1616466.5351117111,False
1,titan_035500,0,1643432.4074722657,False
1,titan_035501,0,1670409.6664661088,False
1,titan_035502,0,1697383.6253905327,False
1,titan_035503,0,1724340.1382363494,False
1,titan_035504,0,1748656.4628045978,False
1,titan_035505,0,1769206.1724289653,False
1,titan_035506,0,1789772.1542072836,False
1,titan_035507,0,1810342.0612964677,False
1,titan_035508,0,1830903.9102983582,False
1,titan_035711,0,284139.7653214445,False
1,titan_035712,0,326197.048441357,False
1,titan_035713,0,368685.16422274447,False
1,titan_035714,0,411456.9001460169,False
1,titan_035715,0,454418.08123423986,False
1,titan_035716,0,497505.16020714655,False
1,titan_035717,0,540673.3849955305,False
1,titan_035721,0,713603.0653709716,False
1,titan_035722,0,756807.4449087995,False
1,titan_035723,0,799702.6704911195,False
1,titan_035724,0,842036.9977045805,False
1,titan_035725,0,884345.461413499,False
1,titan_035726,0,926615.5297392652,False
1,titan_035727,0,968835.9989067813,False
1,titan_035728,0,1010996.7267087714,False
1,titan_035729,0,1053088.4361754623,False
1,titan_035730,0,1095102.4293507219,False
1,titan_035731,0,1137030.622116946,False
1,titan_035732,0,1178865.3246508327,False
1,titan_035737,0,1375623.7462547435,False
1,titan_035738,0,1405789.536120177,False
1,titan_035739,0,1434618.9136081215,False
1,titan_035740,0,1462079.7761612886,False
1,titan_035741,0,1489379.2130245543,False
1,titan_035742,0,1516752.2565755518,False
1,titan_035743,0,1544180.4552102645,False
1,titan_035744,0,1571646.2000330621,False
1,titan_035745,0,1599132.7653582557,False
1,titan_035746,0,1626624.1700705835,False
1,titan_035747,0,1654105.1360587976,False
1,titan_035748,0,1681561.0513093208,False
1,titan_035749,0,1703830.853805725,False
1,titan_035750,0,1724778.2450077096,False
1,titan_035751,0,1745738.5693864005,False
1,titan_035752,0,1766698.9004488117,False
1,titan_035753,0,1787646.6559732165,False
1,titan_035946,0,44999.25207961253,True
1,titan_035947,0,64873.65811256621,True
1,titan_035948,0,101761.69683924096,True
1,titan_035949,0,143065.90042083076,False
1,titan_035950,0,185854.07771306884,False
1,titan_035951,0,229284.6316041089,False
1,titan_035952,0,273037.9057949779,False
1,titan_035953,0,316966.2987305961,False
1,titan_035954,0,360991.373893641,False
1,titan_035955,0,405066.71052928997,False
1,titan_035956,0,449162.1975513876,False
1,titan_035961,0,668553.5399937639,False
1,titan_035962,0,711716.3378488115,False
1,titan_035963,0,754848.5741561835,False
1,titan_035964,0,797938.3756574356,False
1,titan_035965,0,840975.3197394327,False
1,titan_035966,0,883949.9618243576,False
1,titan_035967,0,926853.7460354482,False
1,titan_035968,0,969678.7008278511,False
1,titan_035969,0,1012417.3247753034,False
1,titan_035970,0,1055062.5065176527,False
1,titan_035971,0,1097607.3292552829,False
1,titan_035972,0,1140045.174676958,False
1,titan_035976,0,1297996.8210989302,False
1,titan_035977,0,1329063.4702213092,False
1,titan_035978,0,1359314.0554522024,False
1,titan_035979,0,1388033.928307747,False
1,titan_035980,0,1415815.600394273,False
1,titan_035981,0,1443686.343309007,False
1,titan_035982,0,1471625.7715348145,False
1,titan_035983,0,1499614.5627805928,False
1,titan_035984,0,1527634.386789319,False
1,titan_035985,0,1555667.841470538,False
1,titan_035986,0,1583698.3033197694,False
1,titan_035987,0,1611709.968893933,False
1,titan_035988,0,1638287.0306495165,False
1,titan_035989,0,1659630.925482547,False
1,titan_035990,0,1680997.6388053794,False
1,titan_035991,0,1702373.1151529134,False
1,titan_035992,0,1723743.791182942,False
1,titan_035993,0,1745096.516955086,False
1,titan_036183,0,44999.20393908736,True
1,titan_036184,0,89993.63050751796,True
1,titan_036185,0,134978.49992320605,False
1,titan_036186,0,179949.02758077605,False
1,titan_036187,0,224900.4216388439,False
1,titan_036188,0,269827.88060602697,False
1,titan_036189,0,314726.59092529607,False
1,titan_036190,0,359591.72455629666,False
1,titan_036191,0,404287.3548942358,False
1,titan_036192,0,448351.65095303184,False
1,titan_036193,0,492412.1552541834,False
1,titan_036196,0,624426.4937690366,False
1,titan_036197,0,668339.8117708957,False
1,titan_036198,0,712193.008439773,False
1,titan_036199,0,755978.6603066085,False
1,titan_036200,0,799689.8229709913,False
1,titan_036201,0,843319.8936070736,False
1,titan_036202,0,886862.513720125,False
1,titan_036203,0,930311.4988359809,False
1,titan_036204,0,973660.7866125242,False
1,titan_036205,0,1016904.3978027764,False
1,titan_036206,0,1060036.4063447893,False
1,titan_036207,0,1103050.9160390827,False
1,titan_036208,0,1145942.0420521135,False
1,titan_036210,0,1218996.3989544977,False
1,titan_036211,0,1251572.342334649,False
1,titan_036212,0,1282984.7089711477,False
1,titan_036213,0,1313102.4106884436,False
1,titan_036214,0,1341884.6736186885,False
1,titan_036215,0,1370275.60134046,False
1,titan_036216,0,1398750.2232669354,False
1,titan_036217,0,1427287.1712802039,False
1,titan_036218,0,1455866.2755044964,False
1,titan_036219,0,1484468.4586132048,False
1,titan_036220,0,1513075.6393564958,False
1,titan_036221,0,1541670.644629434,False
1,titan_036222,0,1570237.1294127682,False
1,titan_036223,0,1594293.311553052,False
1,titan_036224,0,1616083.5513559636,False
1,titan_036225,0,1637892.2072049985,False
1,titan_036226,0,1659704.5383690363,False
1,titan_036227,0,1681506.303081436,False
1,titan_036228,0,1703283.7319621197,False
1,titan_036415,0,44999.16064201147,True
1,titan_036416,0,89993.163520618,True
1,titan_036417,0,134976.9337043325,False
1,titan_036418,0,179945.2773399424,False
1,titan_036421,0,314706.477030139,False
1,titan_036422,0,359561.6676210077,False
1,titan_036423,0,404375.60967560404,False
1,titan_036424,0,449143.1104004615,False
1,titan_036425,0,493858.86910370254,False
1,titan_036429,0,672098.9953787747,False
1,titan_036430,0,716476.5702299376,False
1,titan_036431,0,760770.3136564697,False
1,titan_036432,0,804974.8053438911,False
1,titan_036433,0,849084.4696257422,False
1,titan_036434,0,893093.7966067138,False
1,titan_036435,0,936997.1164291783,False
1,titan_036436,0,980788.7917558453,False
1,titan_036437,0,1024463.1314104145,False
1,titan_036438,0,1068014.3052987652,False
1,titan_036439,0,1104561.855888285,False
1,titan_036440,0,1139478.4032602124,False
1,titan_036441,0,1173592.2992355693,False
1,titan_036442,0,1205975.4318167355,False
1,titan_036443,0,1237425.3336052815,False
1,titan_036444,0,1267526.5237337886,False
1,titan_036445,0,1296461.8353738245,False
1,titan_036446,0,1325497.5470592557,False
1,titan_036447,0,1354609.8982756825,False
1,titan_036448,0,1383776.5890496708,False
1,titan_036449,0,1412976.5869411915,False
1,titan_036450,0,1442190.131725154,False
1,titan_036451,0,1471398.475048246,False
1,titan_036452,0,1500583.9264022622,False
1,titan_036453,0,1528725.3039970251,False
1,titan_036454,0,1550957.5345311323,False
1,titan_036455,0,1573218.8040149012,False
1,titan_036456,0,1595493.0705228185,False
1,titan_036457,0,1617764.8218255735,False
1,titan_036458,0,1640019.1549358687,False
1,titan_036459,0,1662241.6319343417,False
1,titan_036648,0,320332.27063797775,False
1,titan_036649,0,365276.91982586565,False
1,titan_036650,0,410264.51935980347,False
1,titan_036651,0,455263.60157594533,False
1,titan_036652,0,500251.9727086213,False
1,titan_036653,0,545212.963752268,False
1,titan_036654,0,590133.1491563256,False
1,titan_036655,0,635001.3670619926,False
1,titan_036656,0,679807.770388073,False
1,titan_036657,0,724543.5919272255,False
1,titan_036658,0,769200.624836957,False
1,titan_036659,0,813771.2442403651,False
1,titan_036660,0,858248.0482191849,False
1,titan_036661,0,902623.9809641782,False
1,titan_036662,0,946892.0420442602,False
1,titan_036663,0,987001.7472182689,False
1,titan_036664,0,1023526.8026494026,False
1,titan_036665,0,1059435.516947472,False
1,titan_036666,0,1094886.5117538867,False
1,titan_036667,0,1128110.056112158,False
1,titan_036668,0,1160721.3915285016,False
1,titan_036669,0,1192096.578830446,False
1,titan_036670,0,1222182.2156872456,False
1,titan_036671,0,1251807.1218713955,False
1,titan_036672,0,1281524.5692550386,False
1,titan_036673,0,1311309.6735487785,False
1,titan_036674,0,1341139.2405926795,False
1,titan_036675,0,1370991.456078267,False
1,titan_036676,0,1400845.8871110964,False
1,titan_036677,0,1430683.2035610336,False
1,titan_036678,0,1460485.2086007018,False
1,titan_036679,0,1485577.2835694877,False
1,titan_036680,0,1508312.1595631111,False
1,titan_036681,0,1531070.2978688278,False
1,titan_036682,0,1553834.7792860346,False
1,titan_036683,0,1576589.3781784489,False
1,titan_036684,0,1599318.424375537,False
1,titan_036685,0,1621942.0781335854,False
1,titan_036870,0,332787.871788482,False
1,titan_036871,0,377130.0777890747,False
1,titan_036872,0,421747.96270986024,False
1,titan_036873,0,466542.6409320427,False
1,titan_036874,0,511447.44140634855,False
1,titan_036875,0,556415.1237297558,False
1,titan_036876,0,601410.6916690167,False
1,titan_036877,0,646407.154037563,False
1,titan_036878,0,691382.9188052214,False
1,titan_036879,0,736320.1330392353,False
1,titan_036880,0,781203.5919761935,False
1,titan_036881,0,826020.0022175116,False
1,titan_036882,0,865889.7247183857,False
1,titan_036883,0,904586.2302391679,False
1,titan_036884,0,941937.1068131222,False
1,titan_036885,0,978810.8118384068,False
1,titan_036886,0,1015059.584381859,False
1,titan_036887,0,1049655.4036142519,False
1,titan_036888,0,1083440.2766744478,False
1,titan_036889,0,1116032.2512519856,False
1,titan_036890,0,1147368.911211987,False
1,titan_036891,0,1177613.5883420312,False
1,titan_036892,0,1207968.500926677,False
1,titan_036893,0,1238405.798595926,False
1,titan_036894,0,1268899.6265258363,False
1,titan_036895,0,1299425.9092036241,False
1,titan_036896,0,1329962.1584135622,False
1,titan_036897,0,1360487.3028561776,False
1,titan_036898,0,1390981.5370177815,False
1,titan_036899,0,1419896.6665342788,False
1,titan_036900,0,1443127.7475924853,False
1,titan_036901,0,1466393.5094268892,False
1,titan_036902,0,1489675.411860443,False
1,titan_036903,0,1512955.6872571965,False
1,titan_036904,0,1536217.290590295,False
1,titan_036905,0,1559443.852454548,False
1,titan_036906,0,1580225.0674511404,False
1,titan_037086,0,309038.13180965337,False
1,titan_037087,0,351385.04989719816,False
1,titan_037088,0,394608.6700733027,False
1,titan_037089,0,438429.5320479675,False
1,titan_037090,0,482664.2076836736,False
1,titan_037091,0,527187.1447144735,False
1,titan_037092,0,571909.2792928194,False
1,titan_037093,0,616765.0636670148,False
1,titan_037094,0,660656.102214105,False
1,titan_037095,0,701160.8519287695,False
1,titan_037096,0,741731.7848374144,False
1,titan_037097,0,782335.4368234609,False
1,titan_037098,0,821523.8301762717,False
1,titan_037099,0,859758.1950070318,False
1,titan_037100,0,897551.4093001793,False
1,titan_037101,0,934651.0016692743,False
1,titan_037102,0,970540.7381259128,False
1,titan_037103,0,1005190.8327379302,False
1,titan_037104,0,1038915.9905726068,False
1,titan_037105,0,1071492.1352235808,False
1,titan_037106,0,1102846.4364336624,False
1,titan_037107,0,1133874.3389454372,False
1,titan_037108,0,1165000.8940857635,False
1,titan_037109,0,1196197.1066798763,False
1,titan_037110,0,1227436.25535427,False
1,titan_037111,0,1258693.4888494122,False
1,titan_037112,0,1289945.7489173913,False
1,titan_037113,0,1321171.4253887874,False
1,titan_037114,0,1352350.330913497,False
1,titan_037115,0,1377616.8398404946,False
1,titan_037116,0,1401415.9700464797,False
1,titan_037117,0,1425242.0927840106,False
1,titan_037118,0,1449075.7258116717,False
1,titan_037119,0,1472898.1901507322,False
1,titan_037120,0,1496691.6630170909,False
1,titan_037121,0,1520434.107747172,False
1,titan_037122,0,1539163.566540071,False
1,titan_037298,0,329032.3621975199,False
1,titan_037301,0,449894.10498205526,False
1,titan_037302,0,490991.2074727485,False
1,titan_037303,0,532300.7289887231,False
1,titan_037304,0,573753.0656222056,False
1,titan_037305,0,615295.278715276,False
1,titan_037306,0,656885.933150289,False
1,titan_037307,0,698491.7171032274,False
1,titan_037308,0,737792.3750516527,False
1,titan_037309,0,776975.3108934137,False
1,titan_037310,0,815613.5285709803,False
1,titan_037311,0,853623.6221568176,False
1,titan_037312,0,890693.642276962,False
1,titan_037313,0,926167.8012374641,False
1,titan_037314,0,961034.0382772235,False
1,titan_037315,0,994817.1688260526,False
1,titan_037316,0,1027429.6154761335,False
1,titan_037317,0,1059169.7070895669,False
1,titan_037318,0,1091026.4184709997,False
1,titan_037319,0,1122967.0892590808,False
1,titan_037320,0,1154961.8105646458,False
1,titan_037321,0,1186983.0772917962,False
1,titan_037322,0,1219005.48718911,False
1,titan_037323,0,1251005.4802656977,False
1,titan_037324,0,1282961.1130020618,False
1,titan_037325,0,1311725.977820054,False
1,titan_037326,0,1336086.3532982823,False
1,titan_037327,0,1360485.873050459,False
1,titan_037328,0,1384903.0073737286,False
1,titan_037329,0,1409317.2571342734,False
1,titan_037330,0,1433709.077028297,False
1,titan_037331,0,1458059.8043491554,False
1,titan_037332,0,1479613.1693767635,False
1,titan_037333,0,1498794.836228592,False
1,titan_037502,0,195001.0537553572,False
1,titan_037503,0,234682.0084577288,False
1,titan_037504,0,275562.68917839293,False
1,titan_037505,0,317157.3492066709,False
1,titan_037509,0,486601.1254576949,False
1,titan_037510,0,529251.0892611622,False
1,titan_037511,0,571916.5824909256,False
1,titan_037512,0,613299.1841722634,False
1,titan_037513,0,653405.9512095916,False
1,titan_037514,0,693610.2613713418,False
1,titan_037515,0,732971.9367948524,False
1,titan_037516,0,771959.6668373923,False
1,titan_037517,0,810042.4095727764,False
1,titan_037518,0,846399.3848783697,False
1,titan_037519,0,882394.9651283245,False
1,titan_037520,0,917391.4207670704,False
1,titan_037521,0,951224.3266583328,False
1,titan_037522,0,983777.1984311071,False
1,titan_037523,0,1016409.5333341006,False
1,titan_037524,0,1049141.3102229708,False
1,titan_037525,0,1081938.8612193598,False
1,titan_037526,0,1114771.577869046,False
1,titan_037527,0,1147611.4464278356,False
1,titan_037528,0,1180432.6430942698,False
1,titan_037529,0,1213211.3467084055,False
1,titan_037530,0,1245396.48837704,False
1,titan_037531,0,1270348.37139254,False
1,titan_037532,0,1295353.0505590462,False
1,titan_037533,0,1320386.6115756773,False
1,titan_037534,0,1345426.4285537591,False
1,titan_037535,0,1370451.0220866187,False
1,titan_037536,0,1395439.9250071326,False
1,titan_037537,0,1419824.483939042,False
1,titan_037538,0,1439502.505207471,False
1,titan_037539,0,1456892.7499255354,False
1,titan_037702,0,98297.2074925375,True
1,titan_037703,0,139234.5780086137,False
1,titan_037704,0,181767.2085624743,False
1,titan_037705,0,224970.4273359585,False
1,titan_037706,0,268497.2366309331,False
1,titan_037711,0,486137.32983043225,False
1,titan_037712,0,527225.4461628722,False
1,titan_037713,0,568449.0462366253,False
1,titan_037714,0,609689.0309299498,False
1,titan_037717,0,728520.0014386016,False
1,titan_037718,0,765827.8064678857,False
1,titan_037719,0,802923.8449427095,False
1,titan_037720,0,838994.8388284681,False
1,titan_037721,0,873821.3876017221,False
1,titan_037722,0,907614.3013655593,False
1,titan_037723,0,941073.2196430913,False
1,titan_037724,0,974648.1733167621,False
1,titan_037725,0,1008301.1103761697,False
1,titan_037726,0,1041997.7954988676,False
1,titan_037727,0,1075707.1687161555,False
1,titan_037728,0,1109400.9811215717,False
1,titan_037729,0,1143053.3222782142,False
1,titan_037730,0,1176640.3033157894,False
1,titan_037731,0,1204139.920520963,False
1,titan_037732,0,1229784.411123151,False
1,titan_037733,0,1255470.4277353522,False
1,titan_037734,0,1281172.8477291085,False
1,titan_037735,0,1306867.9244726093,False
1,titan_037736,0,1332533.1811717623,False
1,titan_037737,0,1358147.301163819,False
1,titan_037738,0,1379957.2496534712,False
1,titan_037739,0,1400146.8820289136,False
1,titan_037740,0,1414793.6309513834,False
1,titan_037897,0,44998.58937571765,True
1,titan_037898,0,89988.55023885876,True
1,titan_037899,0,134961.2984866897,False
1,titan_037900,0,179908.2187925683,False
1,titan_037901,0,224820.68501533061,False
1,titan_037902,0,269690.05661289627,False
1,titan_037907,0,483148.92100683274,False
1,titan_037908,0,524590.6034921265,False
1,titan_037909,0,565688.9971823384,False
1,titan_037910,0,606862.0757239503,False
1,titan_037911,0,646072.5867749818,False
1,titan_037912,0,684411.0259278765,False
1,titan_037913,0,722550.1198400118,False
1,titan_037914,0,759602.2559729381,False
1,titan_037915,0,795560.7249365291,False
1,titan_037916,0,830594.1342657945,False
1,titan_037917,0,864937.3359845285,False
1,titan_037918,0,899414.1487651812,False
1,titan_037919,0,933981.2493848443,False
1,titan_037920,0,968600.176822904,False
1,titan_037921,0,1003236.5305532631,False
1,titan_037922,0,1037859.3137426553,False
1,titan_037923,0,1072440.3934287156,False
1,titan_037924,0,1106954.0552884452,False
1,titan_037925,0,1137392.4809653976,False
1,titan_037926,0,1163714.6705826384,False
1,titan_037927,0,1190092.6458418267,False
1,titan_037928,0,1216498.3361148895,False
1,titan_037929,0,1242905.3723829645,False
1,titan_037930,0,1269288.9280743052,False
1,titan_037931,0,1295625.5750577846,False
1,titan_037932,0,1320114.3404031044,False
1,titan_037933,0,1340867.3747749669,False
1,titan_037934,0,1359665.3195359842,False
1,titan_037935,0,1373184.5275229756,False
1,titan_038091,0,180473.91426654972,False
1,titan_038092,0,223602.6373580055,False
1,titan_038093,0,267054.57731330907,False
1,titan_038096,0,396753.8538536693,False
1,titan_038097,0,439006.61159558396,False
1,titan_038098,0,481350.3315201817,False
1,titan_038099,0,523417.6297277048,False
1,titan_038100,0,562676.2594358727,False
1,titan_038101,0,602140.0947768113,False
1,titan_038102,0,641215.6127300141,False
1,titan_038103,0,679331.598725198,False
1,titan_038104,0,716367.9125498701,False
1,titan_038105,0,752626.8376443769,False
1,titan_038106,0,787920.5625868832,False
1,titan_038107,0,823365.9604479307,False
1,titan_038108,0,858913.4202512791,False
1,titan_038109,0,894519.6181506349,False
1,titan_038110,0,930146.434379417,False
1,titan_038111,0,965759.9195807937,False
1,titan_038112,0,1001329.6105796675,False
1,titan_038113,0,1036827.9898485664,False
1,titan_038114,0,1070030.2501355968,False
1,titan_038115,0,1097071.7260091708,False
1,titan_038116,0,1124185.1060464743,False
1,titan_038117,0,1151338.870870448,False
1,titan_038118,0,1178503.56424773,False
1,titan_038119,0,1205651.6213719393,False
1,titan_038120,0,1232757.2195739725,False
1,titan_038121,0,1259796.0226184549,False
1,titan_038122,0,1281274.9624204552,False
1,titan_038123,0,1302608.960743412,False
1,titan_038124,0,1318182.228106452,False
1,titan_038125,0,1332101.2066497381,False
1,titan_038274,0,44998.331237695005,True
1,titan_038275,2,89986.56699963615,True
1,titan_038276,0,134954.67589178396,False
1,titan_038277,0,179810.43687908511,False
1,titan_038278,0,222898.66117222348,False
1,titan_038281,0,353509.152507086,False
1,titan_038282,0,397152.975033347,False
1,titan_038283,0,437870.1099371158,False
1,titan_038284,0,478373.6400460831,False
1,titan_038285,0,519075.13259358105,False
1,titan_038286,0,558891.5632071437,False
1,titan_038287,0,598169.1986175402,False
1,titan_038288,0,636180.2581617828,False
1,titan_038289,0,673622.8833231513,False
1,titan_038290,0,709944.4503055201,False
1,titan_038291,0,746435.1701484506,False
1,titan_038292,0,783038.0208567553,False
1,titan_038293,0,819704.2071518544,False
1,titan_038294,0,856391.5085455966,False
1,titan_038295,0,893063.0179337477,False
1,titan_038296,0,929685.9887703502,False
1,titan_038297,0,966231.1815274747,False
1,titan_038298,0,1001969.1898496863,False
1,titan_038299,0,1029775.7055166117,False
1,titan_038300,0,1057672.500793368,False
1,titan_038301,0,1085623.8551356194,False
1,titan_038302,0,1113596.7262682724,False
1,titan_038303,0,1141560.3594280675,False
1,titan_038304,0,1169486.1414072204,False
1,titan_038305,0,1197347.2595175393,False
1,titan_038306,0,1221317.3048359824,False
1,titan_038307,0,1243295.797863216,False
1,titan_038308,2,1262923.8944627554,False
1,titan_038309,0,1277239.1695311805,False
1,titan_038310,0,1291583.9392401378,False
1,titan_038455,0,89985.4399890215,True
1,titan_038456,2,134950.83628383995,False
1,titan_038457,2,179883.4460887465,False
1,titan_038458,0,224772.34377682995,False
1,titan_038460,0,309819.08888617484,False
1,titan_038461,0,351454.03673419013,False
1,titan_038462,0,393361.021364069,False
1,titan_038463,0,435253.93751550897,False
1,titan_038464,0,475615.03895777196,False
1,titan_038465,0,516081.76563862595,False
1,titan_038466,0,554963.653308459,False
1,titan_038467,0,593499.9803162831,False
1,titan_038468,0,630941.4789220169,False
1,titan_038469,0,668566.9071240347,False
1,titan_038470,0,706310.6129504867,False
1,titan_038471,2,744117.8785129858,False
1,titan_038472,0,781942.4768785185,False
1,titan_038473,0,819744.6218065383,False
1,titan_038474,0,857489.6929108832,False
1,titan_038475,0,895147.013053809,False
1,titan_038476,0,932689.1569188505,False
1,titan_038477,0,961738.1731506528,False
1,titan_038478,0,990471.5842435523,False
1,titan_038479,0,1019275.5534243672,False
1,titan_038480,0,1048112.6641926428,False
1,titan_038481,0,1076948.494564411,False
1,titan_038482,0,1105751.1495733836,False
1,titan_038483,0,1134491.050683646,False
1,titan_038484,0,1160935.6994168859,False
1,titan_038485,0,1183601.7969783775,False
1,titan_038486,0,1206242.4504764592,False
1,titan_038487,2,1222103.790172217,False
1,titan_038488,0,1236879.927101436,False
1,titan_038630,2,95516.42239859836,True
1,titan_038631,2,136131.10402454456,False
1,titan_038632,2,178437.90741033497,False
1,titan_038633,2,221437.20057324896,False
1,titan_038634,0,264757.1601579529,False
1,titan_038635,0,308226.0744401685,False
1,titan_038636,0,349768.9380285592,False
1,titan_038637,0,391576.4178136613,False
1,titan_038638,0,432540.6373841515,False
1,titan_038639,0,472749.219777644,False
1,titan_038640,0,512198.23769053986,False
1,titan_038641,0,550871.8544957576,False
1,titan_038642,0,589737.0011873412,False
1,titan_038643,0,628718.6876886761,False
1,titan_038644,0,667756.5414909732,False
1,titan_038645,0,706800.9272362622,False
1,titan_038646,0,745810.0804049991,False
1,titan_038647,0,784748.2019255359,False
1,titan_038648,0,823584.0961187714,False
1,titan_038649,0,862290.0207878898,False
1,titan_038650,0,892861.0090804902,False
1,titan_038651,0,922490.4439109924,False
1,titan_038652,0,952208.3776163745,False
1,titan_038653,0,981972.2675296502,False
1,titan_038654,0,1011743.2597524265,False
1,titan_038655,0,1041485.7353254528,False
1,titan_038656,0,1071166.9273083778,False
1,titan_038657,4,1100064.0793667391,False
1,titan_038658,0,1123465.5490610523,False
1,titan_038659,4,1146849.430985998,False
1,titan_038660,2,1166651.3643647027,False
1,titan_038661,0,1181885.861143545,False
1,titan_038662,0,1197153.9400881263,False
1,titan_038798,2,44997.840689777324,True
1,titan_038799,2,89982.76499050901,True
1,titan_038800,2,134941.87290801475,False
1,titan_038801,2,177723.03212544764,False
1,titan_038802,0,220673.2572743892,False
1,titan_038803,0,263942.669385022,False
1,titan_038804,0,306585.7923374944,False
1,titan_038805,0,348020.24593681475,False
1,titan_038806,0,389720.6784322564,False
1,titan_038807,0,429715.509617119,False
1,titan_038808,0,469760.20815384656,False
1,titan_038809,0,509987.80965051765,False
1,titan_038810,0,550315.2852456463,False
1,titan_038811,0,590678.6081119032,False
1,titan_038812,0,631026.8710403141,False
1,titan_038813,0,671318.3351358644,False
1,titan_038814,0,711517.7761507028,False
1,titan_038815,0,751594.8213820308,False
1,titan_038816,0,791522.6391417827,False
1,titan_038817,0,823035.6535123525,False
1,titan_038818,4,853627.8316524985,False
1,titan_038819,0,884328.6991758815,False
1,titan_038820,0,915089.4247094954,False
1,titan_038821,0,945865.9401809543,False
1,titan_038822,0,976618.3177177649,False
1,titan_038823,0,1007310.1325380979,False
1,titan_038824,0,1037907.9206772965,False
1,titan_038825,0,1062817.9379844125,False
1,titan_038826,0,1086999.2344635695,False
1,titan_038827,0,1110832.472103708,False
1,titan_038828,0,1126554.8031967499,False
1,titan_038829,0,1142324.2854381795,False
1,titan_038830,0,1158117.223594418,False
1,titan_038962,2,44997.66436444448,True
1,titan_038963,2,89981.21988966482,True
1,titan_038964,2,134787.54602107292,False
1,titan_038965,2,176984.43293476824,False
1,titan_038966,0,219882.01810757574,False
1,titan_038967,0,263096.88403251744,False
1,titan_038968,0,304875.07500047085,False
1,titan_038969,0,346197.91526016535,False
1,titan_038970,0,387782.85356596066,False
1,titan_038971,0,429508.0455862987,False
1,titan_038972,0,471289.6133711619,False
1,titan_038973,0,513066.38702957344,False
1,titan_038974,0,554791.3608859029,False
1,titan_038975,0,596426.8300291855,False
1,titan_038976,0,637941.2956450526,False
1,titan_038977,0,679307.485278666,False
1,titan_038978,0,720501.2050492088,False
1,titan_038979,0,752142.0265342616,False
1,titan_038980,0,783772.6722099937,False
1,titan_038981,0,815534.5326306375,False
1,titan_038982,0,847371.0716511047,False
1,titan_038983,0,879232.0833365114,False
1,titan_038984,0,911072.6168826234,False
1,titan_038985,0,942852.0863873533,False
1,titan_038986,0,974533.6582827762,False
1,titan_038987,0,1001580.7285566303,False
1,titan_038988,0,1026619.9650330762,False
1,titan_038989,0,1051625.348157873,False
1,titan_038990,0,1070833.0549019868,False
1,titan_038991,0,1087138.5652908317,False
1,titan_038992,0,1103480.4390679987,False
1,titan_038993,0,1119832.8804606244,False
1,titan_039120,2,44997.432494895766,True
1,titan_039121,2,89979.46079988414,True
1,titan_039122,2,134081.80097812152,False
1,titan_039123,0,176217.98659143582,False
1,titan_039124,2,219058.88002497988,False
1,titan_039125,2,262214.6622943262,False
1,titan_039126,2,305504.8181698452,False
1,titan_039127,0,348830.4142219582,False
1,titan_039128,0,392129.40925581125,False
1,titan_039129,0,435358.3545584696,False
1,titan_039130,0,478483.9717835764,False
1,titan_039131,0,521478.9122996034,False
1,titan_039132,0,564319.4642695147,False
1,titan_039133,0,606984.2389942616,False
1,titan_039134,0,647524.5036285797,False
1,titan_039135,0,680048.3857631712,False
1,titan_039136,0,712804.4752088789,False
1,titan_039137,0,745716.5212211767,False
1,titan_039138,0,778718.5894698172,False
1,titan_039139,0,811753.1168469791,False
1,titan_039140,0,844769.3643463369,False
1,titan_039141,0,877722.183789784,False
1,titan_039142,0,910571.0315840461,False
1,titan_039143,0,939665.3302793265,False
1,titan_039144,0,965630.3871898925,False
1,titan_039145,0,991568.5859247071,False
1,titan_039146,0,1014659.1674346472,False
1,titan_039147,0,1031538.8236328317,False
1,titan_039148,0,1048470.2141950566,False
1,titan_039149,0,1065424.0099545089,False
1,titan_039273,2,44997.19316585141,True
1,titan_039274,0,89977.50019452853,True
1,titan_039275,0,134924.0125295209,False
1,titan_039276,2,179819.86906735494,False
1,titan_039277,2,224648.12311970154,False
1,titan_039278,2,269391.88606346684,False
1,titan_039279,0,314034.1947099663,False
1,titan_039280,0,358558.0631519103,False
1,titan_039281,0,402946.5340232074,False
1,titan_039282,0,447182.5474402348,False
1,titan_039283,0,491249.0838002411,False
1,titan_039284,0,535129.0337208355,False
1,titan_039285,0,572903.4387648826,False
1,titan_039286,0,606612.1327501961,False
1,titan_039287,0,640595.2080639125,False
1,titan_039288,0,674760.6513584494,False
1,titan_039289,0,709030.8759399742,False
1,titan_039290,0,743339.6461667018,False
1,titan_039291,0,777629.7365505886,False
1,titan_039292,0,811851.0020654503,False
1,titan_039293,0,845959.075761163,False
1,titan_039294,0,876971.2585853608,False
1,titan_039295,0,903938.6273115734,False
1,titan_039296,0,930886.9377129112,False
1,titan_039297,0,957773.8468630952,False
1,titan_039298,0,975458.2536584594,False
1,titan_039299,0,993024.2676008265,False
1,titan_039300,0,1010626.8714143817,False
1,titan_039301,0,1028234.0789120796,False
1,titan_039419,4,44996.91325877712,True
1,titan_039420,0,69268.36427035095,True
1,titan_039421,0,108325.75795550198,True
1,titan_039422,2,151223.18128844682,False
1,titan_039423,2,195401.64660555284,False
1,titan_039424,2,240102.88286707437,False
1,titan_039425,0,285024.9513113586,False
1,titan_039426,0,330018.9094501144,False
1,titan_039427,0,374998.0303988087,False
1,titan_039428,0,419904.65860902914,False
1,titan_039429,0,459815.7989232844,False
1,titan_039430,0,496673.45724145893,False
1,titan_039431,0,531683.3878711767,False
1,titan_039432,0,567014.6810535915,False
1,titan_039433,0,602554.5797294336,False
1,titan_039434,0,638211.2535252715,False
1,titan_039435,0,673908.5043240153,False
1,titan_039436,0,709582.0256846708,False
1,titan_039437,0,745176.6739288002,False
1,titan_039438,0,780644.3193480975,False
1,titan_039439,0,813384.346241596,False
1,titan_039440,4,841440.7601868721,False
1,titan_039441,0,869486.6498502741,False
1,titan_039442,0,897473.8012403039,False
1,titan_039443,0,918819.4145222735,False
1,titan_039444,0,937070.2704615617,False
1,titan_039445,0,955374.9068695453,False
1,titan_039446,0,973696.4923464439,False
1,titan_039447,0,992000.1707066974,False
1,titan_039560,0,44996.58899114764,True
1,titan_039561,0,89972.70418328808,True
1,titan_039562,0,133623.81910143528,False
1,titan_039563,2,175595.2957029711,False
1,titan_039564,0,218255.4922814954,False
1,titan_039565,0,260568.36552835625,False
1,titan_039566,0,300950.14450369397,False
1,titan_039567,0,341753.7765977318,False
1,titan_039568,0,380204.8377246714,False
1,titan_039569,0,418657.46939266304,False
1,titan_039570,0,455115.5838079557,False
1,titan_039571,0,491943.9130922932,False
1,titan_039572,0,529002.5333094326,False
1,titan_039573,0,566182.5922779773,False
1,titan_039574,0,603397.1869885604,False
1,titan_039575,0,640575.1906709888,False
1,titan_039576,0,677657.0067350799,False
1,titan_039577,0,714591.5998044257,False
1,titan_039578,0,748775.1418246938,False
1,titan_039579,0,778019.5233560125,False
1,titan_039580,0,807262.5616463616,False
1,titan_039581,0,836448.975605071,False
1,titan_039582,4,861532.0942526878,False
1,titan_039583,0,880523.8296027202,False
1,titan_039584,0,899590.3613387769,False
1,titan_039585,0,918688.9253875624,False
1,titan_039586,0,937779.2689622036,False
1,titan_039587,0,956823.4763920438,False
1,titan_039695,0,44996.224854853426,True
1,titan_039696,0,89969.78958377175,True
1,titan_039697,0,132868.01531986942,False
1,titan_039698,2,174759.30069624778,False
1,titan_039699,2,217340.7561579255,False
1,titan_039700,0,258692.8034303522,False
1,titan_039701,0,298909.406857016,False
1,titan_039702,2,338690.7757265538,False
1,titan_039703,2,376794.2241100064,False
1,titan_039704,0,415308.5594307576,False
1,titan_039705,0,454059.48376233934,False
1,titan_039706,0,492920.06647878356,False
1,titan_039707,0,531794.0462295546,False
1,titan_039708,0,570605.6102655419,False
1,titan_039709,0,609292.9495834942,False
1,titan_039710,0,647804.0807294514,False
1,titan_039711,0,682997.4186026326,False
1,titan_039712,0,713543.5841722317,False
1,titan_039713,0,744097.7130593141,False
1,titan_039714,0,774596.1554070769,False
1,titan_039715,0,803490.5782238805,False
1,titan_039716,0,823285.8396391285,False
1,titan_039717,0,843181.8877941689,False
1,titan_039718,0,863128.5374074323,False
1,titan_039719,0,883078.8895292926,False
1,titan_039720,0,902989.0709740573,False
1,titan_039824,2,44995.805943637395,True
1,titan_039825,0,89966.41742733536,True
1,titan_039826,2,132066.84632514114,False
1,titan_039827,2,173870.2671938925,False
1,titan_039828,2,216364.86787439045,False
1,titan_039829,2,256687.26683476573,False
1,titan_039830,2,296721.86401735444,False
1,titan_039831,2,337167.727208828,False
1,titan_039832,0,377815.37224130065,False
1,titan_039833,0,418526.60998997046,False
1,titan_039834,0,459203.601585045,False
1,titan_039835,0,499772.59243162983,False
1,titan_039836,0,540174.932592558,False
1,titan_039837,3,580361.7188451566,False
1,titan_039838,0,615887.84826116,False
1,titan_039839,0,647867.8489913963,False
1,titan_039840,0,679864.2779505634,False
1,titan_039841,0,711803.592118406,False
1,titan_039842,0,743621.4482985269,False
1,titan_039843,0,765239.1298498267,False
1,titan_039844,0,786041.3700656586,False
1,titan_039845,0,806917.3196999041,False
1,titan_039846,0,827811.7678940609,False
1,titan_039847,0,848673.4722292104,False
1,titan_039848,0,866417.9096594624,False
1,titan_039948,2,44995.32072535071,True
1,titan_039949,2,89962.54052100054,True
1,titan_039950,0,131211.6517072277,False
1,titan_039951,2,172918.19838970128,False
1,titan_039952,2,215316.41362144877,False
1,titan_039953,0,257985.2308823003,False
1,titan_039954,0,300724.8330306204,False
1,titan_039955,0,343420.93533975416,False
1,titan_039956,0,385997.7541070761,False
1,titan_039957,0,428398.8928251579,False
1,titan_039958,3,470578.4867147161,False
1,titan_039959,3,512496.8489396517,False
1,titan_039960,0,547268.4406386154,False
1,titan_039961,0,580837.1379716236,False
1,titan_039962,0,614427.786956212,False
1,titan_039963,0,647955.3682998302,False
1,titan_039964,0,681347.0950323098,False
1,titan_039965,0,706244.4349039075,False
1,titan_039966,0,728040.1774428873,False
1,titan_039967,0,749938.7559539079,False
1,titan_039968,0,771874.330094425,False
1,titan_039969,0,793786.43403478,False
1,titan_039970,0,814986.1926840468,False
1,titan_040066,0,44994.748474742846,True
1,titan_040067,0,89957.9800461313,True
1,titan_040068,0,134858.16662013574,False
1,titan_040069,0,179663.8280926036,False
1,titan_040070,0,224343.45115916373,False
1,titan_040071,0,268865.5490830944,False
1,titan_040072,0,313198.651554858,False
1,titan_040073,0,357311.3091568002,False
1,titan_040074,0,401172.0984670226,False
1,titan_040075,3,441755.3085119826,False
1,titan_040076,3,476955.89364665555,False
1,titan_040077,0,512296.7889468974,False
1,titan_040078,0,547657.8726234845,False
1,titan_040079,0,582941.5907187986,False
1,titan_040080,0,618066.6745371885,False
1,titan_040081,0,646134.7479423365,False
1,titan_040082,0,669023.9062624032,False
1,titan_040083,4,692053.0399994658,False
1,titan_040084,4,715142.5316588453,False
1,titan_040085,0,738220.1772064761,False
1,titan_040086,0,761220.2946468745,False
1,titan_040087,0,776181.1953509505,False
1,titan_040177,2,44994.07210637162,True
1,titan_040178,2,71233.91300558414,True
1,titan_040179,0,110947.49007087263,False
1,titan_040180,0,154234.28993963476,False
1,titan_040181,0,198682.59295804327,False
1,titan_040182,0,243556.20570007456,False
1,titan_040183,0,288548.41495194566,False
1,titan_040184,0,330743.9147377745,False
1,titan_040185,0,367600.95200874074,False
1,titan_040186,3,404789.8270357927,False
1,titan_040187,3,442121.48600248876,False
1,titan_040188,3,479455.44561101095,False
1,titan_040189,0,516682.74741622625,False
1,titan_040190,0,553715.491821572,False
1,titan_040191,0,584708.5396816272,False
1,titan_040192,3,608805.9854947518,False
1,titan_040193,3,633091.5199700022,False
1,titan_040194,3,657467.1704133727,False
1,titan_040195,3,681845.5362985891,False
1,titan_040196,0,706148.2348337473,False
1,titan_040197,0,724408.5018394343,False
1,titan_040198,0,738278.2243619392,False
1,titan_040283,4,44993.28105880866,True
1,titan_040284,4,89946.21054755534,True
1,titan_040285,4,130805.82862373385,False
1,titan_040286,4,172216.29722601935,False
1,titan_040287,0,213661.68631438276,False
1,titan_040288,0,252103.90676800747,False
1,titan_040289,0,291242.84948295733,False
1,titan_040290,0,330714.3118682537,False
1,titan_040291,3,370291.1800069464,False
1,titan_040292,3,409819.27648862166,False
1,titan_040293,3,449185.80249989673,False
1,titan_040294,0,488302.7712391536,False
1,titan_040295,0,521720.6781522357,False
1,titan_040296,0,547159.2796918647,False
1,titan_040297,0,572849.342565631,False
1,titan_040298,0,598667.7842229621,False
1,titan_040299,0,624507.0628429102,False
1,titan_040300,0,650272.554410713,False
1,titan_040301,0,672028.8719922245,False
1,titan_040302,0,686712.8855444017,False
1,titan_040383,4,44992.31463812306,True
1,titan_040384,0,89938.52165879197,True
1,titan_040385,0,129779.96786769286,False
1,titan_040386,0,171041.7832937221,False
1,titan_040387,0,212942.4981198558,False
1,titan_040388,4,255037.38269214286,False
1,titan_040389,4,297106.9393179659,False
1,titan_040390,4,339018.78480705933,False
1,titan_040391,4,380679.7361158293,False
1,titan_040392,4,422016.43038267555,False
1,titan_040393,4,456870.65184848086,False
1,titan_040394,0,483805.1730608498,False
1,titan_040395,0,511076.3234700139,False
1,titan_040396,3,538525.3744619156,False
1,titan_040397,4,566017.5102781921,False
1,titan_040398,0,593436.9821122566,False
1,titan_040399,3,618912.5073792262,False
1,titan_040400,0,634511.2460940499,False
1,titan_040401,0,650158.0174824042,False
1,titan_040477,4,44991.14208911555,True
1,titan_040478,0,89929.1620505925,True
1,titan_040479,0,134760.93496736538,False
1,titan_040480,0,179433.43020558098,False
1,titan_040481,0,223893.6984482039,False
1,titan_040482,4,268088.92580863886,False
1,titan_040483,4,311966.4237854467,False
1,titan_040484,4,355473.7294181046,False
1,titan_040485,4,389787.2563033364,False
1,titan_040486,4,418399.7265229798,False
1,titan_040487,3,447466.06561633106,False
1,titan_040488,3,476774.5767024825,False
1,titan_040489,3,506152.4414516871,False
1,titan_040490,4,535456.2094755565,False
1,titan_040491,4,564564.725816202,False
1,titan_040492,0,581527.8148515036,False
1,titan_040493,0,598240.7084106739,False
1,titan_040564,0,44989.69833947993,True
1,titan_040565,3,71991.86715324786,True
1,titan_040566,4,112158.29004128119,False
1,titan_040567,3,155776.13429357568,False
1,titan_040568,0,200446.95652079393,False
1,titan_040569,0,245419.1574430585,False
1,titan_040570,4,285321.7476094638,False
1,titan_040571,4,319621.6204055397,False
1,titan_040572,4,350516.77632513567,False
1,titan_040573,4,381644.858037413,False
1,titan_040574,4,413097.65608834656,False
1,titan_040575,4,444647.86545955966,False
1,titan_040576,4,476115.630150545,False
1,titan_040577,4,507354.70490202773,False
1,titan_040578,4,527575.30704561,False
1,titan_040579,4,545509.6997657239,False
1,titan_040580,0,563460.2917540973,False
1,titan_040645,0,44987.88162158176,True
1,titan_040646,0,89903.06835908303,True
1,titan_040647,4,129389.96315365548,False
1,titan_040648,3,170134.88663187186,False
1,titan_040649,0,208688.3435538092,False
1,titan_040650,0,245702.89640181998,False
1,titan_040651,4,279630.79651900375,False
1,titan_040652,4,313167.6850265112,False
1,titan_040653,4,347129.8240907109,False
1,titan_040654,4,381210.16185737285,False
1,titan_040655,4,415182.6466260324,False
1,titan_040656,4,448872.77833781426,False
1,titan_040657,4,472408.9691550708,False
1,titan_040658,4,491755.6666071659,False
1,titan_040659,4,511151.2928893485,False
1,titan_040660,0,530216.6398304671,False
1,titan_040720,0,44985.55894441626,True
1,titan_040721,4,89252.0178767891,True
1,titan_040722,0,128003.78254871472,False
1,titan_040723,0,168478.00245103022,False
1,titan_040724,0,205115.07418359752,False
1,titan_040725,4,241551.78496613502,False
1,titan_040726,4,278509.4715658265,False
1,titan_040727,4,315568.2788319231,False
1,titan_040728,4,352452.8829323804,False
1,titan_040729,4,388965.483946251,False
1,titan_040730,4,415702.90311308904,False
1,titan_040731,4,436699.4222640853,False
1,titan_040732,0,457794.06844706106,False
1,titan_040733,0,478817.5745228564,False
1,titan_040789,0,44982.52813951434,True
1,titan_040790,0,87957.96509676705,True
1,titan_040791,0,126368.126429049,False
1,titan_040792,4,166513.20294575056,False
1,titan_040793,4,207122.74469495486,False
1,titan_040794,4,247681.96745322098,False
1,titan_040795,4,287911.8776076151,False
1,titan_040796,4,327625.025297263,False
1,titan_040797,4,357014.82276898174,False
1,titan_040798,4,379961.4749702678,False
1,titan_040799,4,403082.009518517,False
1,titan_040800,0,426145.68065610516,False
1,titan_040852,0,44978.46137988395,True
1,titan_040853,4,89827.74029652201,True
1,titan_040854,4,134418.94702500547,False
1,titan_040855,4,178623.77862239827,False
1,titan_040856,4,222314.80855882764,False
1,titan_040857,4,265365.8150453988,False
1,titan_040858,4,295731.39630188013,False
1,titan_040859,4,321015.0772866389,False
1,titan_040860,4,346592.80540664884,False
1,titan_040861,4,372136.13306305127,False
1,titan_040908,3,44972.82288018988,True
1,titan_040909,0,73994.71483790006,True
1,titan_040910,4,115250.8006518566,False
1,titan_040911,4,159559.8738874656,False
1,titan_040912,4,199930.51283274317,False
1,titan_040913,4,230982.2461350415,False
1,titan_040914,4,259114.38292353984,False
1,titan_040915,4,287737.7627241298,False
1,titan_040916,0,316356.95108762203,False
1,titan_040917,0,344605.1887068083,False
1,titan_040959,0,44964.69915348082,True
1,titan_040960,0,87698.53382163022,True
1,titan_040961,3,124924.09806965031,False
1,titan_040962,3,161503.55380010075,False
1,titan_040963,3,193192.51106809385,False
1,titan_040964,0,225705.31088260005,False
1,titan_040965,0,258232.6198429766,False
1,titan_040966,0,290255.9172222761,False
1,titan_040967,0,320674.2752506678,False
1,titan_041003,0,44952.364026893985,True
1,titan_041004,3,85426.95131000892,True
1,titan_041005,3,121802.98988607328,False
1,titan_041006,3,159515.61961399968,False
1,titan_041007,0,197118.28213535208,False
1,titan_041008,0,233935.03093652314,False
1,titan_041009,0,269537.7056804334,False
1,titan_041010,0,271722.7024477105,False
1,titan_041041,0,44932.32700722525,True
1,titan_041042,0,89459.31825583584,True
1,titan_041043,0,133179.0532768741,False
1,titan_041044,0,175696.43273405972,False
1,titan_041045,0,216272.69796078024,False
1,titan_041046,0,240232.24411727113,False
1,titan_041072,0,44896.54211983256,True
1,titan_041073,0,76279.83217101544,True
1,titan_041075,0,155666.63165543732,False
1,titan_041076,0,188596.74733108524,False
1,titan_041077,0,191610.84139471434,False
1,titan_041100,0,130260.86164866772,False
1,titan_041101,0,168857.04609103024,False
1,titan_041118,0,117353.15012896451,False
1,titan_041119,0,125210.00940873308,False
2,titan_000001,3,37866.35784390858,True
2,titan_000007,0,44171.630678863236,True
2,titan_000008,0,83482.10777857462,True
2,titan_000018,0,44700.964491136954,True
2,titan_000019,0,72678.63937721268,True
2,titan_000020,0,99422.61120980325,True
2,titan_000037,0,44847.4655565066,True
2,titan_000038,0,88783.36993719878,True
2,titan_000039,0,130624.63787916896,False
2,titan_000040,0,149841.78431606665,False
2,titan_000061,0,44907.84805621715,True
2,titan_000062,0,76801.22292359934,True
2,titan_000063,0,110446.88345303026,False
2,titan_000064,0,145388.9694441702,False
2,titan_000065,0,179660.2431031724,False
2,titan_000066,0,198030.9510816921,False
2,titan_000092,0,44938.425577583905,True
2,titan_000093,0,89507.94156804586,True
2,titan_000094,0,133342.44259303456,False
2,titan_000095,0,171278.06081496994,False
2,titan_000096,0,199879.58069156733,False
2,titan_000097,0,228237.12169418036,False
2,titan_000098,0,245154.44575942637,False
2,titan_000129,0,44956.01152079691,True
2,titan_000130,0,78437.36441142004,True
2,titan_000131,0,114355.7325675999,False
2,titan_000132,0,152200.68846132894,False
2,titan_000133,0,190207.3832212457,False
2,titan_000134,0,227623.80163295392,False
2,titan_000135,0,252100.52891004152,False
2,titan_000136,0,276207.5568991384,False
2,titan_000173,0,44967.053730870946,True
2,titan_000174,0,89736.58157726933,True
2,titan_000175,0,134111.80615074758,False
2,titan_000176,3,177897.4488406247,False
2,titan_000177,3,213400.96230857703,False
2,titan_000178,0,246420.26270351137,False
2,titan_000179,0,279188.97305422934,False
2,titan_000180,0,302733.66385218967,False
2,titan_000181,0,323681.51150840655,False
2,titan_000222,0,44974.43342666278,True
2,titan_000223,0,79448.3099023314,True
2,titan_000224,0,116496.51333475877,False
2,titan_000225,0,155710.04393376928,False
2,titan_000226,3,195419.02225600282,False
2,titan_000227,3,234967.03265097557,False
2,titan_000228,3,271887.82133215066,False
2,titan_000229,3,301042.37171827146,False
2,titan_000230,0,330087.3588245662,False
2,titan_000231,0,352281.69662823126,False
2,titan_000232,0,370799.2301264059,False
2,titan_000278,0,44979.60592574679,True
2,titan_000279,0,89836.90734416952,True
2,titan_000280,0,134449.85815626042,False
2,titan_000281,3,178696.93029650234,False
2,titan_000282,3,221124.803347295,False
2,titan_000283,3,256589.56643125374,False
2,titan_000284,3,292144.3635956268,False
2,titan_000285,3,327432.7173334914,False
2,titan_000286,3,354241.8476440381,False
2,titan_000287,0,380297.104877097,False
2,titan_000288,3,401075.84337834764,False
2,titan_000289,3,417669.0870305402,False
2,titan_000339,0,44983.367939153584,True
2,titan_000340,0,80246.4759182237,True
2,titan_000341,0,117982.52191355501,False
2,titan_000342,0,157987.1889089614,False
2,titan_000343,3,198649.07120957843,False
2,titan_000344,3,239364.08484794345,False
2,titan_000345,3,279824.9175016284,False
2,titan_000346,3,316115.50561533193,False
2,titan_000347,3,348334.89269507234,False
2,titan_000348,3,380419.7337322698,False
2,titan_000349,0,406312.3470513615,False
2,titan_000350,0,429930.23648932495,False
2,titan_000351,3,449335.5828926052,False
2,titan_000408,0,44986.20962691553,True
2,titan_000409,0,89889.65129835175,True
2,titan_000410,0,134627.68585862083,False
2,titan_000411,0,179117.8429909326,False
2,titan_000412,0,223277.99644430677,False
2,titan_000413,3,263314.74912753585,False
2,titan_000414,3,300542.6262169434,False
2,titan_000415,3,337724.12397125555,False
2,titan_000416,3,373969.5543686879,False
2,titan_000417,3,403418.8639361651,False
2,titan_000418,3,432799.3645566309,False
2,titan_000419,0,457510.82885588566,False
2,titan_000420,0,479109.0299448027,False
2,titan_000421,0,497210.1806544593,False
2,titan_000482,0,44988.376804378946,True
2,titan_000483,0,80937.79998999914,True
2,titan_000484,0,119186.50716117461,False
2,titan_000485,0,159708.7709211871,False
2,titan_000486,0,200975.19242112665,False
2,titan_000487,0,242415.06718864615,False
2,titan_000488,0,283750.45928231656,False
2,titan_000489,0,324812.0559508752,False
2,titan_000490,0,360799.35264890786,False
2,titan_000491,0,395096.2184814651,False
2,titan_000492,3,429238.2894541625,False
2,titan_000493,3,457512.5859624954,False
2,titan_000494,0,484600.13605381484,False
2,titan_000495,0,508038.80962052173,False
2,titan_000496,0,527938.3786362689,False
2,titan_000497,0,544803.9148964315,False
2,titan_000563,0,44990.0903107596,True
2,titan_000564,0,89920.74097253646,True
2,titan_000565,0,134732.5546816551,False
2,titan_000566,0,179366.21920046912,False
2,titan_000567,0,223762.56115688302,False
2,titan_000568,0,267862.5492219461,False
2,titan_000569,0,306655.87999845255,False
2,titan_000570,0,345076.96431093727,False
2,titan_000571,0,383383.27662410407,False
2,titan_000572,0,419868.0914409212,False
2,titan_000573,3,451676.3416836211,False
2,titan_000574,3,483394.739625686,False
2,titan_000575,3,510776.4735825983,False
2,titan_000576,0,535902.7688487624,False
2,titan_000577,0,558050.6991668565,False
2,titan_000578,0,576502.8899367558,False
2,titan_000649,0,44991.45818474231,True
2,titan_000650,0,81698.17909867877,True
2,titan_000651,0,120268.13402932107,False
2,titan_000652,0,161158.87515897935,False
2,titan_000653,0,202842.7276690586,False
2,titan_000654,0,244773.04469968262,False
2,titan_000655,0,286691.54411838413,False
2,titan_000656,0,328446.8878016108,False
2,titan_000657,0,369934.4703999488,False
2,titan_000658,0,405979.79749326105,False
2,titan_000659,0,441771.3478960789,False
2,titan_000660,0,477396.5314013835,False
2,titan_000661,3,507459.8200990859,False
2,titan_000662,3,537063.4532555979,False
2,titan_000663,3,563362.2757039496,False
2,titan_000664,3,586795.0880828353,False
2,titan_000665,0,607664.7162240478,False
2,titan_000666,0,624869.4778799984,False
2,titan_000741,0,44992.583491413665,True
2,titan_000742,0,78700.37671967062,True
2,titan_000743,0,119658.24488808923,False
2,titan_000744,0,160026.08238444143,False
2,titan_000745,0,195987.13122674014,False
2,titan_000746,0,233729.94344671196,False
2,titan_000747,0,272395.8834693793,False
2,titan_000748,0,311515.45966810366,False
2,titan_000749,0,350806.1219331177,False
2,titan_000750,4,390081.8245158068,False
2,titan_000751,0,429209.8585725891,False
2,titan_000752,0,466086.3482527811,False
2,titan_000753,0,499644.3171452521,False
2,titan_000754,0,533095.8694851043,False
2,titan_000755,3,562525.8765221441,False
2,titan_000756,3,590277.337215749,False
2,titan_000757,3,615400.4189622657,False
2,titan_000758,3,637357.7338087541,False
2,titan_000759,0,656972.1324775256,False
2,titan_000760,0,673091.0219714982,False
2,titan_000840,0,44993.49286615387,True
2,titan_000841,0,89947.937659583,True
2,titan_000842,0,134824.29639331283,False
2,titan_000843,0,179583.55141895544,False
2,titan_000844,0,224186.7033714442,False
2,titan_000845,0,268594.8328815194,False
2,titan_000846,0,304869.9930256212,False
2,titan_000847,0,341069.5060705267,False
2,titan_000848,0,377747.9612535587,False
2,titan_000849,4,414665.34291776223,False
2,titan_000850,0,451647.74621459405,False
2,titan_000851,0,488563.3589573931,False
2,titan_000852,0,525308.0545344221,False
2,titan_000853,0,556920.1297199654,False
2,titan_000854,3,588432.8878546491,False
2,titan_000855,3,616975.057734077,False
2,titan_000856,3,643094.9895717736,False
2,titan_000857,3,666999.4036596832,False
2,titan_000858,3,687660.4877551598,False
2,titan_000859,0,706044.2060275851,False
2,titan_000944,0,44994.261157149296,True
2,titan_000945,0,78053.51483670487,True
2,titan_000946,0,118791.69197448666,False
2,titan_000947,0,162377.37691563752,False
2,titan_000948,0,206471.7042712091,False
2,titan_000949,0,248901.73311824317,False
2,titan_000950,0,291398.39281379496,False
2,titan_000951,0,333829.79163787875,False
2,titan_000952,0,374275.36853037216,False
2,titan_000953,4,408406.6328817324,False
2,titan_000954,4,442981.79826959607,False
2,titan_000955,0,477807.0183469049,False
2,titan_000956,0,512732.0988952953,False
2,titan_000957,0,547637.4684603495,False
2,titan_000958,0,582425.2863933482,False
2,titan_000959,0,613617.085119657,False
2,titan_000960,3,643400.119216195,False
2,titan_000961,3,670906.4770552715,False
2,titan_000962,3,695580.3161839651,False
2,titan_000963,3,718248.5737026469,False
2,titan_000964,0,737762.3687328195,False
2,titan_000965,0,754937.2423189208,False
2,titan_001055,0,44994.89964021071,True
2,titan_001056,0,89959.19579071646,True
2,titan_001057,0,134862.28711173055,False
2,titan_001058,0,179673.57666467593,False
2,titan_001060,0,268898.3997447432,False
2,titan_001061,2,313250.78510304133,False
2,titan_001062,4,357389.0791810033,False
2,titan_001063,4,400380.0049621349,False
2,titan_001064,4,440608.79442567244,False
2,titan_001065,0,474397.5613798186,False
2,titan_001066,0,507139.78066960437,False
2,titan_001067,0,540118.8149434723,False
2,titan_001068,0,573207.9867925431,False
2,titan_001069,0,606302.5284374553,False
2,titan_001070,0,639314.183013851,False
2,titan_001071,0,669792.1387516,False
2,titan_001072,0,698027.2804218811,False
2,titan_001073,0,724410.1532576449,False
2,titan_001074,0,747794.4685359334,False
2,titan_001075,0,769221.4694122846,False
2,titan_001076,2,787712.8927343704,False
2,titan_001077,0,803696.3010218986,False
2,titan_001171,0,44995.448956796376,True
2,titan_001172,0,84625.02938996819,True
2,titan_001173,0,123939.25180761502,False
2,titan_001174,0,165460.25502239354,False
2,titan_001175,0,207799.10106566653,False
2,titan_001176,0,250464.2469123461,False
2,titan_001177,2,293231.56227498525,False
2,titan_001178,2,335977.06377977406,False
2,titan_001179,2,378620.71481686074,False
2,titan_001180,0,421104.20994174347,False
2,titan_001181,0,463380.95145030314,False
2,titan_001182,2,505252.3451813044,False
2,titan_001183,2,539156.7629822438,False
2,titan_001184,0,570282.0532209954,False
2,titan_001185,0,601621.4888175251,False
2,titan_001186,2,633068.7023512286,False
2,titan_001187,0,664533.049768988,False
2,titan_001188,0,695936.3356260747,False
2,titan_001189,0,725514.3013571603,False
2,titan_001190,0,752358.5590164388,False
2,titan_001191,0,777564.9459512727,False
2,titan_001192,0,799792.7726560832,False
2,titan_001193,0,819978.6728449962,False
2,titan_001194,0,837553.4525066058,False
2,titan_001293,0,44995.92508351304,True
2,titan_001294,0,76116.32184415705,True
2,titan_001295,0,116430.48054793931,False
2,titan_001296,0,159785.1924021817,False
2,titan_001297,0,204064.29144457832,False
2,titan_001298,0,242994.2341126828,False
2,titan_001299,0,282855.2836822537,False
2,titan_001300,2,323231.36751170957,False
2,titan_001301,2,363876.41687209357,False
2,titan_001302,2,404632.6234824098,False
2,titan_001303,0,445391.07709221717,False
2,titan_001304,0,486071.5099304519,False
2,titan_001305,0,526611.3690998433,False
2,titan_001306,2,566959.3698361921,False
2,titan_001307,2,602828.9841444866,False
2,titan_001308,0,632513.1281986099,False
2,titan_001309,2,662386.101618227,False
2,titan_001310,2,692358.253353267,False
2,titan_001311,2,722351.3927006877,False
2,titan_001312,0,752296.7602675488,False
2,titan_001313,0,780853.344987138,False
2,titan_001314,0,806442.2722703755,False
2,titan_001315,0,830439.131186222,False
2,titan_001316,0,851624.2388645072,False
2,titan_001317,0,870570.5619179736,False
2,titan_001318,0,887318.9208692517,False
2,titan_001422,0,44996.31630447982,True
2,titan_001423,0,89970.55242385998,True
2,titan_001424,0,134900.6419888335,False
2,titan_001425,0,179764.46400813106,False
2,titan_001426,0,224539.9391863989,False
2,titan_001427,0,269204.9616960452,False
2,titan_001428,0,313737.4298066286,False
2,titan_001429,0,357514.62491659145,False
2,titan_001430,2,395905.9553044674,False
2,titan_001431,0,434620.344473767,False
2,titan_001432,0,473509.77683412243,False
2,titan_001433,0,512464.3728814643,False
2,titan_001434,0,551399.3743173763,False
2,titan_001435,0,590246.9509296023,False
2,titan_001436,2,628951.0278566589,False
2,titan_001437,0,665558.2778507143,False
2,titan_001438,2,693947.0395973077,False
2,titan_001439,2,722499.6473552926,False
2,titan_001440,2,751140.0477865622,False
2,titan_001441,2,779800.6869873635,False
2,titan_001442,2,808421.2079544842,False
2,titan_001443,0,835874.8321063392,False
2,titan_001444,0,860325.7979100102,False
2,titan_001445,0,883091.3735950101,False
2,titan_001446,0,903331.7064939172,False
2,titan_001447,0,921039.2109275071,False
2,titan_001556,0,44996.66541017201,True
2,titan_001557,0,86670.20290836995,True
2,titan_001558,0,126349.40677464668,False
2,titan_001559,0,168137.06939714708,False
2,titan_001560,0,210730.64218450576,False
2,titan_001561,0,253667.5501660065,False
2,titan_001562,0,296738.5390157411,False
2,titan_001563,2,339829.9599699614,False
2,titan_001564,2,382870.372148173,False
2,titan_001565,2,425809.34192767733,False
2,titan_001566,0,467872.65266924596,False
2,titan_001567,0,504872.6567198256,False
2,titan_001568,0,542068.7581088326,False
2,titan_001569,0,579360.6497534341,False
2,titan_001570,0,616667.6981033164,False
2,titan_001571,2,653923.4557478378,False
2,titan_001572,2,691071.8534746359,False
2,titan_001573,2,727477.6307369086,False
2,titan_001574,2,754693.8977243128,False
2,titan_001575,0,782050.5930309797,False
2,titan_001576,2,809482.7312541704,False
2,titan_001577,0,836931.7232436481,False
2,titan_001578,0,864344.5418025729,False
2,titan_001579,0,890638.4318218406,False
2,titan_001580,0,914053.4492861612,False
2,titan_001581,0,935572.0679928302,False
2,titan_001582,0,954952.4502307277,False
2,titan_001583,0,971419.9837024091,False
2,titan_001696,0,44996.97206859114,True
2,titan_001697,0,74256.76942257516,True
2,titan_001698,0,114172.38155894952,False
2,titan_001699,0,157323.11088789842,False
2,titan_001700,0,201596.11927969375,False
2,titan_001701,0,246335.50653845997,False
2,titan_001702,0,288944.3765633162,False
2,titan_001703,0,329815.4832360143,False
2,titan_001704,0,370978.67537671846,False
2,titan_001705,0,412288.76121732296,False
2,titan_001706,2,453646.69086391886,False
2,titan_001707,0,494980.485326804,False
2,titan_001708,0,536234.9695879087,False
2,titan_001709,0,574437.3739677886,False
2,titan_001710,0,610104.677672091,False
2,titan_001711,0,645878.6592045976,False
2,titan_001712,0,681685.9312276695,False
2,titan_001713,0,717464.4738305892,False
2,titan_001714,0,753160.8995362653,False
2,titan_001715,0,788706.2411974489,False
2,titan_001718,0,867453.6216913055,False
2,titan_001719,2,893796.4998774772,False
2,titan_001720,2,920104.6726697575,False
2,titan_001721,2,945197.5311192676,False
2,titan_001722,0,967665.6717044822,False
2,titan_001723,0,987924.571048918,False
2,titan_001724,0,1006518.8926656345,False
2,titan_001843,0,44997.23529796336,True
2,titan_001844,2,89977.99383915233,True
2,titan_001845,0,134925.7575179717,False
2,titan_001846,0,179824.01886811954,False
2,titan_001847,0,224656.25845629798,False
2,titan_001848,0,269405.9224754044,False
2,titan_001849,0,314056.4931660943,False
2,titan_001850,0,358591.37383111863,False
2,titan_001851,0,402993.95961396507,False
2,titan_001852,0,445505.91170250525,False
2,titan_001853,0,485141.4343772329,False
2,titan_001854,0,524881.7325792451,False
2,titan_001855,0,564650.3475846512,False
2,titan_001856,0,604386.7283516093,False
2,titan_001857,2,643277.9688038952,False
2,titan_001858,0,677560.7670072197,False
2,titan_001859,0,711949.8248508921,False
2,titan_001860,0,746379.6897007275,False
2,titan_001861,0,780793.7936544328,False
2,titan_001862,0,815142.6283850167,False
2,titan_001866,0,925115.8335498113,False
2,titan_001867,0,950445.0799873379,False
2,titan_001868,2,975739.4691594314,False
2,titan_001869,2,999599.5455527924,False
2,titan_001870,0,1021198.9323936413,False
2,titan_001871,0,1040186.3063078655,False
2,titan_001994,0,44997.47812378604,True
2,titan_001995,2,88698.78618408713,True
2,titan_001996,0,128689.455971279,False
2,titan_001997,2,170692.20212472475,False
2,titan_001998,0,213483.1230829102,False
2,titan_001999,0,256624.9504466993,False
2,titan_002000,0,299920.5356898987,False
2,titan_002001,0,343264.0649217474,False
2,titan_002002,0,386590.36414581805,False
2,titan_002003,0,429854.5428282993,False
2,titan_002004,0,473022.5951738754,False
2,titan_002005,0,516066.93135676044,False
2,titan_002006,0,557804.3908570035,False
2,titan_002007,0,596049.2386858404,False
2,titan_002008,0,634351.5129323457,False
2,titan_002009,0,672651.6276884228,False
2,titan_002010,0,710899.7801035929,False
2,titan_002011,0,744448.5827743543,False
2,titan_002012,0,777570.8735689118,False
2,titan_002013,0,810734.9060252012,False
2,titan_002014,0,843889.6669291226,False
2,titan_002015,0,876989.8811425014,False
2,titan_002018,3,958130.902632119,False
2,titan_002019,0,982527.2354074214,False
2,titan_002020,0,1006924.2028648572,False
2,titan_002021,0,1031285.1187069914,False
2,titan_002022,0,1053886.445450487,False
2,titan_002151,0,44997.704757074825,True
2,titan_002152,0,89848.10602526541,True
2,titan_002153,0,129973.25708072164,False
2,titan_002154,0,172053.6993666317,False
2,titan_002155,0,214042.28882889266,False
2,titan_002156,0,253905.8689906862,False
2,titan_002157,0,294646.14728156885,False
2,titan_002158,0,335902.6522571903,False
2,titan_002159,0,377462.9285368862,False
2,titan_002160,0,419192.1742671127,False
2,titan_002161,0,460999.06128057034,False
2,titan_002162,0,502817.97777216847,False
2,titan_002163,0,544599.246575864,False
2,titan_002164,0,586303.4586714921,False
2,titan_002165,0,627898.045480462,False
2,titan_002166,0,666918.635022025,False
2,titan_002167,0,703864.336125526,False
2,titan_002168,0,740824.967113683,False
2,titan_002169,0,777752.9054575495,False
2,titan_002171,0,842770.7648848001,False
2,titan_002172,0,874768.970054984,False
2,titan_002173,0,906760.1260470804,False
2,titan_002174,0,938703.0696858844,False
2,titan_002175,3,969240.8453074363,False
2,titan_002176,3,992686.2654078016,False
2,titan_002177,0,1016198.4965588333,False
2,titan_002178,0,1039740.2992095758,False
2,titan_002179,0,1063276.8469601667,False
2,titan_002314,0,44997.902210218876,True
2,titan_002315,0,71393.97834262751,True
2,titan_002316,0,110711.08272007653,False
2,titan_002317,0,153591.49107487057,False
2,titan_002318,0,197698.422052622,False
2,titan_002319,0,242327.52567275087,False
2,titan_002320,0,287197.2808159235,False
2,titan_002321,0,332170.2033411009,False
2,titan_002322,0,375840.7377938938,False
2,titan_002323,0,415485.0700072225,False
2,titan_002324,0,455476.48012450844,False
2,titan_002325,0,495689.8563365072,False
2,titan_002326,0,536033.4411045463,False
2,titan_002327,0,576437.415338977,False
2,titan_002328,0,616846.8979733428,False
2,titan_002329,0,657217.4609515036,False
2,titan_002330,0,697511.9973831045,False
2,titan_002331,0,737401.0574067063,False
2,titan_002332,0,773095.2779325084,False
2,titan_002333,0,808812.5849903105,False
2,titan_002336,0,907593.6629391342,False
2,titan_002337,0,938515.1623061427,False
2,titan_002338,3,969429.0248009148,False
2,titan_002339,0,1000297.9525487077,False
2,titan_002340,3,1028642.223100365,False
2,titan_002341,3,1051320.3090377147,False
2,titan_002342,0,1074051.2502091848,False
2,titan_002343,0,1096802.156304445,False
2,titan_002483,0,44998.08147799249,True
2,titan_002484,0,89984.52192122818,True
2,titan_002485,0,134947.71914462815,False
2,titan_002486,0,179876.0413134746,False
2,titan_002487,0,224757.84434853613,False
2,titan_002488,0,269581.46789228066,False
2,titan_002489,0,314335.2526498703,False
2,titan_002490,0,359007.451072099,False
2,titan_002491,0,403586.3515982538,False
2,titan_002492,0,448060.1894029085,False
2,titan_002493,0,492417.16404571506,False
2,titan_002494,0,533305.4649295111,False
2,titan_002495,0,572143.6606271518,False
2,titan_002496,0,611133.8929733428,False
2,titan_002497,0,650209.842219977,False
2,titan_002498,0,689317.5184525644,False
2,titan_002499,0,728412.0165660619,False
2,titan_002500,0,767455.2430595721,False
2,titan_002501,0,806414.1968749545,False
2,titan_002502,0,842017.4431696661,False
2,titan_002505,0,942192.7219123553,False
2,titan_002506,0,972090.2458131824,False
2,titan_002507,0,1002014.4112626882,False
2,titan_002508,0,1031928.5114683686,False
2,titan_002509,0,1061798.8031870518,False
2,titan_002510,0,1087768.1738930868,False
2,titan_002511,0,1109733.271725167,False
2,titan_002512,0,1131738.7146367445,False
2,titan_002658,0,91905.41119870204,True
2,titan_002659,0,132293.12010297002,False
2,titan_002660,0,174544.62781384747,False
2,titan_002661,0,217548.19324860448,False
2,titan_002662,0,260901.09195886416,False
2,titan_002663,0,304421.30383926944,False
2,titan_002664,0,348011.8839273568,False
2,titan_002665,0,391614.1975109914,False
2,titan_002666,0,435188.78600111743,False
2,titan_002667,0,478706.574190379,False
2,titan_002668,0,522144.6440818728,False
2,titan_002669,0,565483.7050174753,False
2,titan_002670,0,608706.8955999305,False
2,titan_002671,0,648298.6105633882,False
2,titan_002672,0,686047.8653644493,False
2,titan_002673,0,723892.8823159222,False
2,titan_002674,0,761783.173006362,False
2,titan_002675,0,799675.8225224338,False
2,titan_002676,0,837533.6705878607,False
2,titan_002677,0,875324.1878695693,False
2,titan_002679,0,944132.350122144,False
2,titan_002680,0,977612.0322664783,False
2,titan_002681,0,1007334.5270746408,False
2,titan_002682,0,1036312.7470626278,False
2,titan_002683,0,1065310.341602069,False
2,titan_002686,0,1146674.786128983,False
2,titan_002687,0,1167975.3803442223,False
2,titan_002688,0,1189305.006466291,False
2,titan_002837,0,114981.47769974705,False
2,titan_002838,0,146167.74396864598,False
2,titan_002839,0,182498.0410689778,False
2,titan_002840,0,221430.7920454165,False
2,titan_002841,0,261780.61070255184,False
2,titan_002842,0,302952.928406386,False
2,titan_002843,0,344622.70670576923,False
2,titan_002844,0,386597.6853761039,False
2,titan_002845,0,428755.867998577,False
2,titan_002846,0,471014.9747863988,False
2,titan_002847,0,513316.45958145,False
2,titan_002848,0,555616.4704244345,False
2,titan_002849,0,597880.7159963675,False
2,titan_002850,0,640081.3665316813,False
2,titan_002851,0,682194.9065778772,False
2,titan_002852,0,724060.0359154803,False
2,titan_002853,0,760670.3197724686,False
2,titan_002854,0,797376.9755472691,False
2,titan_002855,0,834134.0264913898,False
2,titan_002856,2,870901.4935322619,False
2,titan_002857,0,907644.250584598,False
2,titan_002858,0,944331.1451123481,False
2,titan_002859,0,978989.4337909301,False
2,titan_002860,0,1011485.3486531117,False
2,titan_002861,0,1043967.7109838799,False
2,titan_002862,0,1072190.1116289415,False
2,titan_002863,0,1100312.5359025998,False
2,titan_002866,0,1184633.9066257933,False
2,titan_002867,0,1205411.826211998,False
2,titan_002868,0,1226091.281413371,False
2,titan_003022,2,149495.9916958797,False
2,titan_003023,0,172394.57910925196,False
2,titan_003024,0,201943.56151625176,False
2,titan_003025,0,235634.70688664622,False
2,titan_003026,0,271910.0277507054,False
2,titan_003027,0,309838.31672889774,False
2,titan_003028,0,348854.28534790763,False
2,titan_003029,0,388602.61918902927,False
2,titan_003030,0,428850.88177523157,False
2,titan_003031,0,469440.8512781785,False
2,titan_003032,0,510260.6725628952,False
2,titan_003034,0,592282.0617978459,False
2,titan_003035,0,633373.1232596675,False
2,titan_003036,0,674462.6738313095,False
2,titan_003037,0,715518.5560290612,False
2,titan_003038,0,756513.5539928252,False
2,titan_003039,0,797424.1090222753,False
2,titan_003040,2,834970.951599901,False
2,titan_003041,2,870623.3913553449,False
2,titan_003042,2,906325.8346792947,False
2,titan_003043,2,942041.6299038708,False
2,titan_003044,0,977738.1138753342,False
2,titan_003045,0,1013385.9182690524,False
2,titan_003046,0,1047104.641515177,False
2,titan_003047,0,1078670.5978474151,False
2,titan_003048,0,1109525.0816442107,False
2,titan_003049,0,1136815.4071571224,False
2,titan_003052,0,1218771.2954591904,False
2,titan_003053,0,1243957.941259953,False
2,titan_003054,0,1264023.5691443963,False
2,titan_003058,0,1344386.3246388622,False
2,titan_003213,0,170512.7021735628,False
2,titan_003214,0,202919.14471748436,False
2,titan_003217,0,321313.802881824,False
2,titan_003218,2,360266.8893988096,False
2,titan_003219,2,397352.17813713074,False
2,titan_003220,0,435299.8483003801,False
2,titan_003221,0,473876.3304417746,False
2,titan_003222,0,512912.63104989164,False
2,titan_003223,0,552283.5059349432,False
2,titan_003225,0,631669.8976973394,False
2,titan_003226,0,671553.0625494124,False
2,titan_003227,0,711495.803688529,False
2,titan_003228,0,751458.8377955278,False
2,titan_003229,0,791409.0141251069,False
2,titan_003230,0,831317.8827316569,False
2,titan_003231,0,871160.5299149399,False
2,titan_003232,2,908958.6760844585,False
2,titan_003233,2,943632.046660553,False
2,titan_003234,2,978351.6122094936,False
2,titan_003235,0,1013084.006590301,False
2,titan_003236,0,1047799.1280132383,False
2,titan_003238,0,1115027.2781643404,False
2,titan_003239,0,1145723.4918229298,False
2,titan_003240,0,1174710.3862479732,False
2,titan_003244,0,1280953.6708133304,False
2,titan_003245,0,1303020.4122617177,False
2,titan_003246,0,1322549.5502843496,False
2,titan_003247,0,1342099.749626767,False
2,titan_003248,0,1361651.0695347076,False
2,titan_003249,0,1381184.3345939524,False
2,titan_003408,0,133445.15901681405,False
2,titan_003409,0,170373.11045312483,False
2,titan_003410,0,210935.51376591125,False
2,titan_003414,2,385462.06012481,False
2,titan_003415,0,430196.3690443236,False
2,titan_003416,0,475076.30342647905,False
2,titan_003417,0,520037.29301067034,False
2,titan_003418,0,558608.1783198275,False
2,titan_003419,0,596583.7278072188,False
2,titan_003422,0,712071.1848674227,False
2,titan_003423,0,750869.2584459797,False
2,titan_003424,0,789737.094984465,False
2,titan_003425,0,828637.1413413684,False
2,titan_003426,0,867537.1615635719,False
2,titan_003427,0,906408.9720956598,False
2,titan_003428,0,945227.6572008287,False
2,titan_003429,0,982663.123439672,False
2,titan_003430,2,1016424.2371278912,False
2,titan_003431,0,1050225.7160943819,False
2,titan_003435,0,1182800.863385153,False
2,titan_003436,0,1212681.6160569265,False
2,titan_003437,0,1239720.815407332,False
2,titan_003438,2,1265579.851162132,False
2,titan_003439,0,1291452.0007464201,False
2,titan_003440,0,1317313.902621641,False
2,titan_003441,0,1343008.8753023108,False
2,titan_003442,0,1362001.895388969,False
2,titan_003443,0,1381025.1819789764,False
2,titan_003444,0,1400059.9402292022,False
2,titan_003445,0,1419088.1019526722,False
2,titan_003609,2,103874.50320476756,True
2,titan_003610,0,146257.25104885633,False
2,titan_003611,2,190084.97732526393,False
2,titan_003614,0,324171.7689543113,False
2,titan_003615,0,369143.90390985616,False
2,titan_003616,0,414141.7656455628,False
2,titan_003617,0,459133.02907891583,False
2,titan_003618,0,504094.31261796743,False
2,titan_003619,0,549007.4306355669,False
2,titan_003620,0,593857.4247608805,False
2,titan_003621,0,638631.4353307543,False
2,titan_003624,0,754633.5902893113,False
2,titan_003625,0,792314.8520678029,False
2,titan_003626,0,830108.3256607895,False
2,titan_003627,0,867973.8286713344,False
2,titan_003628,0,905876.5412047864,False
2,titan_003629,0,943785.9689294129,False
2,titan_003630,0,981675.137887706,False
2,titan_003631,0,1019519.8580742327,False
2,titan_003632,2,1056124.398297045,False
2,titan_003633,0,1089032.8042787407,False
2,titan_003637,0,1220734.5226456877,False
2,titan_003638,0,1250468.504771493,False
2,titan_003639,0,1279425.3344165678,False
2,titan_003640,0,1304605.344912161,False
2,titan_003641,0,1329811.7571959044,False
2,titan_003642,0,1355022.2612910438,False
2,titan_003643,0,1380215.6606912639,False
2,titan_003644,0,1402411.5633868726,False
2,titan_003645,0,1420936.9516046932,False
2,titan_003646,0,1439482.1321868738,False
2,titan_003647,0,1458030.0706815002,False
2,titan_003814,0,44998.89772552901,True
2,titan_003815,2,89991.03889506788,True
2,titan_003816,0,134969.7161055589,False
2,titan_003817,2,179928.18961918083,False
2,titan_003820,0,314614.8584253786,False
2,titan_003821,0,359424.88715050643,False
2,titan_003822,0,404180.83797441464,False
2,titan_003824,0,493502.98055875633,False
2,titan_003825,0,538055.4539509872,False
2,titan_003826,0,582526.2510810506,False
2,titan_003827,0,626908.4266135993,False
2,titan_003828,0,671194.9694770786,False
2,titan_003831,0,798996.1778482652,False
2,titan_003832,2,835604.7759363259,False
2,titan_003833,3,872360.3841924329,False
2,titan_003834,0,909221.5337259168,False
2,titan_003835,0,946152.0674022671,False
2,titan_003836,0,983120.1039864683,False
2,titan_003837,0,1020097.3207765983,False
2,titan_003838,0,1057058.2565746007,False
2,titan_003839,0,1093979.9464658557,False
2,titan_003840,0,1129387.7378825033,False
2,titan_003841,0,1161496.5634631196,False
2,titan_003842,0,1193630.9464159787,False
2,titan_003843,0,1225765.8595610661,False
2,titan_003844,0,1257878.1031853,False
2,titan_003845,0,1289668.6445890446,False
2,titan_003846,0,1318072.0727134934,False
2,titan_003847,0,1344834.38012904,False
2,titan_003848,0,1369408.8837292842,False
2,titan_003849,0,1393999.2600216526,False
2,titan_003850,0,1418585.2672733264,False
2,titan_003851,2,1443147.590457875,False
2,titan_004025,0,44998.954917885414,True
2,titan_004026,0,89991.65615735661,True
2,titan_004027,0,134971.84708892583,False
2,titan_004028,0,179933.26518172564,False
2,titan_004031,0,312841.70222211414,False
2,titan_004032,0,356726.7868730548,False
2,titan_004036,0,532372.4333404549,False
2,titan_004037,0,576201.293442468,False
2,titan_004038,0,619968.7665294476,False
2,titan_004039,0,663664.1365832454,False
2,titan_004040,0,707277.7591301036,False
2,titan_004044,0,880547.4584338121,False
2,titan_004045,3,916311.416503883,False
2,titan_004046,3,952208.0944846185,False
2,titan_004047,0,988200.9658583663,False
2,titan_004048,0,1024257.5468639191,False
2,titan_004049,0,1060348.8528959104,False
2,titan_004050,0,1096448.7617464052,False
2,titan_004051,2,1132533.581216623,False
2,titan_004052,0,1168581.6740414996,False
2,titan_004053,0,1202500.0412745294,False
2,titan_004054,0,1233856.8844671329,False
2,titan_004055,0,1265231.2868770983,False
2,titan_004056,0,1296600.4746522421,False
2,titan_004057,0,1327943.1160094975,False
2,titan_004058,0,1357923.6173858184,False
2,titan_004059,0,1385651.521139444,False
2,titan_004061,0,1434172.554872904,False
2,titan_004062,0,1458179.9863253832,False
2,titan_004063,2,1482175.1093517398,False
2,titan_004066,0,1538789.3181504074,False
2,titan_004241,0,44999.0145988586,True
2,titan_004242,0,89992.2413728331,True
2,titan_004243,0,134973.83491534716,False
2,titan_004244,3,179937.9442466321,False
2,titan_004247,0,314174.75161254517,False
2,titan_004248,0,358092.95824807213,False
2,titan_004254,0,617873.9889039713,False
2,titan_004255,0,660782.0836850291,False
2,titan_004256,0,703655.0621742676,False
2,titan_004257,0,746477.4903690591,False
2,titan_004258,0,789235.8303169243,False
2,titan_004260,0,874513.4096243281,False
2,titan_004261,0,917011.5827420746,False
2,titan_004262,3,959403.2219715719,False
2,titan_004263,0,996784.8184019607,False
2,titan_004264,0,1031880.5473604809,False
2,titan_004265,0,1067061.6775692129,False
2,titan_004266,0,1102299.0976439659,False
2,titan_004267,0,1137566.5189481198,False
2,titan_004268,0,1172839.9210396733,False
2,titan_004269,0,1208097.383767812,False
2,titan_004270,0,1243318.6510486922,False
2,titan_004271,0,1275508.1592382924,False
2,titan_004272,0,1306155.7964542555,False
2,titan_004273,0,1336812.923149934,False
2,titan_004274,0,1367458.7684929888,False
2,titan_004275,0,1398073.7523552007,False
2,titan_004279,0,1498934.0171642725,False
2,titan_004280,0,1522388.4722112666,False
2,titan_004283,2,1580500.980646754,False
2,titan_004462,0,44999.101058059656,True
2,titan_004463,3,89992.79098754779,True
2,titan_004464,3,134975.65600491315,False
2,titan_004465,3,179942.277016651,False
2,titan_004468,0,314690.3496802465,False
2,titan_004469,0,359449.98373651184,False
2,titan_004476,0,662525.8597224366,False
2,titan_004477,0,704495.142905398,False
2,titan_004478,0,746472.9777054233,False
2,titan_004479,3,788437.9253547547,False
2,titan_004480,0,830371.6173074418,False
2,titan_004481,0,872258.0922870693,False
2,titan_004482,0,914083.2116692973,False
2,titan_004483,3,955834.2466438342,False
2,titan_004484,3,997499.5686172273,False
2,titan_004485,0,1039068.4139328081,False
2,titan_004486,0,1077066.8239301888,False
2,titan_004487,3,1111412.2517812978,False
2,titan_004488,3,1145831.755299866,False
2,titan_004489,0,1180299.1773979818,False
2,titan_004490,0,1214790.6107161585,False
2,titan_004491,0,1249284.0758600994,False
2,titan_004492,0,1283759.2649160891,False
2,titan_004495,0,1378434.676919165,False
2,titan_004496,0,1408413.1854257418,False
2,titan_004497,0,1438374.1727736664,False
2,titan_004501,0,1540787.7320917952,False
2,titan_004502,3,1563727.7243795616,False
2,titan_004503,3,1586656.4082546877,False
2,titan_004504,3,1606173.54269,False
2,titan_004505,0,1623038.9313173457,False
2,titan_004688,3,64917.3740904036,True
2,titan_004689,3,101789.56375634384,True
2,titan_004690,3,143066.09553875387,False
2,titan_004691,3,185822.65641506703,False
2,titan_004694,0,316821.0823855389,False
2,titan_004695,0,360800.59952281945,False
2,titan_004703,0,709042.1892275949,False
2,titan_004704,0,750716.3866945308,False
2,titan_004705,0,791771.2378346161,False
2,titan_004706,0,832850.8258963963,False
2,titan_004707,3,873932.6554080617,False
2,titan_004708,0,914997.3267934166,False
2,titan_004709,3,956027.7245844562,False
2,titan_004710,3,997008.6258021244,False
2,titan_004711,3,1037926.2936209181,False
2,titan_004712,0,1078768.1827997335,False
2,titan_004713,3,1119522.683230184,False
2,titan_004714,3,1157204.2051878695,False
2,titan_004715,3,1190844.0457512948,False
2,titan_004716,0,1224546.4954147693,False
2,titan_004717,0,1258288.0022529273,False
2,titan_004718,0,1292046.804784931,False
2,titan_004719,0,1325802.7918890184,False
2,titan_004722,0,1421392.5265883435,False
2,titan_004723,0,1450733.6451775958,False
2,titan_004724,0,1480068.5031830398,False
2,titan_004728,3,1583687.3548033426,False
2,titan_004729,3,1606138.4739284595,False
2,titan_004730,3,1628585.2173620618,False
2,titan_004731,3,1649862.451225634,False
2,titan_004732,0,1666362.7298593165,False
2,titan_004919,3,96469.27165545333,True
2,titan_004920,3,130025.54318258686,False
2,titan_004921,0,164661.55768170775,False
2,titan_004922,0,202965.06621011873,False
2,titan_004925,0,326523.6120589549,False
2,titan_004926,0,368944.5828344851,False
2,titan_004935,0,755728.9769313288,False
2,titan_004936,0,797874.8602151582,False
2,titan_004937,3,839084.4028001017,False
2,titan_004938,0,879453.7090861565,False
2,titan_004939,0,919680.6109097316,False
2,titan_004940,3,959918.7826563045,False
2,titan_004941,0,1000148.7577947765,False
2,titan_004942,0,1040353.3075906235,False
2,titan_004943,0,1080516.8486644854,False
2,titan_004944,0,1120625.328382754,False
2,titan_004945,0,1160665.7588047078,False
2,titan_004946,3,1200626.2183489345,False
2,titan_004947,0,1237245.7109524282,False
2,titan_004948,0,1270219.5693901938,False
2,titan_004949,0,1303244.750059543,False
2,titan_004950,0,1336299.996882513,False
2,titan_004951,0,1369365.450859414,False
2,titan_004954,0,1465620.6335334703,False
2,titan_004955,2,1494354.3084178823,False
2,titan_004956,2,1523091.1078285363,False
2,titan_004959,0,1605613.1348584436,False
2,titan_004960,3,1627584.537120922,False
2,titan_004961,3,1649571.6687094704,False
2,titan_004962,3,1671559.981254329,False
2,titan_005155,3,89994.16986917445,True
2,titan_005156,3,134980.30499612392,False
2,titan_005157,0,179953.34173810584,False
2,titan_005158,0,224908.83396372167,False
2,titan_005159,0,265307.33061200875,False
2,titan_005161,0,343144.72236193327,False
2,titan_005162,0,383513.54893757607,False
2,titan_005172,0,802571.6446645691,False
2,titan_005173,0,844829.5367712565,False
2,titan_005174,0,886605.082985901,False
2,titan_005175,0,927526.4967310639,False
2,titan_005176,0,967411.6484242304,False
2,titan_005177,0,1006834.0308507092,False
2,titan_005180,0,1125121.176365158,False
2,titan_005181,0,1164500.2553678928,False
2,titan_005182,0,1203829.7964274667,False
2,titan_005183,0,1243096.9050166388,False
2,titan_005184,0,1282289.4924164347,False
2,titan_005185,0,1317240.1639822177,False
2,titan_005186,0,1349583.3636384404,False
2,titan_005187,0,1381966.997705861,False
2,titan_005188,0,1414371.6880486046,False
2,titan_005191,0,1511060.0878839626,False
2,titan_005192,0,1539215.959554584,False
2,titan_005193,0,1567382.5772308707,False
2,titan_005196,3,1649847.5971894516,False
2,titan_005197,3,1672436.0729375177,False
2,titan_005198,3,1693983.2113835725,False
2,titan_005199,3,1715535.889229898,False
2,titan_005394,3,44999.3219783637,True
2,titan_005395,3,89994.56769192104,True
2,titan_005396,3,134981.65875470557,False
2,titan_005397,3,179956.51253764014,False
2,titan_005398,0,224915.04004503088,False
2,titan_005399,0,269853.14378872316,False
2,titan_005401,0,359651.63479264133,False
2,titan_005402,0,403811.50954418554,False
2,titan_005412,0,809941.6654307898,False
2,titan_005413,0,851393.7836850497,False
2,titan_005414,0,892859.3328364629,False
2,titan_005415,0,934320.7385089273,False
2,titan_005416,0,975762.6066830785,False
2,titan_005417,0,1016321.656035659,False
2,titan_005421,0,1171605.4361742164,False
2,titan_005422,0,1210267.1615574213,False
2,titan_005423,0,1248896.4427910082,False
2,titan_005424,0,1287479.5945323373,False
2,titan_005425,0,1326003.9106872366,False
2,titan_005427,0,1397235.3034730204,False
2,titan_005428,0,1428979.5632712967,False
2,titan_005429,0,1460753.7186878556,False
2,titan_005432,0,1556084.2966946708,False
2,titan_005433,0,1585265.420434865,False
2,titan_005434,0,1612889.3201416337,False
2,titan_005438,3,1718203.2917307857,False
2,titan_005439,3,1739333.4847498261,False
2,titan_005440,3,1760472.5098926153,False
2,titan_005639,3,57799.19814979106,True
2,titan_005640,3,93255.02634878794,True
2,titan_005641,3,134810.7867623885,False
2,titan_005642,3,178241.20747754013,False
2,titan_005643,2,222440.8238845167,False
2,titan_005644,0,267016.8986003895,False
2,titan_005646,0,356690.46323631995,False
2,titan_005647,0,401648.240535634,False
2,titan_005656,2,780689.9002754976,False
2,titan_005658,0,861733.2039800178,False
2,titan_005659,0,902364.4080527411,False
2,titan_005660,0,943036.7368848248,False
2,titan_005661,0,983730.1810508987,False
2,titan_005662,0,1024427.2589969621,False
2,titan_005663,0,1065112.4625496685,False
2,titan_005667,0,1219851.500290632,False
2,titan_005668,3,1257813.9219054342,False
2,titan_005669,0,1295759.202722872,False
2,titan_005670,3,1333673.1044312278,False
2,titan_005673,0,1446140.5036647832,False
2,titan_005674,0,1477277.426509498,False
2,titan_005675,3,1508451.2497782449,False
2,titan_005678,0,1602027.962937539,False
2,titan_005679,0,1632455.3953624144,False
2,titan_005680,0,1659563.4045119497,False
2,titan_005684,0,1764852.009785918,False
2,titan_005685,3,1785587.281706003,False
2,titan_005686,3,1806333.7578181175,False
2,titan_005889,3,44999.41015294696,True
2,titan_005890,3,89995.27665805,True
2,titan_005891,3,133633.3845399961,False
2,titan_005892,2,177020.29206900572,False
2,titan_005893,2,221193.93805850117,False
2,titan_005894,2,265752.03401703364,False
2,titan_005896,0,355402.6916289619,False
2,titan_005897,0,400353.90923405596,False
2,titan_005907,0,836074.3161166372,False
2,titan_005908,2,875696.3177266374,False
2,titan_005909,2,915436.1665752794,False
2,titan_005910,2,955265.4374329419,False
2,titan_005911,0,995159.5331938398,False
2,titan_005912,0,1035096.9615121725,False
2,titan_005913,0,1075058.7642154433,False
2,titan_005914,0,1115028.0638047087,False
2,titan_005917,0,1232482.199434134,False
2,titan_005918,0,1269755.8773762959,False
2,titan_005919,0,1307041.3535992478,False
2,titan_005920,3,1344322.9958652472,False
2,titan_005921,3,1381586.3380024817,False
2,titan_005924,0,1493136.2250350567,False
2,titan_005925,3,1526807.6189665461,False
2,titan_005929,0,1649313.8460914139,False
2,titan_005930,0,1679929.7688991148,False
2,titan_005934,0,1787225.4617366996,False
2,titan_005935,0,1812154.4574587045,False
2,titan_005936,3,1832713.2526276435,False
2,titan_006143,3,44999.44308340624,True
2,titan_006144,2,89995.58180700484,True
2,titan_006145,2,134985.11003471742,False
2,titan_006146,2,179964.71807692095,False
2,titan_006147,2,224931.12296805225,False
2,titan_006148,2,269880.9384437153,False
2,titan_006150,0,359717.5625021572,False
2,titan_006151,2,404597.67513119074,False
2,titan_006161,0,851186.2278332877,False
2,titan_006162,0,893105.6332950405,False
2,titan_006163,0,931914.6717241331,False
2,titan_006164,0,970862.1817273339,False
2,titan_006166,0,1049060.5228349303,False
2,titan_006167,0,1088263.7511166786,False
2,titan_006168,0,1127509.150324665,False
2,titan_006169,0,1166778.9498124886,False
2,titan_006172,0,1284343.5488427111,False
2,titan_006173,0,1321228.5820269887,False
2,titan_006174,0,1357862.3886508746,False
2,titan_006175,0,1394503.7029033797,False
2,titan_006178,3,1504332.0997393276,False
2,titan_006179,3,1540867.2565903566,False
2,titan_006180,3,1577345.8116863912,False
2,titan_006183,0,1667785.4129071184,False
2,titan_006184,0,1697893.9409706986,False
2,titan_006185,0,1727989.7935013801,False
2,titan_006189,0,1834737.1233179613,False
2,titan_006190,0,1860001.623103635,False
2,titan_006191,3,1880683.6839499979,False
2,titan_006401,3,46462.568040054386,True
2,titan_006402,3,71987.29132974894,True
2,titan_006403,2,110395.48826482776,False
2,titan_006404,2,152222.851384246,False
2,titan_006406,2,238886.18392199685,False
2,titan_006407,2,282784.89134470053,False
2,titan_006408,2,326846.52461517334,False
2,titan_006409,2,371002.8735675403,False
2,titan_006419,0,812855.9333565799,False
2,titan_006420,0,856859.4059587702,False
2,titan_006421,0,900807.3054402638,False
2,titan_006422,0,944695.2984845676,False
2,titan_006426,0,1104602.1556376168,False
2,titan_006427,0,1143099.3954668166,False
2,titan_006428,0,1181653.4502618392,False
2,titan_006432,0,1336099.5961460622,False
2,titan_006433,0,1374191.959787259,False
2,titan_006434,0,1410201.155250293,False
2,titan_006435,0,1446227.3527953445,False
2,titan_006438,0,1554267.770501881,False
2,titan_006439,0,1590226.026889029,False
2,titan_006440,0,1626137.2270689544,False
2,titan_006443,0,1718118.5601049575,False
2,titan_006444,0,1747725.471560481,False
2,titan_006445,0,1777324.5963724575,False
2,titan_006449,0,1883368.5579445374,False
2,titan_006450,0,1908816.041111645,False
2,titan_006451,0,1929474.1944481728,False
2,titan_006664,2,93237.32897563525,True
2,titan_006665,2,113175.42661772792,False
2,titan_006666,2,144366.7070243453,False
2,titan_006669,2,261572.15401295043,False
2,titan_006670,2,303466.1244522171,False
2,titan_006672,2,388738.0007607033,False
2,titan_006684,0,909842.9883074285,False
2,titan_006690,0,1161671.9094345656,False
2,titan_006691,0,1199495.1674948186,False
2,titan_006692,0,1237386.9343378611,False
2,titan_006696,0,1389298.7954528215,False
2,titan_006697,0,1427289.8639133892,False
2,titan_006698,0,1463992.0839085842,False
2,titan_006702,0,1605751.37101963,False
2,titan_006703,0,1641153.1554937642,False
2,titan_006704,0,1676516.1352980265,False
2,titan_006707,0,1769641.3806873895,False
2,titan_006708,0,1798770.6300222964,False
2,titan_006709,0,1827895.858493392,False
2,titan_006713,0,1933087.9766142513,False
2,titan_006714,0,1958379.7861401986,False
2,titan_006715,0,1979063.4225136053,False
2,titan_006931,2,140347.8373322659,False
2,titan_006932,2,158106.3278367468,False
2,titan_006933,2,184810.1109795725,False
2,titan_006936,2,291102.54174680496,False
2,titan_006937,2,330595.2787138799,False
2,titan_006939,2,412187.1871908736,False
2,titan_006957,0,1179052.5194074141,False
2,titan_006958,2,1220178.3752673455,False
2,titan_006959,0,1257361.6340607668,False
2,titan_006960,0,1294622.3640364907,False
2,titan_006963,0,1406697.2613350176,False
2,titan_006964,0,1444102.6036015716,False
2,titan_006965,0,1481508.9957894632,False
2,titan_006966,0,1518904.3446154995,False
2,titan_006970,0,1658729.2544003325,False
2,titan_006971,0,1693595.7333296936,False
2,titan_006972,0,1728430.5106792015,False
2,titan_006974,0,1793657.8426119792,False
2,titan_006975,0,1822321.5129241063,False
2,titan_006976,2,1850996.2187425408,False
2,titan_006980,0,1958950.0633311998,False
2,titan_006981,0,1983867.2605400044,False
2,titan_006982,0,2008768.3305189079,False
2,titan_006983,0,2029432.8203927176,False
2,titan_007203,2,187817.75288502543,False
2,titan_007204,2,204577.48870696322,False
2,titan_007208,2,325770.3850978987,False
2,titan_007209,0,362860.49235642183,False
2,titan_007211,0,440542.67523229826,False
2,titan_007230,0,1234034.9201571625,False
2,titan_007231,0,1276076.8829671089,False
2,titan_007232,0,1316625.5102463223,False
2,titan_007233,0,1353287.4231046306,False
2,titan_007236,0,1463608.6860842418,False
2,titan_007237,0,1500444.4654815728,False
2,titan_007238,0,1537288.9679686192,False
2,titan_007239,0,1574130.139065289,False
2,titan_007242,0,1678786.5474497739,False
2,titan_007243,0,1713154.1707999245,False
2,titan_007244,0,1747507.0078657952,False
2,titan_007247,0,1847900.7805966854,False
2,titan_007248,0,1876130.7562468282,False
2,titan_007249,0,1904373.234846409,False
2,titan_007253,0,2011138.4908128937,False
2,titan_007254,0,2035681.6387800097,False
2,titan_007255,0,2060209.9848856896,False
2,titan_007478,2,226397.0768504906,False
2,titan_007479,2,235671.15268651626,False
2,titan_007480,2,251962.00463067944,False
2,titan_007484,0,364260.94195504027,False
2,titan_007485,0,399152.55466312804,False
2,titan_007486,0,435526.23184389406,False
2,titan_007487,0,473032.7423522391,False
2,titan_007507,0,1291108.6099636531,False
2,titan_007508,0,1332608.7659748697,False
2,titan_007509,0,1374065.912713277,False
2,titan_007512,0,1485712.4315848432,False
2,titan_007513,0,1521976.2324389669,False
2,titan_007514,0,1558267.6737057606,False
2,titan_007515,0,1594574.0069026665,False
2,titan_007519,0,1735114.0159927693,False
2,titan_007520,0,1768985.1059739788,False
2,titan_007521,0,1802846.025649393,False
2,titan_007523,0,1870494.9414598842,False
2,titan_007524,0,1903226.6864913958,False
2,titan_007525,0,1931045.10501955,False
2,titan_007526,0,1958876.7079946655,False
2,titan_007530,0,2064322.583656985,False
2,titan_007531,0,2088509.5022435433,False
2,titan_007532,0,2112682.299506944,False
2,titan_007758,2,185405.20136378863,False
2,titan_007759,2,201530.93625644507,False
2,titan_007764,2,368459.7223425451,False
2,titan_007765,2,409339.19255754596,False
2,titan_007766,0,451219.10809388076,False
2,titan_007767,0,493838.5226058224,False
2,titan_007788,0,1350151.1217291525,False
2,titan_007789,0,1391114.199278665,False
2,titan_007790,0,1432044.048843625,False
2,titan_007792,0,1510316.3227984963,False
2,titan_007793,0,1546011.3303671547,False
2,titan_007794,0,1581751.7398527951,False
2,titan_007795,0,1617524.3226751157,False
2,titan_007796,0,1653316.6648710107,False
2,titan_007799,0,1759396.8745906348,False
2,titan_007800,0,1792789.569967147,False
2,titan_007801,0,1826186.7023828698,False
2,titan_007804,0,1926297.4636231472,False
2,titan_007805,0,1959607.327116967,False
2,titan_007806,0,1987044.1657937549,False
2,titan_007810,0,2094632.6613469515,False
2,titan_007811,0,2118484.593583863,False
2,titan_007812,0,2142332.1534019154,False
2,titan_007813,0,2166165.7502128165,False
2,titan_008041,0,136360.2373425931,False
2,titan_008042,0,149870.15470128477,False
2,titan_008043,0,174745.6743584519,False
2,titan_008047,0,323849.98308983597,False
2,titan_008048,0,366004.9487242598,False
2,titan_008049,0,408937.4042583134,False
2,titan_008050,0,452419.845502488,False
2,titan_008072,0,1370606.316790005,False
2,titan_008073,0,1411058.7859906622,False
2,titan_008074,0,1451495.018217779,False
2,titan_008077,0,1572456.2790871968,False
2,titan_008078,0,1607651.6834496385,False
2,titan_008079,0,1642895.3512518795,False
2,titan_008080,0,1678174.4343473094,False
2,titan_008084,0,1818844.9979146947,False
2,titan_008085,0,1851783.5215840754,False
2,titan_008086,0,1884728.8247998203,False
2,titan_008088,0,1950597.8228480553,False
2,titan_008089,0,1983501.488135788,False
2,titan_008090,0,2016371.954048092,False
2,titan_008095,0,2150080.0989228236,False
2,titan_008096,0,2173609.388084816,False
2,titan_008097,0,2197133.550076867,False
2,titan_008328,0,99101.05465723923,True
2,titan_008329,0,125211.25256796338,False
2,titan_008334,0,327404.6537823851,False
2,titan_008335,0,371379.78778203455,False
2,titan_008336,0,415673.1434865919,False
2,titan_008337,0,460186.8063406535,False
2,titan_008360,0,1433812.7592333092,False
2,titan_008361,0,1473744.4938906136,False
2,titan_008362,0,1513668.213882032,False
2,titan_008364,0,1593458.6729336886,False
2,titan_008365,0,1633310.1341035762,False
2,titan_008366,0,1670601.6116446112,False
2,titan_008367,0,1705374.5784606193,False
2,titan_008368,0,1740185.144376039,False
2,titan_008372,0,1879564.4602097962,False
2,titan_008373,0,1912071.1900530895,False
2,titan_008374,0,1944586.2159495642,False
2,titan_008376,0,2009600.4928478799,False
2,titan_008377,0,2042080.3476032934,False
2,titan_008378,0,2074529.6903062244,False
2,titan_008381,0,2155667.7434064285,False
2,titan_008382,0,2182378.6592136603,False
2,titan_008383,0,2206462.239634815,False
2,titan_008384,0,2229684.3072490413,False
2,titan_008385,0,2249647.3969821557,False
2,titan_008618,0,49163.681715083265,True
2,titan_008619,0,79119.7808100848,True
2,titan_008620,0,119172.37306822326,False
2,titan_008625,0,339613.9783030998,False
2,titan_008626,0,384484.49317301833,False
2,titan_008627,0,429414.4542673124,False
2,titan_008651,0,1459285.2009469653,False
2,titan_008652,0,1498706.5105686083,False
2,titan_008653,0,1538135.8490523158,False
2,titan_008654,0,1577564.1156939957,False
2,titan_008655,0,1616982.7722217522,False
2,titan_008656,0,1656383.7988588505,False
2,titan_008657,0,1695759.6604303254,False
2,titan_008658,0,1734836.0425805643,False
2,titan_008659,0,1769163.5611558713,False
2,titan_008663,0,1906750.5864452778,False
2,titan_008664,0,1941164.1311628262,False
2,titan_008665,0,1973632.3961790255,False
2,titan_008667,0,2037842.5907044192,False
2,titan_008668,0,2069936.8218263509,False
2,titan_008669,0,2102011.3990793135,False
2,titan_008672,0,2187776.704645432,False
2,titan_008674,0,2240532.524394652,False
2,titan_008675,0,2263769.552664536,False
2,titan_008676,0,2286698.871988301,False
2,titan_008913,0,44999.74256991882,True
2,titan_008914,0,89997.83398673453,True
2,titan_008915,0,134992.7333691563,False
2,titan_008916,0,179982.78677600608,False
2,titan_008917,0,224966.33749331822,False
2,titan_008918,0,269941.83624688524,False
2,titan_008919,0,314907.61793435924,False
2,titan_008920,0,359862.0118837214,False
2,titan_008921,2,404803.45196226577,False
2,titan_008922,0,449730.2534365975,False
2,titan_008947,0,1526292.8480951453,False
2,titan_008948,0,1565226.1298498577,False
2,titan_008949,0,1604173.22138225,False
2,titan_008950,0,1643124.9243395936,False
2,titan_008951,0,1682072.7083957784,False
2,titan_008952,0,1721008.4492379925,False
2,titan_008953,0,1759924.4640845268,False
2,titan_008954,0,1798813.5544780667,False
2,titan_008955,0,1834242.2050976937,False
2,titan_008958,0,1936152.019991577,False
2,titan_008959,0,1970151.028197662,False
2,titan_008960,0,2004148.4045911562,False
2,titan_008962,0,2068167.1632861802,False
2,titan_008963,0,2099882.673633326,False
2,titan_008964,0,2131588.5359166143,False
2,titan_008965,0,2163275.783243231,False
2,titan_008967,0,2221592.4406849663,False
2,titan_008969,0,2273716.510541425,False
2,titan_008970,0,2299343.160513966,False
2,titan_008971,0,2321994.653780274,False
2,titan_009211,0,44999.76820692601,True
2,titan_009212,0,84506.21784924973,True
2,titan_009213,0,124667.29341024935,False
2,titan_009214,0,167163.25681725016,False
2,titan_009215,0,210581.22028196993,False
2,titan_009216,0,254445.2854648383,False
2,titan_009217,0,298554.1530418854,False
2,titan_009218,0,342808.5145334186,False
2,titan_009219,1,387153.37489229464,False
2,titan_009220,0,431555.7265948618,False
2,titan_009221,0,475994.13628779823,False
2,titan_009222,0,520454.05834127625,False
2,titan_009223,0,564924.8923088841,False
2,titan_009224,0,609398.7853820082,False
2,titan_009246,0,1556414.8328440792,False
2,titan_009247,0,1594854.4870835973,False
2,titan_009248,0,1633322.1878327304,False
2,titan_009249,0,1671808.155441832,False
2,titan_009250,0,1710303.3508482587,False
2,titan_009251,0,1748799.1477352337,False
2,titan_009252,0,1787287.526506745,False
2,titan_009253,0,1825760.762371337,False
2,titan_009254,0,1864211.6330858946,False
2,titan_009258,0,2001309.9915956054,False
2,titan_009259,0,2034911.3846499552,False
2,titan_009260,0,2068512.0893979378,False
2,titan_009261,0,2100515.2293278226,False
2,titan_009262,0,2131860.66090006,False
2,titan_009263,0,2163205.5211926373,False
2,titan_009264,0,2194540.8257634374,False
2,titan_009266,0,2257064.980303346,False
2,titan_009268,0,2308576.3682024535,False
2,titan_009269,0,2334331.91767885,False
2,titan_009270,0,2358744.483715279,False
2,titan_009512,0,44999.758513719105,True
2,titan_009513,0,75013.79111209925,True
2,titan_009519,1,334104.3861925511,False
2,titan_009520,1,377096.5680916607,False
2,titan_009521,1,420379.2793399838,False
2,titan_009522,1,463866.33119384333,False
2,titan_009523,1,507500.19860110496,False
2,titan_009524,0,551240.9674280165,False
2,titan_009525,0,595059.83110645,False
2,titan_009526,0,638935.5123852738,False
2,titan_009527,0,682851.7910593316,False
2,titan_009528,1,726795.8739164564,False
2,titan_009529,1,770757.6109273307,False
2,titan_009549,0,1626937.093181185,False
2,titan_009550,0,1664930.779940989,False
2,titan_009551,0,1702955.640471288,False
2,titan_009552,0,1741002.1401374426,False
2,titan_009554,0,1817124.731143977,False
2,titan_009555,0,1855184.319569182,False
2,titan_009556,0,1893232.531842566,False
2,titan_009560,0,2034579.864712493,False
2,titan_009561,0,2067794.5585029388,False
2,titan_009562,0,2101017.7470686217,False
2,titan_009563,0,2134240.5970256315,False
2,titan_009564,0,2165815.620186028,False
2,titan_009565,0,2196808.669955502,False
2,titan_009566,0,2227800.4104503915,False
2,titan_009568,0,2289745.758622045,False
2,titan_009571,0,2370535.6404265366,False
2,titan_009572,0,2395999.062433822,False
2,titan_009817,0,44999.789634143584,True
2,titan_009824,1,359890.4045859392,False
2,titan_009825,1,404843.86955894256,False
2,titan_009826,1,449785.70266895206,False
2,titan_009827,0,494714.5493301995,False
2,titan_009830,1,629410.2334271406,False
2,titan_009831,1,672593.9724568415,False
2,titan_009832,1,715839.3291581981,False
2,titan_009833,1,759159.6251552213,False
2,titan_009834,0,802537.5885841841,False
2,titan_009835,1,845959.1565076499,False
2,titan_009836,1,889412.696827155,False
2,titan_009837,0,932888.4435428687,False
2,titan_009854,1,1661391.9594052774,False
2,titan_009855,0,1698920.3179361573,False
2,titan_009856,0,1736491.8048948534,False
2,titan_009860,0,1887019.8017741856,False
2,titan_009861,0,1924669.5104239078,False
2,titan_009862,0,1962310.655771404,False
2,titan_009865,0,2069901.8170345388,False
2,titan_009866,0,2102740.755172979,False
2,titan_009867,0,2135596.4651791914,False
2,titan_009868,0,2168460.076992654,False
2,titan_009869,0,2201323.0336762737,False
2,titan_009870,0,2232346.588685051,False
2,titan_009871,0,2263004.414116441,False
2,titan_009873,0,2324304.2334156004,False
2,titan_009876,0,2408337.3133118027,False
2,titan_009877,0,2433529.418740585,False
2,titan_010125,1,44999.8154950712,True
2,titan_010126,0,88833.63442616128,True
2,titan_010132,1,348019.60241424857,False
2,titan_010133,2,392411.86367105437,False
2,titan_010134,2,436861.4718762447,False
2,titan_010135,0,481348.3065390081,False
2,titan_010143,1,837490.6958460647,False
2,titan_010144,0,880656.2339177834,False
2,titan_010145,0,923536.6779549953,False
2,titan_010146,0,966468.6761632228,False
2,titan_010147,1,1009440.5461266391,False
2,titan_010148,1,1052442.2435823337,False
2,titan_010163,1,1696826.0294733557,False
2,titan_010164,1,1735214.7570739451,False
2,titan_010165,1,1772343.3464036228,False
2,titan_010169,0,1921203.8988663033,False
2,titan_010170,0,1958461.608881016,False
2,titan_010171,0,1995720.2822093577,False
2,titan_010175,0,2139695.460212088,False
2,titan_010176,0,2172195.0740172123,False
2,titan_010177,0,2204710.019495023,False
2,titan_010178,0,2237231.729172497,False
2,titan_010179,0,2269752.0018084575,False
2,titan_010180,0,2300105.1107152114,False
2,titan_010181,0,2330443.8535936754,False
2,titan_010182,0,2360778.490033898,False
2,titan_010185,0,2447697.7453421373,False
2,titan_010186,0,2472628.4237136696,False
2,titan_010436,0,44999.82480318556,True
2,titan_010437,1,89998.55698660227,True
2,titan_010444,1,387325.3385348345,False
2,titan_010445,2,430730.2262489903,False
2,titan_010446,1,474327.05929071724,False
2,titan_010457,1,958243.441016402,False
2,titan_010458,1,1002317.7831715423,False
2,titan_010459,1,1045636.8083388817,False
2,titan_010460,1,1088116.283079034,False
2,titan_010461,1,1130638.9206901276,False
2,titan_010462,1,1173195.0672013462,False
2,titan_010475,0,1726512.3644102418,False
2,titan_010476,0,1768917.7214028442,False
2,titan_010477,1,1810440.0740044902,False
2,titan_010481,1,1957675.3915182399,False
2,titan_010482,1,1994549.628392555,False
2,titan_010483,1,2031433.6252370637,False
2,titan_010487,0,2178607.2728709728,False
2,titan_010488,0,2210763.302359712,False
2,titan_010489,0,2242941.268791909,False
2,titan_010490,0,2275132.677617461,False
2,titan_010491,0,2307329.2816124326,False
2,titan_010492,0,2339057.568314353,False
2,titan_010493,0,2369090.6501113675,False
2,titan_010494,0,2399125.5288424273,False
2,titan_010495,0,2429154.2567328652,False
2,titan_010496,0,2459169.060020758,False
2,titan_010497,0,2488580.4919532724,False
2,titan_010498,0,2513260.1436793813,False
2,titan_010758,1,389659.5674252355,False
2,titan_010759,1,431483.5606528171,False
2,titan_010760,1,473747.1193339599,False
2,titan_010761,1,516338.5581646174,False
2,titan_010775,1,1124501.3047590428,False
2,titan_010776,0,1168158.7139193837,False
2,titan_010777,1,1210802.5352116437,False
2,titan_010778,1,1252907.791749507,False
2,titan_010779,1,1295047.4039336953,False
2,titan_010783,1,1463798.2652291781,False
2,titan_010784,2,1506002.0720140352,False
2,titan_010785,0,1548201.337968775,False
2,titan_010786,0,1590391.2068839155,False
2,titan_010787,0,1632567.1295762854,False
2,titan_010788,0,1674724.9318729653,False
2,titan_010789,0,1716860.5183506182,False
2,titan_010790,0,1758970.1366331922,False
2,titan_010791,0,1801050.0537053994,False
2,titan_010792,0,1843096.8277212454,False
2,titan_010793,0,1885107.0281932282,False
2,titan_010796,0,1996375.60125607,False
2,titan_010797,0,2032876.7351216725,False
2,titan_010798,1,2069395.6540294308,False
2,titan_010802,1,2215501.097161017,False
2,titan_010803,1,2251254.082563617,False
2,titan_010804,1,2283107.735571746,False
2,titan_010805,0,2314980.674844762,False
2,titan_010806,0,2346864.798288607,False
2,titan_010807,0,2378752.1381325456,False
2,titan_010808,0,2409558.9431455084,False
2,titan_010809,0,2439304.9802218224,False
2,titan_010810,0,2469050.1301562707,False
2,titan_010811,0,2498786.784160938,False
2,titan_010812,0,2528507.407915284,False
2,titan_010813,0,2555391.506817708,False
2,titan_011076,0,436913.58920960705,False
2,titan_011077,0,479254.57074877527,False
2,titan_011078,2,520595.6898415936,False
2,titan_011095,1,1248240.2327371158,False
2,titan_011096,1,1291499.6618679839,False
2,titan_011097,1,1334488.2044554604,False
2,titan_011098,1,1376205.2474985921,False
2,titan_011100,1,1459731.7760054155,False
2,titan_011101,1,1501526.7052129544,False
2,titan_011102,0,1543334.0715835106,False
2,titan_011103,0,1585148.0016680462,False
2,titan_011104,0,1626963.0450013226,False
2,titan_011108,0,1794137.144405306,False
2,titan_011109,0,1835887.2418445698,False
2,titan_011110,0,1877611.9471926168,False
2,titan_011111,0,1919307.5132961958,False
2,titan_011114,0,2037249.086972939,False
2,titan_011115,0,2073389.0299041655,False
2,titan_011116,0,2109554.083141446,False
2,titan_011120,0,2254315.3444332965,False
2,titan_011121,0,2290495.9406907917,False
2,titan_011122,0,2325166.590474815,False
2,titan_011123,0,2356733.744521525,False
2,titan_011124,0,2388317.282584303,False
2,titan_011125,0,2419909.3380256593,False
2,titan_011126,0,2451502.2919318946,False
2,titan_011127,0,2481279.3512799684,False
2,titan_011128,0,2510751.809557258,False
2,titan_011129,0,2540220.4173816503,False
2,titan_011130,0,2569677.8363621063,False
2,titan_011396,0,442324.83538214903,False
2,titan_011397,1,484740.82404585794,False
2,titan_011398,1,527464.324052606,False
2,titan_011417,1,1330504.8630451837,False
2,titan_011418,1,1373377.7976816671,False
2,titan_011419,1,1416254.9471973064,False
2,titan_011420,1,1459131.7141703395,False
2,titan_011421,1,1500524.2809953496,False
2,titan_011422,1,1541910.4307433413,False
2,titan_011423,1,1583320.5692329176,False
2,titan_011430,0,1873370.1259648167,False
2,titan_011431,0,1914771.41158569,False
2,titan_011432,0,1956151.0456597165,False
2,titan_011435,0,2080122.3757532951,False
2,titan_011436,0,2116036.052263309,False
2,titan_011437,0,2151859.690167894,False
2,titan_011441,0,2295319.7614793205,False
2,titan_011442,0,2331190.9256890565,False
2,titan_011443,0,2367051.318648749,False
2,titan_011444,0,2400353.1793978624,False
2,titan_011445,0,2431648.7218511575,False
2,titan_011446,0,2462957.392882429,False
2,titan_011447,0,2494271.599109934,False
2,titan_011448,0,2525014.256594682,False
2,titan_011449,0,2554225.36007282,False
2,titan_011450,0,2583436.6864896338,False
2,titan_011451,0,2612640.9723139917,False
2,titan_011719,1,452789.763656675,False
2,titan_011720,1,493628.12062758044,False
2,titan_011721,1,534986.7462078213,False
2,titan_011722,1,576750.7056544424,False
2,titan_011741,1,1372345.251858739,False
2,titan_011742,1,1414825.820871403,False
2,titan_011743,1,1457322.6742150015,False
2,titan_011744,1,1499830.3610574417,False
2,titan_011745,1,1542343.98628189,False
2,titan_011746,0,1584858.9182342319,False
2,titan_011754,0,1913440.6007965535,False
2,titan_011755,0,1954519.7173754924,False
2,titan_011756,0,1995584.5770360706,False
2,titan_011759,0,2118653.164639892,False
2,titan_011760,0,2159621.3112019775,False
2,titan_011761,0,2196266.8032660983,False
2,titan_011762,0,2231792.2483133622,False
2,titan_011763,0,2267339.842140429,False
2,titan_011764,0,2302902.406819814,False
2,titan_011765,0,2338472.990678407,False
2,titan_011766,0,2374044.9737593196,False
2,titan_011767,0,2409611.8541386807,False
2,titan_011768,0,2445167.3245990477,False
2,titan_011769,0,2476824.28915293,False
2,titan_011770,0,2507861.976136505,False
2,titan_011771,0,2538909.242266583,False
2,titan_011772,0,2569958.8046243777,False
2,titan_011773,0,2599439.87856336,False
2,titan_011774,0,2628405.048703223,False
2,titan_011775,0,2657366.661136398,False
2,titan_012046,0,483315.8112246474,False
2,titan_012047,0,525946.621829347,False
2,titan_012048,0,569037.9411747718,False
2,titan_012067,0,1374860.1675264481,False
2,titan_012068,0,1416910.6735870626,False
2,titan_012069,0,1458996.0798343355,False
2,titan_012070,1,1501109.6514927982,False
2,titan_012071,1,1543245.2401536738,False
2,titan_012072,1,1585397.165370416,False
2,titan_012073,1,1627560.2999082117,False
2,titan_012074,1,1669729.781593898,False
2,titan_012080,0,1915279.0617236928,False
2,titan_012081,0,1956042.3699585903,False
2,titan_012082,0,1996803.0870664408,False
2,titan_012086,0,2159731.687221131,False
2,titan_012087,0,2200414.743994262,False
2,titan_012088,0,2241070.44287407,False
2,titan_012091,0,2348459.446690561,False
2,titan_012092,0,2383736.9304778306,False
2,titan_012093,0,2419020.857637409,False
2,titan_012094,0,2454304.7579403254,False
2,titan_012095,0,2489582.3527832106,False
2,titan_012096,0,2523812.6650824226,False
2,titan_012097,0,2554592.2047204026,False
2,titan_012098,0,2585384.690035525,False
2,titan_012099,0,2616183.0200243713,False
2,titan_012100,0,2646367.596753617,False
2,titan_012101,0,2675098.017221806,False
2,titan_012374,0,465976.07964722585,False
2,titan_012375,0,509653.4617819746,False
2,titan_012376,0,553611.3390992237,False
2,titan_012394,0,1339333.3381607702,False
2,titan_012395,0,1380860.5022236693,False
2,titan_012396,0,1422451.6845851834,False
2,titan_012397,0,1464097.9219294146,False
2,titan_012398,1,1505791.1007314303,False
2,titan_012401,1,1631080.9182584747,False
2,titan_012402,0,1672893.4776025438,False
2,titan_012403,0,1714721.4596830476,False
2,titan_012409,0,1960677.8524823799,False
2,titan_012410,0,2001121.7476402372,False
2,titan_012411,0,2041570.0282033987,False
2,titan_012415,0,2203314.5134310005,False
2,titan_012416,0,2243716.950100968,False
2,titan_012417,0,2284097.8700484117,False
2,titan_012421,0,2431076.7274629665,False
2,titan_012422,0,2466084.4961174564,False
2,titan_012423,0,2501096.7598043014,False
2,titan_012424,0,2536107.1908524507,False
2,titan_012425,0,2571109.728301786,False
2,titan_012426,0,2603120.480724835,False
2,titan_012427,0,2633670.7319725454,False
2,titan_012428,0,2664229.708666445,False
2,titan_012429,0,2694790.545661286,False
2,titan_012430,0,2723491.196272036,False
2,titan_012705,0,454377.20057217183,False
2,titan_012706,0,498845.6918626425,False
2,titan_012707,0,543443.1891468506,False
2,titan_012724,1,1307317.6413760548,False
2,titan_012725,1,1349248.9912441296,False
2,titan_012726,0,1390269.76727765,False
2,titan_012727,1,1431377.4419435004,False
2,titan_012728,0,1472561.3974970863,False
2,titan_012735,0,1762275.8776161384,False
2,titan_012736,0,1803785.6841797223,False
2,titan_012741,0,2008495.4426892735,False
2,titan_012742,0,2048628.359024346,False
2,titan_012743,0,2088772.1731403416,False
2,titan_012746,0,2209220.4577339925,False
2,titan_012747,2,2249360.3180454634,False
2,titan_012748,2,2289488.2635027957,False
2,titan_012753,0,2480461.0194321033,False
2,titan_012754,0,2515205.1763571436,False
2,titan_012755,0,2549957.711987299,False
2,titan_012756,0,2584712.394696655,False
2,titan_012757,0,2619463.1582747013,False
2,titan_012758,0,2653422.66319336,False
2,titan_012759,0,2683743.3555721394,False
2,titan_012760,0,2714075.126133355,False
2,titan_012761,0,2744411.1869149418,False
2,titan_013029,1,60477.22451855054,True
2,titan_013030,1,96667.99229746935,True
2,titan_013031,0,138234.90603726424,False
2,titan_013032,0,181520.3565987382,False
2,titan_013033,0,225535.63628669555,False
2,titan_013034,0,269922.4160684063,False
2,titan_013035,0,314521.94185350696,False
2,titan_013036,0,359253.28308702225,False
2,titan_013037,0,404071.04752384714,False
2,titan_013038,0,448947.5544070397,False
2,titan_013039,0,493865.09988984145,False
2,titan_013040,0,538811.5546637973,False
2,titan_013057,1,1303337.150910118,False
2,titan_013058,1,1348234.1547609218,False
2,titan_013059,0,1393116.2990754223,False
2,titan_013060,1,1437982.6810670244,False
2,titan_013070,0,1853516.104896038,False
2,titan_013075,0,2058683.5437648268,False
2,titan_013076,0,2098515.681760472,False
2,titan_013077,0,2138364.6729505816,False
2,titan_013080,0,2257963.037585038,False
2,titan_013081,0,2297830.6316787875,False
2,titan_013082,0,2337691.664438619,False
2,titan_013087,0,2531862.083810635,False
2,titan_013088,0,2566355.650546912,False
2,titan_013089,0,2600860.921871304,False
2,titan_013090,0,2635371.777002631,False
2,titan_013091,0,2669882.126191319,False
2,titan_013092,0,2704386.153480266,False
2,titan_013093,0,2735581.907314873,False
2,titan_013094,0,2765698.724899039,False
2,titan_013095,0,2795821.767400863,False
2,titan_013365,1,44999.94476632093,True
2,titan_013366,0,89999.37191272131,True
2,titan_013367,0,134997.8898859728,False
2,titan_013368,0,179735.4527908757,False
2,titan_013369,1,223722.86173450123,False
2,titan_013370,0,268091.3087903447,False
2,titan_013371,0,312677.24140301486,False
2,titan_013372,0,357397.846950992,False
2,titan_013373,0,402206.6223367276,False
2,titan_013374,0,447075.57807343063,False
2,titan_013375,0,491986.5947299584,False
2,titan_013376,0,536927.5822551207,False
2,titan_013377,0,581889.8886519152,False
2,titan_013392,0,1256593.713310962,False
2,titan_013393,0,1301519.1315318074,False
2,titan_013394,0,1346432.090228077,False
2,titan_013395,0,1391331.9079091207,False
2,titan_013396,0,1436217.7478579595,False
2,titan_013412,1,2110396.050727533,False
2,titan_013413,1,2150741.3080845485,False
2,titan_013414,1,2190306.653033954,False
2,titan_013417,2,2309085.465189885,False
2,titan_013418,0,2348690.0869779726,False
2,titan_013419,0,2388292.988211458,False
2,titan_013423,1,2546604.428576104,False
2,titan_013424,0,2585256.0538935484,False
2,titan_013425,0,2619512.365284508,False
2,titan_013426,0,2653783.2008700487,False
2,titan_013427,0,2688062.4672500207,False
2,titan_013428,2,2722344.223536207,False
2,titan_013429,0,2756622.5719531165,False
2,titan_013430,0,2789169.1554583493,False
2,titan_013431,0,2819083.2286707885,False
2,titan_013703,0,44999.967427229516,True
2,titan_013704,0,89999.46616983312,True
2,titan_013705,0,134998.1120576941,False
2,titan_013706,0,179995.47802214973,False
2,titan_013707,1,224991.13622387487,False
2,titan_013708,0,269984.6577945402,False
2,titan_013709,1,314975.6125772146,False
2,titan_013710,1,359963.56886520877,False
2,titan_013711,1,404948.09313902096,False
2,titan_013712,1,449928.74980107305,False
2,titan_013713,1,494905.100907906,False
2,titan_013714,1,539876.7482556736,False
2,titan_013715,0,584843.1636764514,False
2,titan_013729,0,1213570.4440507905,False
2,titan_013730,0,1258402.9468656336,False
2,titan_013731,0,1303222.5301551789,False
2,titan_013732,0,1348028.6544962463,False
2,titan_013733,0,1392820.771654859,False
2,titan_013750,1,2122862.715135943,False
2,titan_013751,1,2163559.029369146,False
2,titan_013752,0,2204265.379514641,False
2,titan_013755,2,2323210.077247507,False
2,titan_013756,2,2362554.778385377,False
2,titan_013757,2,2401906.7427897844,False
2,titan_013762,0,2598623.8372024284,False
2,titan_013763,0,2637930.0903014834,False
2,titan_013764,0,2674655.378759881,False
2,titan_013765,0,2708704.8579942337,False
2,titan_013766,0,2742765.1733314255,False
2,titan_013767,0,2776830.3503319453,False
2,titan_013768,0,2810894.6434484697,False
2,titan_013769,0,2844491.0697286446,False
2,titan_014042,0,44999.91100050771,True
2,titan_014043,0,69712.42780714153,True
2,titan_014044,0,107937.03483766071,True
2,titan_014045,0,149888.88586405088,False
2,titan_014046,0,193153.4528548292,False
2,titan_014047,0,237011.7905852898,False
2,titan_014048,0,281185.05901458074,False
2,titan_014049,0,325543.7597292467,False
2,titan_014050,0,370019.9741625326,False
2,titan_014051,1,414574.5140195682,False
2,titan_014052,1,459183.1668935942,False
2,titan_014053,1,503830.23588415567,False
2,titan_014054,1,548504.8881955977,False
2,titan_014055,0,593199.4089178109,False
2,titan_014068,1,1174552.6951475134,False
2,titan_014069,1,1219240.3549240427,False
2,titan_014070,1,1263918.5219803574,False
2,titan_014071,2,1308586.55212462,False
2,titan_014072,2,1353243.6544277607,False
2,titan_014073,0,1397889.2245662129,False
2,titan_014091,1,2178694.2617005617,False
2,titan_014092,0,2219130.3560312334,False
2,titan_014093,0,2259581.4562580716,False
2,titan_014096,0,2379242.4869999005,False
2,titan_014097,0,2418341.743675128,False
2,titan_014098,0,2457452.437854927,False
2,titan_014103,0,2653022.8406705866,False
2,titan_014104,0,2692111.3669548244,False
2,titan_014105,0,2731182.175798096,False
2,titan_014106,0,2765609.853246686,False
2,titan_014107,0,2799463.8650738904,False
2,titan_014108,0,2833324.7622021525,False
2,titan_014109,0,2867186.798665387,False
2,titan_014110,0,2901044.3429409433,False
2,titan_014384,0,44999.947757207556,True
2,titan_014385,0,89999.55803496821,True
2,titan_014386,0,131061.486392176,False
2,titan_014387,0,174128.16761980916,False
2,titan_014388,0,217075.505354557,False
2,titan_014389,0,258454.70325362752,False
2,titan_014390,1,300795.4520022068,False
2,titan_014391,1,343741.45787429856,False
2,titan_014392,0,387090.1173600286,False
2,titan_014393,1,430718.5923058367,False
2,titan_014394,1,474548.5123828457,False
2,titan_014395,1,518527.46754284104,False
2,titan_014396,1,562619.1878939128,False
2,titan_014397,1,606797.7503037502,False
2,titan_014409,1,1139677.170990382,False
2,titan_014410,1,1184156.8182535516,False
2,titan_014411,1,1228635.621819513,False
2,titan_014412,1,1273112.096695408,False
2,titan_014413,1,1317584.889168079,False
2,titan_014414,1,1362052.7538749757,False
2,titan_014415,1,1406514.4927798172,False
2,titan_014433,1,2196725.305510478,False
2,titan_014434,0,2236889.1155631207,False
2,titan_014435,0,2277076.8867123476,False
2,titan_014438,0,2397739.5451125326,False
2,titan_014439,0,2437554.9818363893,False
2,titan_014440,0,2476421.4862874993,False
2,titan_014441,0,2515303.0250241077,False
2,titan_014445,0,2670890.238233978,False
2,titan_014446,0,2709781.1631235937,False
2,titan_014447,0,2748661.6769414404,False
2,titan_014448,0,2787527.8784431033,False
2,titan_014449,0,2824485.721925263,False
2,titan_014450,0,2858146.3190618884,False
2,titan_014451,0,2891815.2726017153,False
2,titan_014452,0,2925486.9384817644,False
2,titan_014728,1,44999.91608432885,True
2,titan_014729,0,88440.82964454271,True
2,titan_014730,0,129330.4618245799,False
2,titan_014731,0,172339.78006376073,False
2,titan_014732,0,216206.6898121539,False
2,titan_014733,0,260497.5510997354,False
2,titan_014734,0,305026.8538846458,False
2,titan_014735,0,349702.62251365295,False
2,titan_014736,1,394474.1659402513,False
2,titan_014737,1,439311.2058673565,False
2,titan_014738,0,484194.6473872389,False
2,titan_014739,0,529111.6589304304,False
2,titan_014740,0,574053.353907325,False
2,titan_014741,0,619013.335686547,False
2,titan_014752,1,1109072.6984009468,False
2,titan_014753,1,1153270.468366416,False
2,titan_014754,1,1197482.2729503922,False
2,titan_014755,1,1241705.1559581915,False
2,titan_014756,1,1285936.502323576,False
2,titan_014757,1,1330173.9378701767,False
2,titan_014758,2,1374415.4520069743,False
2,titan_014775,1,2125731.8175571365,False
2,titan_014776,1,2169817.190840342,False
2,titan_014777,0,2213884.357255477,False
2,titan_014778,0,2257493.482694529,False
2,titan_014779,0,2297417.811406981,False
2,titan_014780,0,2337370.1247428586,False
2,titan_014783,0,2457350.0026073954,False
2,titan_014784,0,2497370.24521217,False
2,titan_014785,0,2536773.242629889,False
2,titan_014790,5,2730191.704111277,False
2,titan_014791,0,2768881.903418871,False
2,titan_014792,0,2807564.803536621,False
2,titan_014793,0,2846236.480637053,False
2,titan_014794,0,2884893.1247526295,False
2,titan_014795,0,2918803.6936413217,False
2,titan_014796,0,2952293.062258917,False
2,titan_015074,0,44999.96364261038,True
2,titan_015075,1,89999.6666706284,True
2,titan_015076,0,134998.84831171128,False
2,titan_015077,0,179997.24747780783,False
2,titan_015078,0,224994.60260682297,False
2,titan_015079,0,269990.60818372027,False
2,titan_015080,0,314985.087862252,False
2,titan_015081,0,359977.7343798585,False
2,titan_015082,2,404968.28267997404,False
2,titan_015083,1,449956.4664273794,False
2,titan_015084,0,494942.01784327364,False
2,titan_015085,0,539924.624232259,False
2,titan_015086,0,584904.1010418689,False
2,titan_015087,0,629880.1318445624,False
2,titan_015096,1,1034463.037292295,False
2,titan_015097,1,1079388.9862828169,False
2,titan_015098,1,1124308.347637257,False
2,titan_015099,1,1169220.767093369,False
2,titan_015100,1,1214125.9291555563,False
2,titan_015101,1,1258379.711659107,False
2,titan_015102,1,1302327.8375222487,False
2,titan_015103,1,1346294.6162477487,False
2,titan_015120,1,2094377.0705999911,False
2,titan_015121,1,2138330.0498973522,False
2,titan_015122,1,2182269.735371986,False
2,titan_015123,1,2226195.0779113933,False
2,titan_015124,0,2270105.0855821017,False
2,titan_015125,0,2313998.7778036403,False
2,titan_015126,0,2357875.182141641,False
2,titan_015127,0,2399986.568854969,False
2,titan_015128,0,2439744.013681651,False
2,titan_015129,0,2479523.913337752,False
2,titan_015130,0,2519322.023446804,False
2,titan_015131,0,2559134.260148144,False
2,titan_015136,0,2753309.6370453914,False
2,titan_015137,1,2791811.101170678,False
2,titan_015138,0,2830311.9224371905,False
2,titan_015139,0,2868808.1178125096,False
2,titan_015140,0,2907295.751878094,False
2,titan_015141,0,2945771.0754118375,False
2,titan_015142,2,2981430.6354010203,False
2,titan_015421,0,44999.947562774236,True
2,titan_015422,0,75656.07045946417,True
2,titan_015423,1,114893.5477030605,False
2,titan_015424,1,157188.99049351824,False
2,titan_015425,0,200616.9300640896,False
2,titan_015426,0,244574.1906750445,False
2,titan_015427,0,288818.3938234703,False
2,titan_015428,0,333234.5251167635,False
2,titan_015429,0,377761.1955624067,False
2,titan_015430,0,422362.56005875237,False
2,titan_015431,1,467016.4173461039,False
2,titan_015432,0,511708.2211731919,False
2,titan_015433,0,556427.8910111162,False
2,titan_015434,0,601168.3684153662,False
2,titan_015441,1,914618.8056519261,False
2,titan_015442,1,959409.9872371337,False
2,titan_015443,1,1004200.394876199,False
2,titan_015444,1,1048989.200712144,False
2,titan_015445,1,1093775.5405007917,False
2,titan_015446,1,1138558.7542310115,False
2,titan_015447,1,1183338.2411661884,False
2,titan_015448,1,1228113.3181668576,False
2,titan_015449,1,1272883.470249048,False
2,titan_015450,1,1317648.2131541783,False
2,titan_015451,1,1362406.9574281394,False
2,titan_015466,1,2022681.6108300607,False
2,titan_015467,1,2066489.8195321087,False
2,titan_015468,1,2110291.684372527,False
2,titan_015469,1,2154085.875669598,False
2,titan_015470,0,2197871.2749545,False
2,titan_015471,1,2241646.63015941,False
2,titan_015472,1,2285410.846758402,False
2,titan_015473,0,2329162.8558381237,False
2,titan_015474,0,2372901.4828061475,False
2,titan_015475,0,2416625.69730873,False
2,titan_015476,0,2460334.4825426904,False
2,titan_015477,0,2504026.705104291,False
2,titan_015478,0,2544039.3372268467,False
2,titan_015479,0,2583639.0760238837,False
2,titan_015480,1,2623255.8737989063,False
2,titan_015481,1,2662885.811529996,False
2,titan_015482,0,2702504.3740690784,False
2,titan_015483,0,2740795.785596795,False
2,titan_015484,1,2779101.439951512,False
2,titan_015485,1,2817417.085961089,False
2,titan_015486,1,2855738.474222717,False
2,titan_015487,0,2894061.5684135593,False
2,titan_015488,2,2932382.423717047,False
2,titan_015489,2,2970697.065820671,False
2,titan_015490,2,3009001.704066599,False
2,titan_015770,0,44999.95382899004,True
2,titan_015771,1,89999.71280490405,True
2,titan_015772,1,134999.0819564302,False
2,titan_015773,1,179997.9097890728,False
2,titan_015774,0,224995.91331190887,False
2,titan_015775,0,269992.940201387,False
2,titan_015776,0,314988.8375360137,False
2,titan_015777,2,358758.0323357713,False
2,titan_015778,0,402278.03221186553,False
2,titan_015779,0,446048.7525387692,False
2,titan_015780,0,490002.1694264841,False
2,titan_015781,0,534092.4302510127,False
2,titan_015782,0,578287.4843643941,False
2,titan_015783,0,622564.1317455688,False
2,titan_015784,0,666905.3385130875,False
2,titan_015785,0,711298.2037854174,False
2,titan_015786,0,755732.8302565725,False
2,titan_015787,0,800201.3355837655,False
2,titan_015788,0,844697.5502028357,False
2,titan_015789,0,889216.4935210183,False
2,titan_015790,0,933753.9614129106,False
2,titan_015791,1,978306.5796311923,False
2,titan_015792,1,1022871.5214911391,False
2,titan_015793,1,1067446.263244563,False
2,titan_015794,0,1112028.7565423823,False
2,titan_015795,1,1156617.2313446046,False
2,titan_015796,1,1201210.013562088,False
2,titan_015797,1,1245805.743733308,False
2,titan_015798,1,1290403.2143490757,False
2,titan_015799,1,1335001.213623894,False
2,titan_015800,1,1379598.7642293258,False
2,titan_015815,1,2042081.7062903636,False
2,titan_015816,1,2085712.8741553377,False
2,titan_015817,1,2129343.0648506237,False
2,titan_015818,2,2172970.8472869787,False
2,titan_015819,0,2216594.725510205,False
2,titan_015820,1,2260213.385257226,False
2,titan_015821,1,2303825.5598450983,False
2,titan_015822,1,2347429.8968394254,False
2,titan_015823,1,2391025.206599648,False
2,titan_015824,1,2434610.3300014082,False
2,titan_015825,1,2478184.006767675,False
2,titan_015826,1,2521745.125218494,False
2,titan_015827,1,2565292.5912414812,False
2,titan_015828,1,2608825.1977785546,False
2,titan_015829,1,2650289.0969288195,False
2,titan_015830,1,2689723.6266352804,False
2,titan_015831,1,2729173.8208030476,False
2,titan_015832,1,2768635.883094026,False
2,titan_015833,1,2807533.9005643907,False
2,titan_015834,1,2845668.009266189,False
2,titan_015835,0,2883813.9878327698,False
2,titan_015836,2,2921967.717181061,False
2,titan_015837,2,2960125.1755300574,False
2,titan_015838,2,2998282.3172686305,False
2,titan_015839,2,3036435.286015328,False
2,titan_016120,2,44999.99659838145,True
2,titan_016121,2,78817.51065851242,True
2,titan_016122,2,118496.50190635606,False
2,titan_016123,1,160948.7206057267,False
2,titan_016124,0,204453.40921877834,False
2,titan_016125,0,248457.8747583671,False
2,titan_016126,0,292736.2119440595,False
2,titan_016127,0,337180.04373812454,False
2,titan_016128,2,381730.90990111505,False
2,titan_016129,0,426354.7275218493,False
2,titan_016130,0,471030.0710754071,False
2,titan_016131,0,515742.9973976593,False
2,titan_016132,0,560483.7960852149,False
2,titan_016133,0,605090.4968310097,False
2,titan_016134,0,648740.2126859907,False
2,titan_016135,0,692520.9236351596,False
2,titan_016136,0,736408.5825399028,False
2,titan_016137,2,780384.2963209857,False
2,titan_016138,0,824433.2731389794,False
2,titan_016139,0,868543.4979299929,False
2,titan_016140,0,912705.3728494042,False
2,titan_016141,0,956910.8607658839,False
2,titan_016142,0,1001153.4075766087,False
2,titan_016143,0,1045427.5287834137,False
2,titan_016144,0,1089728.4637097637,False
2,titan_016145,1,1134052.3117246553,False
2,titan_016146,1,1178395.5574923805,False
2,titan_016147,1,1222755.3154569534,False
2,titan_016148,1,1267128.9035576861,False
2,titan_016149,1,1311514.1251618078,False
2,titan_016151,0,1400311.3808105146,False
2,titan_016160,1,1800058.5140881054,False
2,titan_016161,1,1844469.1406184123,False
2,titan_016162,1,1888875.3914625207,False
2,titan_016165,1,2021157.4314348567,False
2,titan_016166,1,2064598.1132533373,False
2,titan_016167,1,2108045.5098564704,False
2,titan_016168,0,2151497.717792739,False
2,titan_016169,0,2194953.0550427716,False
2,titan_016170,0,2238409.92321724,False
2,titan_016171,0,2281866.670835297,False
2,titan_016172,0,2325321.881453216,False
2,titan_016173,1,2368774.026882617,False
2,titan_016174,1,2412221.7992902617,False
2,titan_016175,1,2455663.7658509593,False
2,titan_016176,1,2499098.702011219,False
2,titan_016177,1,2542525.2472885586,False
2,titan_016178,1,2585942.1970275845,False
2,titan_016179,1,2629348.3708413644,False
2,titan_016180,1,2672742.4815543788,False
2,titan_016181,1,2716123.427721264,False
2,titan_016182,1,2758530.4383295276,False
2,titan_016183,1,2797814.059041677,False
2,titan_016184,1,2837111.7010692954,False
2,titan_016185,1,2876419.7229084796,False
2,titan_016186,0,2914508.666749547,False
2,titan_016187,2,2952497.9983245963,False
2,titan_016188,2,2990496.7284991187,False
2,titan_016189,2,3028500.7472533,False
2,titan_016190,2,3066506.1754743224,False
2,titan_016472,2,44999.97402038838,True
2,titan_016473,2,89999.8085531867,True
2,titan_016474,1,134999.3640259905,False
2,titan_016475,1,179998.50069666773,False
2,titan_016476,0,224997.078568232,False
2,titan_016477,0,269994.9573033698,False
2,titan_016478,0,314991.9961385618,False
2,titan_016479,0,359988.05379764264,False
2,titan_016480,0,404982.98840470787,False
2,titan_016481,0,449976.70144139964,False
2,titan_016482,0,494968.96147616353,False
2,titan_016483,0,539959.6683495438,False
2,titan_016484,0,584948.6768987059,False
2,titan_016485,0,629935.8409118026,False
2,titan_016486,0,674921.0130345044,False
2,titan_016487,0,719464.4430479626,False
2,titan_016488,0,763942.650761935,False
2,titan_016489,2,808454.6191491222,False
2,titan_016490,0,852718.1393180627,False
2,titan_016491,0,896371.7086178092,False
2,titan_016492,0,940111.1804876797,False
2,titan_016493,0,983924.3566092127,False
2,titan_016494,0,1027801.0610680674,False
2,titan_016495,0,1071732.7329060796,False
2,titan_016496,0,1115712.1124944722,False
2,titan_016497,0,1159733.040726122,False
2,titan_016498,1,1203790.095059222,False
2,titan_016499,1,1247878.6963190224,False
2,titan_016500,1,1291994.815092336,False
2,titan_016501,0,1336134.9171431034,False
2,titan_016502,2,1380295.8841826501,False
2,titan_016503,0,1424474.9491432277,False
2,titan_016511,0,1778307.9299772491,False
2,titan_016512,0,1822562.8859750242,False
2,titan_016513,0,1866819.2523803443,False
2,titan_016514,1,1911076.0253917114,False
2,titan_016515,1,1955332.2181756888,False
2,titan_016516,1,1999586.8964902356,False
2,titan_016517,1,2043839.1719348761,False
2,titan_016518,1,2088088.1960071207,False
2,titan_016519,1,2132333.15484625,False
2,titan_016520,2,2176573.264564652,False
2,titan_016521,2,2219998.016585412,False
2,titan_016522,0,2263283.964563457,False
2,titan_016523,0,2306575.2427038737,False
2,titan_016524,1,2349870.1447981284,False
2,titan_016525,1,2393167.0390194957,False
2,titan_016526,1,2436464.3596898704,False
2,titan_016527,1,2479760.599822343,False
2,titan_016528,1,2523054.346724005,False
2,titan_016529,1,2566344.106291715,False
2,titan_016530,1,2609628.551648884,False
2,titan_016531,1,2652906.348420824,False
2,titan_016532,1,2696176.192329472,False
2,titan_016533,1,2739436.804761467,False
2,titan_016534,5,2782686.9286493678,False
2,titan_016535,1,2825925.3246275727,False
2,titan_016536,1,2868804.2951731426,False
2,titan_016537,1,2907950.629511318,False
2,titan_016538,0,2947109.1575854593,False
2,titan_016539,2,2985624.978500832,False
2,titan_016540,2,3023470.8079191293,False
2,titan_016541,2,3061327.2624695715,False
2,titan_016824,0,44999.97619136445,True
2,titan_016825,2,78621.35237917346,True
2,titan_016826,1,118422.14131521601,False
2,titan_016827,1,161024.07395730025,False
2,titan_016828,1,204685.19525820622,False
2,titan_016829,0,248848.33629464504,False
2,titan_016830,1,293286.4829895882,False
2,titan_016831,0,337890.81586624915,False
2,titan_016832,0,382602.8715966528,False
2,titan_016833,2,427388.4882391698,False
2,titan_016834,2,472226.37474094494,False
2,titan_016835,0,517102.56555868115,False
2,titan_016836,0,562007.5103108806,False
2,titan_016837,0,606934.4909547045,False
2,titan_016838,0,651878.4873668412,False
2,titan_016839,0,696835.8532057801,False
2,titan_016840,0,741803.7637920436,False
2,titan_016841,0,786780.0129660863,False
2,titan_016842,0,831762.8457962814,False
2,titan_016843,0,876467.1265644067,False
2,titan_016844,0,921132.6714889279,False
2,titan_016845,0,965844.1463064259,False
2,titan_016846,0,1010595.1179883551,False
2,titan_016847,0,1055380.265846303,False
2,titan_016848,0,1100194.9897686958,False
2,titan_016849,0,1145035.508383132,False
2,titan_016850,1,1188946.3851660257,False
2,titan_016851,0,1232686.0544289283,False
2,titan_016852,1,1276474.2761876155,False
2,titan_016853,1,1320305.4822504185,False
2,titan_016855,1,1408077.865441535,False
2,titan_016856,1,1452010.9438995833,False
2,titan_016863,0,1760133.689476675,False
2,titan_016864,0,1804208.1524961104,False
2,titan_016865,1,1848291.374271229,False
2,titan_016866,1,1892381.922074792,False
2,titan_016867,1,1936478.3359861348,False
2,titan_016868,1,1980579.3764153328,False
2,titan_016869,1,2024683.8401144887,False
2,titan_016870,1,2068790.5940379053,False
2,titan_016871,1,2112898.567027767,False
2,titan_016872,1,2157006.742466748,False
2,titan_016873,2,2201114.151760825,False
2,titan_016874,2,2245219.868536747,False
2,titan_016875,2,2289323.003456034,False
2,titan_016876,1,2333422.7428760873,False
2,titan_016877,1,2377438.972627024,False
2,titan_016878,1,2420579.0584017225,False
2,titan_016879,1,2463724.5716481544,False
2,titan_016880,1,2506873.8395144474,False
2,titan_016881,1,2550025.254009639,False
2,titan_016882,1,2593177.264933607,False
2,titan_016883,1,2636328.3734120913,False
2,titan_016884,1,2679477.1259657517,False
2,titan_016885,1,2722622.151426785,False
2,titan_016886,1,2765761.986386159,False
2,titan_016887,1,2808895.3247901634,False
2,titan_016888,1,2852020.844070775,False
2,titan_016889,1,2895137.2434607814,False
2,titan_016890,1,2938243.240179892,False
2,titan_016891,1,2981154.982897102,False
2,titan_016892,0,3020177.0309093026,False
2,titan_016893,0,3059022.5196638233,False
2,titan_016894,0,3096738.0202138787,False
2,titan_017179,0,45000.02448757564,True
2,titan_017180,1,89999.91070401667,True
2,titan_017181,1,134999.60899153535,False
2,titan_017182,1,179999.0252426233,False
2,titan_017183,0,224998.06517784574,False
2,titan_017184,0,269996.63428820437,False
2,titan_017185,1,314994.6377771834,False
2,titan_017186,1,359991.9805024368,False
2,titan_017187,0,404155.20492612367,False
2,titan_017188,0,448252.38066452765,False
2,titan_017189,0,492533.6710112673,False
2,titan_017190,0,536953.3077547109,False
2,titan_017191,0,581479.2411897932,False
2,titan_017192,0,626088.5554217113,False
2,titan_017193,0,670764.3391980559,False
2,titan_017194,0,715493.8622966204,False
2,titan_017195,0,760267.3572391083,False
2,titan_017196,0,805077.2021072902,False
2,titan_017197,0,849917.3588462049,False
2,titan_017198,0,894782.9787146201,False
2,titan_017199,1,939670.1197248384,False
2,titan_017200,1,984575.5849846234,False
2,titan_017201,1,1029496.5932856668,False
2,titan_017202,1,1074430.930106545,False
2,titan_017203,1,1119376.683594524,False
2,titan_017204,1,1164332.2217767532,False
2,titan_017205,1,1209296.1403992951,False
2,titan_017206,1,1254267.2219205257,False
2,titan_017207,1,1299244.402970895,False
2,titan_017208,1,1344226.7483056718,False
2,titan_017210,1,1434203.709283758,False
2,titan_017211,1,1479196.9690206053,False
2,titan_017218,1,1789407.8861093284,False
2,titan_017219,1,1833294.3037849914,False
2,titan_017220,1,1877196.3134995038,False
2,titan_017221,1,1921112.0911569353,False
2,titan_017222,1,1965039.8203832584,False
2,titan_017223,1,2008977.9363449868,False
2,titan_017224,1,2052924.938868749,False
2,titan_017225,1,2096879.4235549504,False
2,titan_017226,2,2140840.07106878,False
2,titan_017227,2,2184805.6376675535,False
2,titan_017228,0,2228774.9467939367,False
2,titan_017229,0,2272746.8815904153,False
2,titan_017230,1,2316720.3782118084,False
2,titan_017231,1,2360694.4198306194,False
2,titan_017232,1,2404668.074568484,False
2,titan_017233,1,2448640.3173334147,False
2,titan_017234,1,2492610.2853563973,False
2,titan_017235,1,2536577.1008851603,False
2,titan_017236,1,2579984.938999108,False
2,titan_017237,1,2622999.5848516626,False
2,titan_017238,1,2666017.818376296,False
2,titan_017239,1,2709038.063279285,False
2,titan_017240,1,2752058.7927491744,False
2,titan_017241,1,2795078.52384393,False
2,titan_017242,1,2838095.8122937875,False
2,titan_017243,1,2881109.2900481666,False
2,titan_017244,1,2924117.491264654,False
2,titan_017245,1,2967119.1023651594,False
2,titan_017246,1,3010112.788559148,False
2,titan_017247,1,3053097.2324887794,False
2,titan_017248,2,3095630.1730950484,False
2,titan_017249,0,3134540.25302534,False
2,titan_017534,0,44999.98170006242,True
2,titan_017535,0,75463.53772225945,True
2,titan_017536,1,114819.55991523356,False
2,titan_017537,1,157264.9697334825,False
2,titan_017538,1,200850.4310997434,False
2,titan_017539,0,244967.9862946376,False
2,titan_017540,0,289374.2145770986,False
2,titan_017541,0,333953.7001999664,False
2,titan_017542,1,378645.0643004422,False
2,titan_017543,0,423412.65883769124,False
2,titan_017544,0,468234.3912643516,False
2,titan_017545,0,513095.8417715049,False
2,titan_017546,2,557987.1945578115,False
2,titan_017547,0,602901.5307678333,False
2,titan_017548,0,647833.8719488117,False
2,titan_017549,0,692780.3892067645,False
2,titan_017550,0,737738.2795535803,False
2,titan_017551,0,782705.332296447,False
2,titan_017552,0,827679.8005632332,False
2,titan_017553,0,872660.2817447825,False
2,titan_017554,1,917645.6330054394,False
2,titan_017555,1,962634.9548695484,False
2,titan_017556,1,1007627.3688338372,False
2,titan_017557,1,1052622.2508506824,False
2,titan_017558,1,1097619.028492447,False
2,titan_017559,1,1142617.206239806,False
2,titan_017560,1,1187616.3506621446,False
2,titan_017561,1,1232616.0788271024,False
2,titan_017562,1,1277616.049143591,False
2,titan_017563,1,1322615.9985151747,False
2,titan_017564,1,1367615.5586381454,False
2,titan_017565,1,1412614.5179730877,False
2,titan_017566,1,1457612.6400194657,False
2,titan_017567,1,1502609.704559036,False
2,titan_017573,2,1772559.0582508252,False
2,titan_017574,2,1817543.4561373175,False
2,titan_017575,0,1862525.3746983663,False
2,titan_017576,1,1907504.6587085696,False
2,titan_017577,0,1952481.1549919383,False
2,titan_017578,1,1996715.327638363,False
2,titan_017579,1,2040485.2065601815,False
2,titan_017580,1,2084269.8108487725,False
2,titan_017581,1,2128067.4503812753,False
2,titan_017582,0,2171876.5432957127,False
2,titan_017583,0,2215695.6044885917,False
2,titan_017584,5,2259523.2353910673,False
2,titan_017585,1,2303358.114854523,False
2,titan_017586,1,2347199.0343149775,False
2,titan_017587,1,2391044.7172324876,False
2,titan_017588,1,2434894.0723869787,False
2,titan_017589,1,2478746.01470469,False
2,titan_017590,1,2522599.5031971885,False
2,titan_017591,1,2566453.5360853295,False
2,titan_017592,1,2610307.146356756,False
2,titan_017593,1,2654159.4410262126,False
2,titan_017594,1,2698009.424119885,False
2,titan_017595,1,2741566.106809211,False
2,titan_017596,1,2784464.38319432,False
2,titan_017597,1,2827365.8361269375,False
2,titan_017598,1,2870268.923880236,False
2,titan_017599,1,2913172.1461946745,False
2,titan_017600,1,2956074.039376069,False
2,titan_017601,1,2998973.214093388,False
2,titan_017602,1,3041868.1815598942,False
2,titan_017603,1,3084757.6037762603,False
2,titan_017604,0,3127640.12017886,False
2,titan_017891,2,44999.9967223693,True
2,titan_017892,2,89999.9357156414,True
2,titan_017893,1,134999.75921550966,False
2,titan_017894,1,179999.40938722,False
2,titan_017895,1,224998.7837266282,False
2,titan_017896,1,269997.9132793941,False
2,titan_017897,1,314996.69522291195,False
2,titan_017898,0,359995.07108559925,False
2,titan_017899,0,404992.9821468835,False
2,titan_017900,0,449990.36940072745,False
2,titan_017901,0,494987.1735187553,False
2,titan_017902,0,539983.2902528365,False
2,titan_017903,0,584978.74863867,False
2,titan_017904,0,629973.4435944767,False
2,titan_017905,0,674967.3141248326,False
2,titan_017906,0,719960.2987203805,False
2,titan_017907,0,764952.3353176768,False
2,titan_017908,0,809943.3612583143,False
2,titan_017909,0,854933.2686934343,False
2,titan_017910,1,899922.082757523,False
2,titan_017911,1,944909.6941987919,False
2,titan_017912,1,989896.0375532523,False
2,titan_017913,1,1034881.046544342,False
2,titan_017914,1,1079864.654036332,False
2,titan_017915,1,1124846.7919865195,False
2,titan_017916,1,1169827.346851897,False
2,titan_017917,0,1214806.3377175576,False
2,titan_017918,1,1259783.648974299,False
2,titan_017919,1,1304759.2084472266,False
2,titan_017920,1,1349732.9427950012,False
2,titan_017921,1,1394704.7774532256,False
2,titan_017922,1,1439674.6365760902,False
2,titan_017923,1,1484642.398444727,False
2,titan_017924,1,1529608.0735326144,False
2,titan_017931,2,1844301.1505481598,False
2,titan_017932,0,1889246.7550512075,False
2,titan_017933,0,1934189.446335407,False
2,titan_017934,0,1979129.1278230306,False
2,titan_017935,1,2024065.7006805912,False
2,titan_017936,1,2068999.0637222908,False
2,titan_017937,1,2113929.068816109,False
2,titan_017938,1,2158855.6987559022,False
2,titan_017939,1,2203778.8001819286,False
2,titan_017940,5,2248698.261450509,False
2,titan_017941,1,2293325.430578401,False
2,titan_017942,1,2337021.769815433,False
2,titan_017943,1,2380728.7417634255,False
2,titan_017944,1,2424444.933455768,False
2,titan_017945,1,2468169.130758879,False
2,titan_017946,1,2511900.0516760945,False
2,titan_017947,1,2555636.5132313455,False
2,titan_017948,1,2599377.3824776313,False
2,titan_017949,1,2643121.5713033243,False
2,titan_017950,1,2686868.031687971,False
2,titan_017951,1,2730615.7080306495,False
2,titan_017952,1,2774363.7064516167,False
2,titan_017953,2,2818111.0311598615,False
2,titan_017954,0,2861856.7543375934,False
2,titan_017955,0,2905395.270259061,False
2,titan_017956,0,2948191.2491513006,False
2,titan_017957,1,2990989.790811475,False
2,titan_017958,1,3033789.3450032608,False
2,titan_017959,1,3076588.5224866327,False
2,titan_017960,0,3119385.836381223,False
2,titan_017961,0,3162179.867628191,False
2,titan_018248,1,44999.972864391915,True
2,titan_018249,2,88647.4227754745,True
2,titan_018250,2,129406.23990452185,False
2,titan_018259,0,527821.805998343,False
2,titan_018260,0,572620.8970306405,False
2,titan_018261,0,617441.3146631013,False
2,titan_018262,0,662278.4652455742,False
2,titan_018263,0,707129.0603446753,False
2,titan_018264,0,751990.4252597443,False
2,titan_018265,0,796860.6325184029,False
2,titan_018266,0,841737.9941186468,False
2,titan_018267,1,886621.3120718888,False
2,titan_018268,1,931509.4469043136,False
2,titan_018269,1,976401.574923681,False
2,titan_018270,1,1021297.0144356951,False
2,titan_018271,1,1066195.0620118377,False
2,titan_018272,1,1111095.2815934,False
2,titan_018273,1,1155997.1305436615,False
2,titan_018274,1,1200900.3025382096,False
2,titan_018275,1,1245804.36041985,False
2,titan_018276,1,1290709.0842494413,False
2,titan_018277,1,1335614.108047347,False
2,titan_018278,1,1380519.2262913818,False
2,titan_018279,1,1425424.2557967762,False
2,titan_018280,1,1470328.8983947895,False
2,titan_018281,1,1515233.0498865661,False
2,titan_018289,1,1874427.091909708,False
2,titan_018290,1,1919319.3451047896,False
2,titan_018291,1,1964209.5538025415,False
2,titan_018292,1,2009097.683437837,False
2,titan_018293,1,2053983.5226407892,False
2,titan_018294,1,2098867.039166384,False
2,titan_018295,1,2143748.0231269333,False
2,titan_018296,1,2188626.442962495,False
2,titan_018297,1,2233502.088776831,False
2,titan_018298,1,2278374.8837909815,False
2,titan_018299,1,2323244.750420785,False
2,titan_018300,1,2368111.476422365,False
2,titan_018301,1,2412975.0263237357,False
2,titan_018302,1,2457835.184961619,False
2,titan_018303,1,2502691.913419437,False
2,titan_018304,1,2547544.9926319835,False
2,titan_018305,1,2591696.7396214698,False
2,titan_018306,1,2635325.355970913,False
2,titan_018307,1,2678961.1367318565,False
2,titan_018308,1,2722602.9621153753,False
2,titan_018309,2,2766249.626679335,False
2,titan_018310,2,2809900.137990449,False
2,titan_018311,2,2853553.365937678,False
2,titan_018312,2,2897208.3854273316,False
2,titan_018313,0,2940864.1262389747,False
2,titan_018314,1,2984519.716284524,False
2,titan_018315,1,3028174.1319120307,False
2,titan_018316,1,3071552.020012333,False
2,titan_018317,1,3114259.3132514027,False
2,titan_018318,1,3156968.341544729,False
2,titan_018605,2,44999.968478957206,True
2,titan_018606,1,89999.95119578582,True
2,titan_018607,1,131287.36322089363,False
2,titan_018608,2,174207.23493790382,False
2,titan_018609,2,217951.32374816356,False
2,titan_018610,0,260462.030680434,False
2,titan_018617,1,566023.6222465681,False
2,titan_018618,1,610407.0766898044,False
2,titan_018619,1,654862.1269597767,False
2,titan_018620,0,699375.0423129755,False
2,titan_018621,0,743935.2396352217,False
2,titan_018622,0,788534.4970824957,False
2,titan_018623,0,833166.4600394022,False
2,titan_018624,1,877825.8926653984,False
2,titan_018625,1,922508.7208643646,False
2,titan_018626,1,967211.4952974559,False
2,titan_018627,1,1011931.3577413157,False
2,titan_018628,1,1056666.04984986,False
2,titan_018629,1,1101413.5073777789,False
2,titan_018630,1,1146172.1434617394,False
2,titan_018633,1,1280501.4459649706,False
2,titan_018634,1,1325292.071188197,False
2,titan_018635,1,1370088.3876670962,False
2,titan_018636,1,1414889.5831290637,False
2,titan_018637,1,1459695.1043721598,False
2,titan_018638,1,1504504.3332721035,False
2,titan_018648,1,1952707.2025989024,False
2,titan_018649,1,1997531.4520866515,False
2,titan_018650,1,2042355.4566071357,False
2,titan_018651,1,2087178.919146971,False
2,titan_018652,1,2132001.7302152934,False
2,titan_018653,1,2176823.654675728,False
2,titan_018654,1,2221644.4643528853,False
2,titan_018655,1,2266464.070738753,False
2,titan_018656,1,2311282.2121975897,False
2,titan_018657,1,2356098.8096543313,False
2,titan_018658,1,2400913.609416504,False
2,titan_018659,1,2445726.5389756276,False
2,titan_018660,1,2490537.39452335,False
2,titan_018661,1,2535345.9740763535,False
2,titan_018662,1,2580152.210604549,False
2,titan_018663,1,2624955.8597227666,False
2,titan_018664,1,2669756.8556159344,False
2,titan_018665,1,2714554.998807598,False
2,titan_018666,1,2759350.089406064,False
2,titan_018667,2,2804142.0603172574,False
2,titan_018668,2,2848447.292058678,False
2,titan_018669,2,2892009.0120943966,False
2,titan_018670,0,2935575.874865746,False
2,titan_018672,1,3022720.76615182,False
2,titan_018673,1,3066296.7589736125,False
2,titan_018674,1,3109873.859862757,False
2,titan_018675,1,3153451.067014018,False
2,titan_018676,1,3197027.397098429,False
2,titan_018963,2,45000.019827145996,True
2,titan_018964,2,89999.97468295805,True
2,titan_018965,2,133165.37771138715,False
2,titan_018966,2,176144.1592403007,False
2,titan_018967,2,219919.59338774413,False
2,titan_018968,2,264095.6886266105,False
2,titan_018969,2,306886.07763465727,False
2,titan_018970,2,350088.3355859724,False
2,titan_018971,0,393239.27436152555,False
2,titan_018972,1,435671.30964691355,False
2,titan_018973,1,478551.3047313192,False
2,titan_018974,1,521768.6302085119,False
2,titan_018975,1,565245.8669185668,False
2,titan_018976,1,608927.138837201,False
2,titan_018977,1,652771.4348289068,False
2,titan_018978,1,696747.7681444548,False
2,titan_018979,1,740832.5711660135,False
2,titan_018980,0,785007.3533037463,False
2,titan_018981,1,829257.678424772,False
2,titan_018982,1,873571.8463121259,False
2,titan_018983,1,917940.5078817873,False
2,titan_018984,1,962356.0281154958,False
2,titan_018985,1,1006811.9793093905,False
2,titan_018986,1,1051303.1702170677,False
2,titan_018987,1,1095825.078766481,False
2,titan_018992,1,1318782.3590230024,False
2,titan_018993,1,1363426.3927915418,False
2,titan_018994,1,1408083.7626751661,False
2,titan_018995,1,1452752.994346942,False
2,titan_018996,1,1497432.9497752031,False
2,titan_018997,1,1542122.4484029314,False
2,titan_019007,1,1989370.9910821053,False
2,titan_019008,1,2034118.3556799125,False
2,titan_019009,1,2078868.0017259824,False
2,titan_019010,1,2123619.676953599,False
2,titan_019011,1,2168372.972018714,False
2,titan_019012,1,2213127.6300364076,False
2,titan_019013,1,2257883.4108136967,False
2,titan_019014,1,2302639.9552904693,False
2,titan_019015,1,2347397.0958151766,False
2,titan_019016,1,2392154.498149192,False
2,titan_019017,1,2436912.0166382478,False
2,titan_019018,1,2481669.3364926055,False
2,titan_019019,1,2526426.329207647,False
2,titan_019020,1,2571182.695059023,False
2,titan_019021,1,2615938.3187061697,False
2,titan_019022,1,2660692.9118582476,False
2,titan_019023,1,2705446.3690093774,False
2,titan_019024,1,2750198.4102431266,False
2,titan_019025,1,2794948.9370590965,False
2,titan_019026,1,2839697.6752923136,False
2,titan_019027,1,2884444.5309987217,False
2,titan_019028,1,2929189.233472116,False
2,titan_019031,1,3063408.97320165,False
2,titan_019032,1,3107430.895893574,False
2,titan_019033,1,3150936.354243655,False
2,titan_019034,1,3194444.9400812774,False
2,titan_019322,2,93841.70710007538,True
2,titan_019323,2,135041.17597550072,False
2,titan_019324,1,178076.83529206927,False
2,titan_019325,0,221882.7341668355,False
2,titan_019326,0,266078.7379982092,False
2,titan_019327,0,310498.2361739094,False
2,titan_019328,2,354011.9671663675,False
2,titan_019329,2,397643.202087832,False
2,titan_019330,0,441513.6876907516,False
2,titan_019331,0,484465.9261748678,False
2,titan_019332,2,527743.682714752,False
2,titan_019333,0,570195.3977638518,False
2,titan_019334,0,612932.623529134,False
2,titan_019335,0,655954.0739050459,False
2,titan_019336,1,699207.1342054055,False
2,titan_019337,1,742651.3053209336,False
2,titan_019338,1,786254.760190929,False
2,titan_019339,1,829992.2813332219,False
2,titan_019340,1,873843.6227012147,False
2,titan_019341,1,917792.3090438187,False
2,titan_019342,1,961824.9599245571,False
2,titan_019343,1,1005930.3917315945,False
2,titan_019344,1,1050099.3130336246,False
2,titan_019345,1,1094323.9140762966,False
2,titan_019352,1,1405003.5997291135,False
2,titan_019353,1,1449499.6403076325,False
2,titan_019354,1,1494016.0251293974,False
2,titan_019365,1,1984613.4318882723,False
2,titan_019366,1,2029269.3524160949,False
2,titan_019367,1,2073931.3788741098,False
2,titan_019368,1,2118598.9182595275,False
2,titan_019369,1,2163271.550545713,False
2,titan_019370,1,2207948.7573515535,False
2,titan_019371,1,2252630.096365681,False
2,titan_019372,1,2297315.153558894,False
2,titan_019373,1,2342003.4957336937,False
2,titan_019374,1,2386694.846134321,False
2,titan_019375,1,2431388.814844111,False
2,titan_019376,1,2476085.074901594,False
2,titan_019377,1,2520783.3158884654,False
2,titan_019378,1,2565483.1976864217,False
2,titan_019379,1,2610184.527195387,False
2,titan_019380,1,2654886.989592945,False
2,titan_019381,1,2699590.3253140915,False
2,titan_019382,1,2744294.284343392,False
2,titan_019383,1,2788998.6251621586,False
2,titan_019384,1,2833703.069215978,False
2,titan_019385,1,2878407.4782785047,False
2,titan_019386,1,2923111.5862375763,False
2,titan_019387,1,2967815.1765826032,False
2,titan_019389,1,3057219.9147440535,False
2,titan_019390,1,3101920.6930347146,False
2,titan_019391,1,3146620.124298393,False
2,titan_019392,1,3191318.0072376356,False
2,titan_019685,2,271842.9838772853,False
2,titan_019686,2,314617.7625768751,False
2,titan_019687,0,357928.0168321351,False
2,titan_019688,0,401600.47259043064,False
2,titan_019689,0,445528.5891414157,False
2,titan_019690,0,489643.4766359864,False
2,titan_019691,1,533705.4242178545,False
2,titan_019692,1,577285.3952725775,False
2,titan_019693,1,620861.4783374773,False
2,titan_019694,1,663956.7781242098,False
2,titan_019695,1,706624.4045459653,False
2,titan_019696,1,749283.5753828316,False
2,titan_019697,1,792185.281753769,False
2,titan_019698,1,835292.017456898,False
2,titan_019699,1,878573.5893415613,False
2,titan_019700,1,922005.2433230171,False
2,titan_019701,1,965566.6305189739,False
2,titan_019702,1,1009240.8106382596,False
2,titan_019703,2,1053013.7319838528,False
2,titan_019704,0,1096873.4346616662,False
2,titan_019711,1,1405629.4704748753,False
2,titan_019712,1,1449916.661239291,False
2,titan_019713,1,1494236.401909174,False
2,titan_019714,1,1538585.7230534293,False
2,titan_019722,1,1894184.8330236748,False
2,titan_019723,1,1938710.5542429043,False
2,titan_019724,1,1983248.943923711,False
2,titan_019725,1,2027799.0374899206,False
2,titan_019726,1,2072359.9039135117,False
2,titan_019727,1,2116930.8152552326,False
2,titan_019728,1,2161510.97260315,False
2,titan_019729,1,2206099.6774749854,False
2,titan_019730,1,2250696.2371854144,False
2,titan_019731,1,2295300.1378082805,False
2,titan_019732,1,2339910.7727347356,False
2,titan_019733,0,2384527.616672886,False
2,titan_019734,1,2429150.1330816713,False
2,titan_019735,1,2473777.9490866545,False
2,titan_019736,1,2518410.585498717,False
2,titan_019737,1,2563047.632332037,False
2,titan_019738,0,2607688.657431293,False
2,titan_019739,0,2652333.382546623,False
2,titan_019740,1,2696981.4141979525,False
2,titan_019741,2,2741632.420111215,False
2,titan_019742,2,2786286.0385583173,False
2,titan_019743,0,2830942.0551386774,False
2,titan_019744,1,2875600.1341504194,False
2,titan_019745,1,2920259.9955939865,False
2,titan_019746,1,2964921.324949245,False
2,titan_019747,1,3009583.9503926625,False
2,titan_019749,1,3098911.951516008,False
2,titan_019750,1,3143576.8421399132,False
2,titan_019751,1,3188241.9680152815,False
2,titan_019752,1,3232907.189344639,False
2,titan_020046,1,368328.46922780253,False
2,titan_020047,1,410481.83519049094,False
2,titan_020048,1,453173.12544790556,False
2,titan_020049,1,493103.1657182581,False
2,titan_020050,1,533531.5075563843,False
2,titan_020051,1,574638.2829243377,False
2,titan_020052,1,616287.7450454149,False
2,titan_020053,1,658376.9035046976,False
2,titan_020054,2,700826.4942696545,False
2,titan_020055,2,743574.861448953,False
2,titan_020056,0,786573.251517676,False
2,titan_020057,0,829782.7912371077,False
2,titan_020058,0,873172.1279636966,False
2,titan_020059,2,916715.7253636341,False
2,titan_020060,0,960392.5947260892,False
2,titan_020061,0,1004185.3395101296,False
2,titan_020062,0,1048079.4278284725,False
2,titan_020063,0,1092062.6327088696,False
2,titan_020080,1,1847198.871654737,False
2,titan_020081,1,1891860.1230148668,False
2,titan_020082,1,1936536.4295225695,False
2,titan_020083,1,1981226.7641531432,False
2,titan_020084,1,2025930.1899008155,False
2,titan_020087,1,2160110.7995095295,False
2,titan_020088,1,2204858.706198411,False
2,titan_020089,1,2249616.0701253167,False
2,titan_020090,1,2294382.328447213,False
2,titan_020091,1,2339156.960985653,False
2,titan_020092,0,2383939.486229829,False
2,titan_020093,1,2428729.457778162,False
2,titan_020094,1,2473526.4164386005,False
2,titan_020095,1,2518330.066282354,False
2,titan_020096,2,2563140.0037715123,False
2,titan_020097,0,2607955.8943545255,False
2,titan_020098,0,2652777.425694316,False
2,titan_020099,0,2697604.3058173116,False
2,titan_020100,2,2742204.744744195,False
2,titan_020101,2,2786803.553440987,False
2,titan_020102,1,2831407.2271650364,False
2,titan_020103,1,2876015.392509691,False
2,titan_020104,1,2920627.693486014,False
2,titan_020105,1,2965243.7899985607,False
2,titan_020106,1,3009863.356444435,False
2,titan_020107,1,3054486.0804223875,False
2,titan_020108,1,3099111.6615402354,False
2,titan_020109,1,3143739.8103101403,False
2,titan_020110,1,3188370.2471223227,False
2,titan_020111,1,3233002.701288883,False
2,titan_020404,1,313764.01957435976,False
2,titan_020405,1,351548.9932397364,False
2,titan_020406,1,390859.0008701683,False
2,titan_020407,1,431277.18294035003,False
2,titan_020408,1,472519.3136608163,False
2,titan_020409,1,514387.16317036346,False
2,titan_020410,1,556739.6475928368,False
2,titan_020411,1,599473.9721859717,False
2,titan_020419,0,948827.5186109291,False
2,titan_020420,0,993020.4121377894,False
2,titan_020421,0,1037280.2475504837,False
2,titan_020422,0,1081598.8777881847,False
2,titan_020423,1,1125969.264778364,False
2,titan_020424,1,1170385.5932980576,False
2,titan_020425,1,1214842.7723746083,False
2,titan_020426,1,1259336.4186102587,False
2,titan_020438,1,1795114.3418080236,False
2,titan_020439,1,1839864.1684798626,False
2,titan_020440,1,1884624.3319914597,False
2,titan_020441,1,1929394.1841726145,False
2,titan_020450,0,2332662.702875056,False
2,titan_020451,1,2377499.961347422,False
2,titan_020452,1,2422341.9300237503,False
2,titan_020453,1,2467188.2469336363,False
2,titan_020454,0,2512038.7480226927,False
2,titan_020455,2,2556893.1072261985,False
2,titan_020456,2,2601751.1932656323,False
2,titan_020457,0,2646612.7099789553,False
2,titan_020458,0,2691477.553461173,False
2,titan_020459,1,2736345.452587831,False
2,titan_020460,1,2781216.3264316414,False
2,titan_020461,1,2826089.9697431168,False
2,titan_020462,1,2870966.1865348862,False
2,titan_020463,1,2915844.923789446,False
2,titan_020464,1,2960725.95708953,False
2,titan_020465,1,3005609.248519322,False
2,titan_020466,1,3050494.5875620893,False
2,titan_020467,1,3095381.9491377207,False
2,titan_020468,1,3140271.134555545,False
2,titan_020469,1,3185162.1296649612,False
2,titan_020470,1,3230054.745849893,False
2,titan_020761,1,214954.07832748408,False
2,titan_020762,1,251536.40608020767,False
2,titan_020763,1,290482.0393996321,False
2,titan_020764,1,330957.70339996484,False
2,titan_020765,1,372464.9127541984,False
2,titan_020766,1,414694.0218593113,False
2,titan_020767,1,457445.1315737028,False
2,titan_020768,1,500584.5030317302,False
2,titan_020769,1,544019.7627763579,False
2,titan_020779,0,985946.8347833265,False
2,titan_020780,1,1030506.9352997103,False
2,titan_020781,1,1075100.6543076297,False
2,titan_020782,1,1119723.9553651786,False
2,titan_020783,1,1164373.4173619195,False
2,titan_020784,1,1209046.1217447864,False
2,titan_020785,1,1253739.6082298376,False
2,titan_020786,1,1298451.6255233842,False
2,titan_020787,1,1343180.3423472794,False
2,titan_020796,1,1746275.3807611444,False
2,titan_020797,1,1791106.5702842379,False
2,titan_020798,1,1835943.9928594893,False
2,titan_020799,1,1880787.0922731233,False
2,titan_020809,0,2329455.223846944,False
2,titan_020811,1,2419226.9083200004,False
2,titan_020812,0,2464116.1807889002,False
2,titan_020813,0,2509007.5506875236,False
2,titan_020814,0,2553900.876897102,False
2,titan_020815,0,2598796.0269507538,False
2,titan_020816,1,2643692.8762586475,False
2,titan_020817,1,2688591.3074086024,False
2,titan_020818,1,2733491.20953331,False
2,titan_020819,1,2778392.4777365564,False
2,titan_020820,1,2823295.0125717665,False
2,titan_020821,1,2868198.7195670037,False
2,titan_020822,1,2913103.5087912693,False
2,titan_020823,1,2958009.339298305,False
2,titan_020824,1,3002916.0394005235,False
2,titan_020825,1,3047823.575375601,False
2,titan_020826,1,3092731.871797651,False
2,titan_020827,1,3137640.8560914444,False
2,titan_020828,1,3182550.4582676636,False
2,titan_020829,1,3227460.610676747,False
2,titan_021119,1,153652.84165983723,False
2,titan_021120,1,191915.8982221331,False
2,titan_021121,1,232590.9481790262,False
2,titan_021122,1,274608.2388933383,False
2,titan_021123,1,317435.1553162944,False
2,titan_021124,1,360783.5391222159,False
2,titan_021125,1,404485.716836856,False
2,titan_021126,1,448438.1958485059,False
2,titan_021127,1,492574.0283115361,False
2,titan_021139,1,1027838.5289628531,False
2,titan_021140,1,1072639.4886231378,False
2,titan_021141,1,1117453.514254675,False
2,titan_021142,1,1162279.1487715552,False
2,titan_021143,1,1207115.0288305446,False
2,titan_021144,1,1251959.9782659423,False
2,titan_021145,1,1296813.1101195642,False
2,titan_021146,1,1341673.5321988852,False
2,titan_021147,1,1386540.460479552,False
2,titan_021148,1,1431413.33654674,False
2,titan_021149,1,1476291.5450077509,False
2,titan_021153,1,1655848.321279861,False
2,titan_021154,1,1700746.6406882813,False
2,titan_021155,1,1745647.971873678,False
2,titan_021156,1,1790552.0082449543,False
2,titan_021157,1,1835458.6019579747,False
2,titan_021172,0,2509245.956501248,False
2,titan_021173,0,2554172.2716299,False
2,titan_021174,1,2599099.0311426427,False
2,titan_021175,1,2644026.1221740856,False
2,titan_021176,1,2688953.434675837,False
2,titan_021177,1,2733880.995658349,False
2,titan_021178,1,2778808.6998398225,False
2,titan_021179,1,2823736.4439339223,False
2,titan_021180,1,2868664.260959866,False
2,titan_021181,1,2913592.050948476,False
2,titan_021182,1,2958519.7152845585,False
2,titan_021183,1,3003447.2910623094,False
2,titan_021184,1,3048374.681832578,False
2,titan_021185,5,3093301.7919814517,False
2,titan_021186,0,3138228.6611145893,False
2,titan_021187,1,3183155.1948350775,False
2,titan_021188,1,3228081.2991446983,False
2,titan_021476,2,59421.966501642964,True
2,titan_021477,2,95106.11741013872,True
2,titan_021478,2,136402.74346059683,False
2,titan_021479,2,179478.59458907007,False
2,titan_021480,2,223306.323132044,False
2,titan_021481,0,267516.6752861137,False
2,titan_021482,1,311946.95575790934,False
2,titan_021483,1,356514.9158301996,False
2,titan_021484,1,401174.63789552444,False
2,titan_021485,1,445898.4713590164,False
2,titan_021499,1,1074257.8710940047,False
2,titan_021500,1,1119196.4390139238,False
2,titan_021501,1,1164137.7062576553,False
2,titan_021502,1,1209081.2891596546,False
2,titan_021503,1,1254026.8954696015,False
2,titan_021504,1,1298974.2714288745,False
2,titan_021505,1,1343923.1504555864,False
2,titan_021506,1,1388873.4272795764,False
2,titan_021507,1,1433824.8846675758,False
2,titan_021508,1,1478777.36930541,False
2,titan_021509,1,1523730.7441004654,False
2,titan_021510,1,1568684.8409669483,False
2,titan_021511,1,1613639.6382255475,False
2,titan_021512,1,1658594.9898819455,False
2,titan_021513,1,1703550.803604005,False
2,titan_021514,1,1748506.9946934925,False
2,titan_021523,2,2153118.324201751,False
2,titan_021525,0,2243030.852102393,False
2,titan_021533,1,2602665.735892627,False
2,titan_021534,0,2647617.7226051083,False
2,titan_021535,0,2692569.0086123976,False
2,titan_021536,1,2737519.6458129543,False
2,titan_021537,1,2782469.5514602945,False
2,titan_021538,1,2827418.687435391,False
2,titan_021539,0,2872367.015315894,False
2,titan_021540,1,2917070.4241102044,False
2,titan_021541,1,2961715.8801566325,False
2,titan_021542,1,3006362.3262544964,False
2,titan_021543,1,3051009.500573296,False
2,titan_021544,5,3095657.1482288954,False
2,titan_021545,1,3140304.9759026286,False
2,titan_021546,1,3184952.829204387,False
2,titan_021835,1,44999.97548652052,True
2,titan_021836,1,89999.98197823366,True
2,titan_021837,1,134999.9159315851,False
2,titan_021838,1,179999.85317308342,False
2,titan_021839,1,224999.69011698602,False
2,titan_021840,1,269999.50253026927,False
2,titan_021841,1,314999.1867510225,False
2,titan_021842,1,359998.81845231197,False
2,titan_021843,1,404998.2938616767,False
2,titan_021858,1,1079967.548159919,False
2,titan_021859,1,1124963.241457885,False
2,titan_021860,1,1169958.6106625032,False
2,titan_021861,1,1214953.5492983337,False
2,titan_021862,1,1259948.1300033166,False
2,titan_021863,1,1304942.2457819448,False
2,titan_021864,1,1349935.968722811,False
2,titan_021865,1,1394929.191257547,False
2,titan_021866,1,1439921.9848706888,False
2,titan_021867,1,1484914.241364856,False
2,titan_021868,1,1529906.0315622557,False
2,titan_021869,1,1574897.246576586,False
2,titan_021870,1,1619887.9565054837,False
2,titan_021871,1,1664878.0517096303,False
2,titan_021872,1,1709867.601495417,False
2,titan_021884,0,2249687.842240254,False
2,titan_021892,0,2607681.490082396,False
2,titan_021893,1,2652370.9058550703,False
2,titan_021894,1,2697061.0032589734,False
2,titan_021895,1,2741751.4352049893,False
2,titan_021896,2,2786442.0410703383,False
2,titan_021897,0,2831132.489411479,False
2,titan_021898,0,2875822.633362904,False
2,titan_021899,0,2920512.153490031,False
2,titan_021900,1,2965200.9133076486,False
2,titan_021901,1,3009888.602248415,False
2,titan_021902,1,3054575.0912652123,False
2,titan_021903,1,3099260.0758970557,False
2,titan_021904,1,3143943.431925465,False
2,titan_021905,1,3188624.858524226,False
2,titan_022193,1,45000.03145236994,True
2,titan_022194,1,69666.60395765315,True
2,titan_022195,1,108031.05538477877,True
2,titan_022196,1,150144.22300872303,False
2,titan_022197,1,193574.6745795722,False
2,titan_022198,2,237601.15054840437,False
2,titan_022199,2,281944.4551416321,False
2,titan_022200,1,326475.4839879138,False
2,titan_022201,1,371126.61010439746,False
2,titan_022202,1,415859.1346365306,False
2,titan_022217,0,1089749.3697142114,False
2,titan_022218,1,1134736.389461413,False
2,titan_022219,1,1179725.7399866062,False
2,titan_022220,1,1224717.0892383694,False
2,titan_022221,1,1269710.1935657081,False
2,titan_022222,1,1314704.7110502901,False
2,titan_022223,1,1359700.4641642268,False
2,titan_022224,1,1404697.2557524354,False
2,titan_022225,1,1449694.909834627,False
2,titan_022226,1,1494693.3131282849,False
2,titan_022227,1,1539692.2331961424,False
2,titan_022228,2,1584691.5849356074,False
2,titan_022229,1,1629691.2495500415,False
2,titan_022230,1,1674519.8761179156,False
2,titan_022231,0,1719231.030084783,False
2,titan_022232,0,1763947.6523767626,False
2,titan_022233,1,1808669.146122106,False
2,titan_022243,0,2256050.158995028,False
2,titan_022249,1,2524530.106898707,False
2,titan_022250,1,2569275.180076617,False
2,titan_022251,1,2614019.216139394,False
2,titan_022252,1,2658762.0078807995,False
2,titan_022253,1,2703503.3524253387,False
2,titan_022254,1,2748243.0950414254,False
2,titan_022255,2,2792980.95035179,False
2,titan_022256,0,2837716.768897421,False
2,titan_022257,0,2882450.358426059,False
2,titan_022258,1,2927181.572392957,False
2,titan_022259,1,2971910.131348126,False
2,titan_022260,1,3016635.889571501,False
2,titan_022261,1,3061358.6564988242,False
2,titan_022262,1,3106078.240781011,False
2,titan_022263,2,3150794.4943389017,False
2,titan_022264,2,3195507.13389476,False
2,titan_022551,1,44999.998624363005,True
2,titan_022552,1,89938.4168974617,True
2,titan_022553,1,130813.61373697815,False
2,titan_022554,1,173718.26442373486,False
2,titan_022555,1,217454.3038759251,False
2,titan_022556,1,259503.65646766862,False
2,titan_022557,2,302030.3214790371,False
2,titan_022558,1,345161.62041005696,False
2,titan_022559,1,388696.15036255424,False
2,titan_022560,1,432512.0129124181,False
2,titan_022575,1,1100320.8727737302,False
2,titan_022576,1,1145074.6371288202,False
2,titan_022577,1,1189838.0391929178,False
2,titan_022578,1,1234609.7925969872,False
2,titan_022579,1,1279388.9093231633,False
2,titan_022580,1,1324174.4047485327,False
2,titan_022581,1,1368965.4530805033,False
2,titan_022582,1,1413761.3245962446,False
2,titan_022583,2,1458561.3707180317,False
2,titan_022584,2,1503365.0117396098,False
2,titan_022585,2,1548171.7266681364,False
2,titan_022586,2,1592981.0447661334,False
2,titan_022587,2,1637792.5384685146,False
2,titan_022588,0,1682605.8174186216,False
2,titan_022589,0,1727420.478883797,False
2,titan_022590,2,1772236.2816056383,False
2,titan_022591,2,1817052.8749139316,False
2,titan_022592,0,1861869.9737159384,False
2,titan_022593,0,1906687.3112409846,False
2,titan_022605,1,2444433.5340692885,False
2,titan_022606,1,2489234.7735717585,False
2,titan_022607,1,2534033.5194682525,False
2,titan_022608,0,2578829.607457964,False
2,titan_022609,1,2623622.873850417,False
2,titan_022610,0,2668413.1106004748,False
2,titan_022611,1,2713200.2429211983,False
2,titan_022612,0,2757984.0618051323,False
2,titan_022613,0,2802764.401681336,False
2,titan_022614,0,2847541.0955243395,False
2,titan_022615,0,2892313.9744873415,False
2,titan_022616,1,2937082.867544069,False
2,titan_022617,0,2981847.601136891,False
2,titan_022618,1,3025926.5797249917,False
2,titan_022619,1,3068203.706479331,False
2,titan_022620,1,3110490.9853017693,False
2,titan_022621,1,3152786.5603814693,False
2,titan_022622,1,3195088.747392093,False
2,titan_022909,1,44999.99190800272,True
2,titan_022910,1,88212.93735952477,True
2,titan_022911,1,128931.50038032056,False
2,titan_022912,1,171774.33764934738,False
2,titan_022913,1,215477.92112247675,False
2,titan_022914,1,259607.75204206284,False
2,titan_022915,2,303978.08100219123,False
2,titan_022916,2,348496.8876220635,False
2,titan_022917,2,393113.55334754207,False
2,titan_022918,0,437797.977798152,False
2,titan_022919,0,482531.15082126856,False
2,titan_022933,1,1110541.1826356577,False
2,titan_022934,1,1155440.0443999886,False
2,titan_022935,1,1200340.0855309572,False
2,titan_022936,1,1245240.9529015135,False
2,titan_022937,1,1290142.332366746,False
2,titan_022938,1,1335043.9419895026,False
2,titan_022939,1,1379945.5265763695,False
2,titan_022940,0,1424846.853234798,False
2,titan_022941,0,1469747.7077327196,False
2,titan_022942,2,1514647.8914937717,False
2,titan_022943,2,1559547.219099663,False
2,titan_022944,2,1604445.51619987,False
2,titan_022945,2,1649342.6177506056,False
2,titan_022946,2,1694238.3665214698,False
2,titan_022947,0,1739132.6118208976,False
2,titan_022948,0,1784025.2084013326,False
2,titan_022949,0,1828916.0155126506,False
2,titan_022950,0,1873804.8960784264,False
2,titan_022951,0,1918691.7159742825,False
2,titan_022952,0,1963576.3433913826,False
2,titan_022953,0,2008458.6482710682,False
2,titan_022954,1,2053338.5017990905,False
2,titan_022959,0,2277696.523628095,False
2,titan_022960,0,2322558.980948931,False
2,titan_022961,0,2367418.0862812153,False
2,titan_022962,1,2412273.7071397295,False
2,titan_022963,1,2457125.7092311145,False
2,titan_022964,1,2501973.9561991217,False
2,titan_022965,1,2546818.3093762356,False
2,titan_022966,0,2591658.627539815,False
2,titan_022967,0,2636494.7666710257,False
2,titan_022971,0,2815601.2267467226,False
2,titan_022972,0,2857933.921483309,False
2,titan_022973,0,2900280.427809824,False
2,titan_022974,0,2942638.7818526174,False
2,titan_022975,0,2985007.0828369046,False
2,titan_022976,0,3027383.4868713063,False
2,titan_022977,1,3069766.201140758,False
2,titan_022978,1,3112153.4784653373,False
2,titan_022979,1,3154543.612186424,False
2,titan_023266,1,44999.96967971854,True
2,titan_023267,1,89999.92210720913,True
2,titan_023268,1,134999.70637749747,False
2,titan_023269,1,179999.3051253749,False
2,titan_023270,1,224998.70087166777,False
2,titan_023271,1,269997.7423726946,False
2,titan_023272,2,314996.45634594257,False
2,titan_023273,2,359994.6911319627,False
2,titan_023274,0,404992.4729524302,False
2,titan_023290,0,1124835.9762365993,False
2,titan_023291,0,1169815.1840285533,False
2,titan_023292,2,1214792.7146430667,False
2,titan_023293,1,1259768.4029876827,False
2,titan_023294,1,1304742.2608415098,False
2,titan_023295,1,1349714.1206817313,False
2,titan_023296,2,1394683.9917229353,False
2,titan_023297,2,1439651.7037702678,False
2,titan_023298,0,1484617.2187200498,False
2,titan_023299,0,1529580.4969576672,False
2,titan_023300,2,1574541.363792341,False
2,titan_023301,2,1619499.8208944595,False
2,titan_023302,0,1664455.6902245705,False
2,titan_023303,0,1709408.969934929,False
2,titan_023304,0,1754359.4783326732,False
2,titan_023305,0,1799307.2097346596,False
2,titan_023306,2,1844251.978467072,False
2,titan_023307,0,1889193.7746699825,False
2,titan_023308,0,1934132.408335723,False
2,titan_023309,0,1979067.82058648,False
2,titan_023310,0,2023999.9501183026,False
2,titan_023311,1,2068928.5996984786,False
2,titan_023312,2,2113853.7473480897,False
2,titan_023314,0,2203692.9015354607,False
2,titan_023315,0,2248606.672098723,False
2,titan_023316,0,2293516.4685037606,False
2,titan_023317,1,2338422.076038148,False
2,titan_023318,1,2383323.4099662476,False
2,titan_023319,1,2428220.382018147,False
2,titan_023320,1,2473112.766948176,False
2,titan_023321,1,2518000.5134204943,False
2,titan_023322,1,2562184.6681632423,False
2,titan_023328,0,2819569.672433811,False
2,titan_023329,2,2862033.193760487,False
2,titan_023330,2,2904504.4216814204,False
2,titan_023331,2,2946981.45934331,False
2,titan_023332,2,2989462.6287974925,False
2,titan_023333,0,3031946.1291243234,False
2,titan_023334,1,3074430.3675857615,False
2,titan_023335,1,3116913.6183604593,False
2,titan_023336,1,3158090.605319756,False
2,titan_023621,1,45000.00144822735,True
2,titan_023622,1,75869.72062331665,True
2,titan_023623,1,115286.15188169251,False
2,titan_023624,1,157752.51334944763,False
2,titan_023625,1,201347.98808114315,False
2,titan_023626,1,245471.48014148264,False
2,titan_023627,2,289881.8314798206,False
2,titan_023628,0,334464.5438622603,False
2,titan_023644,0,1053156.285483538,False
2,titan_023645,0,1098153.5475373387,False
2,titan_023646,0,1143152.1357252474,False
2,titan_023647,2,1188151.5675772426,False
2,titan_023648,0,1233151.4109242677,False
2,titan_023649,0,1278151.4080464044,False
2,titan_023650,0,1323151.2018208501,False
2,titan_023651,0,1368150.463138084,False
2,titan_023652,2,1413149.019419777,False
2,titan_023653,2,1458146.5841641775,False
2,titan_023654,2,1503142.8870193607,False
2,titan_023655,0,1548137.8043832846,False
2,titan_023656,2,1593131.0906312992,False
2,titan_023657,2,1638122.5095156108,False
2,titan_023658,2,1683111.9658209807,False
2,titan_023659,0,1728099.2374905832,False
2,titan_023660,2,1773084.1077216961,False
2,titan_023661,2,1818066.4971793646,False
2,titan_023662,2,1863046.1966378693,False
2,titan_023663,0,1908022.9994528913,False
2,titan_023664,0,1952996.8340750884,False
2,titan_023665,0,1997967.4970102077,False
2,titan_023666,0,2042934.7854949485,False
2,titan_023667,0,2087898.630168171,False
2,titan_023668,1,2132858.8282441217,False
2,titan_023669,1,2177552.692144252,False
2,titan_023670,0,2221783.381548124,False
2,titan_023671,0,2266014.885167918,False
2,titan_023672,0,2310246.371521081,False
2,titan_023673,1,2354477.173065099,False
2,titan_023674,1,2398706.5202468545,False
2,titan_023675,1,2442933.6689593997,False
2,titan_023684,2,2826688.0521454457,False
2,titan_023685,2,2869276.7041803612,False
2,titan_023686,2,2911867.0369339846,False
2,titan_023687,2,2954457.3315502936,False
2,titan_023688,0,2997046.034051698,False
2,titan_023689,0,3038386.7709801397,False
2,titan_023690,0,3079053.6831634226,False
2,titan_023691,1,3119726.197203176,False
2,titan_023976,1,45000.00002734127,True
2,titan_023977,1,89999.90090178054,True
2,titan_023978,1,134999.55910796783,False
2,titan_023979,1,179998.9639162988,False
2,titan_023980,1,224997.92720761808,False
2,titan_023981,1,269996.4378272459,False
2,titan_023982,2,314994.3514122162,False
2,titan_023998,0,1030570.4912944349,False
2,titan_023999,0,1075507.3412375157,False
2,titan_024000,0,1120455.4937233236,False
2,titan_024001,0,1165413.2726717915,False
2,titan_024002,0,1210379.2285603345,False
2,titan_024003,0,1255352.2304811697,False
2,titan_024004,0,1300331.1681473823,False
2,titan_024005,0,1345315.0587503696,False
2,titan_024006,0,1390303.1589222157,False
2,titan_024007,2,1435294.6377008138,False
2,titan_024008,2,1480288.9169125876,False
2,titan_024009,2,1525285.3496258275,False
2,titan_024010,0,1570283.3434817162,False
2,titan_024011,2,1615282.485637584,False
2,titan_024012,0,1660282.2702699811,False
2,titan_024013,2,1705282.2258202417,False
2,titan_024014,0,1749799.8145781117,False
2,titan_024015,2,1794143.2293680168,False
2,titan_024016,0,1838491.1242317376,False
2,titan_024017,2,1882842.4363950451,False
2,titan_024018,0,1927196.1709211709,False
2,titan_024019,0,1971551.5233389467,False
2,titan_024020,0,2015907.6103235483,False
2,titan_024021,0,2060263.5942764916,False
2,titan_024022,2,2104618.808689046,False
2,titan_024023,1,2148972.4474771256,False
2,titan_024024,1,2193323.909895104,False
2,titan_024025,1,2237672.490927831,False
2,titan_024026,1,2282017.508776768,False
2,titan_024027,1,2324796.7624835437,False
2,titan_024039,1,2836975.261969377,False
2,titan_024040,1,2879682.2392432867,False
2,titan_024041,0,2920999.579194269,False
2,titan_024042,0,2961778.9130703174,False
2,titan_024043,0,3002564.6527732546,False
2,titan_024044,0,3043354.069412854,False
2,titan_024045,0,3084144.4931145404,False
2,titan_024046,1,3124933.426572984,False
2,titan_024329,1,44999.987920257896,True
2,titan_024330,1,79037.94046149915,True
2,titan_024331,1,118893.22446380935,False
2,titan_024332,1,161514.62375493106,False
2,titan_024333,1,205185.27608233967,False
2,titan_024334,2,249354.19169422804,False
2,titan_024351,0,1012059.1554174782,False
2,titan_024352,0,1056391.1274108954,False
2,titan_024353,0,1100750.254619304,False
2,titan_024354,0,1145132.704016779,False
2,titan_024355,2,1189535.2196690687,False
2,titan_024356,2,1233954.983257876,False
2,titan_024357,2,1278389.5378872696,False
2,titan_024358,2,1322836.6834540255,False
2,titan_024359,2,1367294.601916632,False
2,titan_024360,2,1411761.5555346028,False
2,titan_024361,2,1456236.0285703414,False
2,titan_024362,2,1500716.6566586096,False
2,titan_024363,2,1545202.1607378658,False
2,titan_024364,2,1589691.502995438,False
2,titan_024365,2,1634183.6092192542,False
2,titan_024366,2,1678677.5301918793,False
2,titan_024367,0,1723172.3868024019,False
2,titan_024368,0,1767667.31680225,False
2,titan_024369,2,1812161.6412744909,False
2,titan_024370,0,1856654.5955559039,False
2,titan_024371,0,1901145.4977991602,False
2,titan_024372,0,1945633.6999899005,False
2,titan_024373,0,1990118.5833048075,False
2,titan_024374,0,2034599.5103848274,False
2,titan_024375,0,2079075.99635792,False
2,titan_024376,0,2122645.323299725,False
2,titan_024377,0,2165365.1379532423,False
2,titan_024378,1,2208107.78181469,False
2,titan_024392,1,2805879.9534066278,False
2,titan_024393,1,2846785.44279117,False
2,titan_024394,2,2887697.8760053264,False
2,titan_024395,0,2928614.4730714126,False
2,titan_024396,0,2969532.642476432,False
2,titan_024397,0,3010449.7326194327,False
2,titan_024398,1,3051363.185280808,False
2,titan_024399,0,3092270.4887156687,False
2,titan_024682,1,45000.00749382366,True
2,titan_024683,1,89999.82506189187,True
2,titan_024684,1,134999.35071485591,False
2,titan_024685,1,179998.4382733829,False
2,titan_024686,0,224996.9853022947,False
2,titan_024687,1,269994.7569776358,False
2,titan_024688,1,314991.6500632222,False
2,titan_024689,1,359987.5607833061,False
2,titan_024690,1,404982.2527100052,False
2,titan_024703,0,985632.734226519,False
2,titan_024704,2,1030238.1981372139,False
2,titan_024705,0,1074854.3853905299,False
2,titan_024706,2,1119479.3560212178,False
2,titan_024707,0,1164111.440370923,False
2,titan_024708,2,1208749.0576633518,False
2,titan_024709,2,1253390.9381927536,False
2,titan_024710,2,1298035.9171240916,False
2,titan_024711,2,1342682.9964647705,False
2,titan_024712,2,1387331.1498934033,False
2,titan_024713,0,1431979.5680553399,False
2,titan_024714,2,1476627.4701745328,False
2,titan_024715,2,1521274.1800418557,False
2,titan_024716,2,1565918.9419057614,False
2,titan_024717,2,1610561.1745636605,False
2,titan_024718,2,1655200.333680633,False
2,titan_024719,2,1699835.7751646533,False
2,titan_024720,0,1744467.0122967877,False
2,titan_024721,0,1789093.5369447807,False
2,titan_024722,0,1833714.9032841711,False
2,titan_024723,0,1878330.5501247977,False
2,titan_024724,0,1922194.953736836,False
2,titan_024725,0,1965027.6403970858,False
2,titan_024726,0,2007887.6597354421,False
2,titan_024727,0,2050771.8339745912,False
2,titan_024728,0,2093677.3147967658,False
2,titan_024729,0,2136601.436072673,False
2,titan_024743,1,2734028.989710188,False
2,titan_024744,1,2775081.995669542,False
2,titan_024745,2,2816139.443930417,False
2,titan_024746,0,2857198.66141557,False
2,titan_024747,0,2898257.0438188645,False
2,titan_024748,0,2939311.927295703,False
2,titan_024749,2,2980360.822069633,False
2,titan_024750,0,3021401.2448950643,False
2,titan_024751,0,3062430.7928248183,False
2,titan_025033,1,44999.94343751052,True
2,titan_025034,1,78397.06431090934,True
2,titan_025035,1,118020.63204630603,False
2,titan_025036,0,160452.90351105641,False
2,titan_025037,0,203947.837256513,False
2,titan_025038,1,247946.2305850595,False
2,titan_025039,1,292220.2604235721,False
2,titan_025040,1,336660.5796483144,False
2,titan_025041,1,381208.3797034297,False
2,titan_025042,1,425829.37388631585,False
2,titan_025045,1,559950.5140269458,False
2,titan_025046,1,604709.774430954,False
2,titan_025053,1,918309.5828718117,False
2,titan_025054,0,963125.8736328611,False
2,titan_025055,0,1007942.5147172624,False
2,titan_025056,2,1052758.7937464311,False
2,titan_025057,2,1097573.9164124248,False
2,titan_025058,2,1142387.336928662,False
2,titan_025059,2,1187198.4377033415,False
2,titan_025060,2,1232006.6488553144,False
2,titan_025061,2,1276811.5700712246,False
2,titan_025062,2,1321612.7013435853,False
2,titan_025063,2,1366409.5680673697,False
2,titan_025064,0,1411201.8471557759,False
2,titan_025065,0,1455989.1011778987,False
2,titan_025066,0,1500770.9060344137,False
2,titan_025067,2,1545546.9790785895,False
2,titan_025068,2,1590316.871353158,False
2,titan_025069,2,1634604.1260675723,False
2,titan_025070,2,1678781.85788863,False
2,titan_025071,0,1722963.2368747676,False
2,titan_025072,0,1766288.6875836423,False
2,titan_025073,0,1809278.3474331251,False
2,titan_025074,0,1852296.5641777092,False
2,titan_025075,0,1895340.0612951212,False
2,titan_025076,0,1938405.6409275944,False
2,titan_025077,0,1981490.4915556924,False
2,titan_025078,0,2024591.8698833592,False
2,titan_025079,0,2067707.2051410968,False
2,titan_025080,0,2110834.2061934676,False
2,titan_025092,1,2623470.075552516,False
2,titan_025093,1,2664677.7671396527,False
2,titan_025094,1,2705889.985896918,False
2,titan_025095,1,2747103.9402652853,False
2,titan_025096,0,2788316.9158261637,False
2,titan_025097,0,2829526.3871970163,False
2,titan_025098,0,2870729.728939943,False
2,titan_025099,0,2911924.5293028783,False
2,titan_025100,0,2953108.3021585867,False
2,titan_025101,0,2994278.6009003213,False
2,titan_025102,0,3032718.0977522577,False
2,titan_025384,0,44999.962082153885,True
2,titan_025385,1,89999.72160999972,True
2,titan_025386,0,134999.07590636317,False
2,titan_025387,1,179997.82204816715,False
2,titan_025388,1,224995.756743107,False
2,titan_025389,2,269992.6762058487,False
2,titan_025390,2,314988.3760336018,False
2,titan_025391,0,359982.69474328146,False
2,titan_025394,0,494954.9059458761,False
2,titan_025395,0,539941.4111224086,False
2,titan_025396,0,584925.4501943175,False
2,titan_025397,2,629906.8108669309,False
2,titan_025398,2,674885.2791909811,False
2,titan_025399,2,719860.639425201,False
2,titan_025400,1,764832.6738966093,False
2,titan_025401,1,809801.2064946003,False
2,titan_025402,1,854765.9279770303,False
2,titan_025403,1,899726.6576512844,False
2,titan_025404,0,944683.1686672465,False
2,titan_025405,0,989635.2315028798,False
2,titan_025406,0,1034582.6138063916,False
2,titan_025407,0,1079525.0802346088,False
2,titan_025408,2,1124462.392287341,False
2,titan_025409,0,1169394.308137461,False
2,titan_025410,2,1214320.58245646,False
2,titan_025411,0,1259218.6298839122,False
2,titan_025412,0,1303557.5652885428,False
2,titan_025413,0,1347905.0638811283,False
2,titan_025414,0,1392259.2801380826,False
2,titan_025415,0,1436618.5140442625,False
2,titan_025416,2,1480981.2249217515,False
2,titan_025417,2,1525346.0072546604,False
2,titan_025418,2,1569038.4756580237,False
2,titan_025419,0,1612171.6790207957,False
2,titan_025420,0,1655338.287810067,False
2,titan_025421,0,1698534.324819244,False
2,titan_025422,0,1741756.1938999225,False
2,titan_025423,0,1785000.4702866883,False
2,titan_025424,0,1828264.1161267967,False
2,titan_025425,0,1871544.281434985,False
2,titan_025426,0,1914838.318824123,False
2,titan_025427,0,1958143.7597786,False
2,titan_025428,0,2001458.2938855866,False
2,titan_025429,0,2044779.7505927074,False
2,titan_025430,0,2088106.0831300067,False
2,titan_025441,1,2556451.020772499,False
2,titan_025442,1,2597832.1406598557,False
2,titan_025443,1,2639214.705946645,False
2,titan_025444,1,2680595.93832234,False
2,titan_025445,1,2721973.255923372,False
2,titan_025446,1,2763344.103978577,False
2,titan_025447,1,2804705.9868650394,False
2,titan_025448,1,2846056.460556424,False
2,titan_025449,1,2887393.125561496,False
2,titan_025450,1,2926625.9062353335,False
2,titan_025451,1,2965161.6607316253,False
2,titan_025452,1,3003692.2825966226,False
2,titan_025453,1,3039525.163679114,False
2,titan_025732,0,44999.98266014136,True
2,titan_025733,0,85546.06408037724,True
2,titan_025734,0,126152.74705921716,False
2,titan_025735,1,169052.36287091573,False
2,titan_025736,1,212862.54645450503,False
2,titan_025737,2,257117.5666447755,False
2,titan_025738,2,301621.0745802867,False
2,titan_025739,0,346276.5032688872,False
2,titan_025742,0,480724.30730878015,False
2,titan_025743,0,525629.9612904248,False
2,titan_025744,0,570561.6323049058,False
2,titan_025745,1,615512.7476067579,False
2,titan_025746,0,660478.6071990868,False
2,titan_025747,1,705455.4956210394,False
2,titan_025748,0,750440.6824066634,False
2,titan_025749,0,795177.7064377131,False
2,titan_025750,1,839645.7437014566,False
2,titan_025751,1,884136.0959562744,False
2,titan_025752,1,928644.5986174358,False
2,titan_025753,1,973167.6337854095,False
2,titan_025754,1,1017702.3167456433,False
2,titan_025755,0,1062246.0336819761,False
2,titan_025756,0,1106796.6960401582,False
2,titan_025757,0,1151352.3271155776,False
2,titan_025758,0,1195911.3525882675,False
2,titan_025759,0,1240472.2138539269,False
2,titan_025760,0,1285033.6788452493,False
2,titan_025761,0,1329594.4707215184,False
2,titan_025762,0,1373172.2064107186,False
2,titan_025763,0,1416465.2119213545,False
2,titan_025764,2,1459796.8927288756,False
2,titan_025765,2,1503162.3692949596,False
2,titan_025766,0,1546557.4070154417,False
2,titan_025767,0,1589978.01543445,False
2,titan_025768,0,1633420.7281856406,False
2,titan_025769,0,1676882.2203325988,False
2,titan_025770,0,1720359.6039979402,False
2,titan_025771,0,1763850.0580868672,False
2,titan_025772,0,1807351.1347670322,False
2,titan_025773,0,1850860.397817186,False
2,titan_025774,0,1894375.7367258132,False
2,titan_025775,0,1937895.01116046,False
2,titan_025776,2,1981416.3704813255,False
2,titan_025777,0,2024937.9026348493,False
2,titan_025787,0,2450373.0170961064,False
2,titan_025788,0,2491937.4411658216,False
2,titan_025789,0,2533502.574318418,False
2,titan_025790,1,2575065.784537982,False
2,titan_025791,1,2616624.3621267136,False
2,titan_025792,1,2658175.8314554486,False
2,titan_025796,1,2822541.2696214463,False
2,titan_025797,1,2861248.1827631746,False
2,titan_025798,1,2899951.5509589533,False
2,titan_025799,1,2937728.8077729023,False
2,titan_025800,1,2973520.991007033,False
2,titan_025801,1,3009316.157985051,False
2,titan_026079,0,44999.984260076744,True
2,titan_026080,0,73773.39054160748,True
2,titan_026081,0,112718.60588463205,False
2,titan_026082,0,154912.7002386588,False
2,titan_026083,1,198291.66646096174,False
2,titan_026084,0,242218.955690243,False
2,titan_026085,2,286441.593785798,False
2,titan_026086,0,330840.19328930136,False
2,titan_026087,0,375351.4087329378,False
2,titan_026088,0,419938.5116928824,False
2,titan_026089,1,464578.5954988675,False
2,titan_026090,1,509256.75672369153,False
2,titan_026091,1,553962.8064466738,False
2,titan_026092,1,598689.38722555,False
2,titan_026093,0,643431.2046029113,False
2,titan_026094,0,688184.2703032611,False
2,titan_026095,0,732945.3742704241,False
2,titan_026096,0,777712.0813040244,False
2,titan_026097,0,822482.4255459057,False
2,titan_026098,1,867254.6593348199,False
2,titan_026099,1,912027.4253432255,False
2,titan_026100,1,956799.5653555952,False
2,titan_026101,1,1001569.9456054289,False
2,titan_026102,1,1046337.6811996248,False
2,titan_026103,2,1091101.9813376437,False
2,titan_026104,0,1135170.5333573872,False
2,titan_026105,0,1178592.3293467362,False
2,titan_026106,0,1222065.0860860494,False
2,titan_026107,0,1265582.0030522926,False
2,titan_026108,0,1309137.2282302836,False
2,titan_026109,0,1352725.6009421824,False
2,titan_026110,0,1396342.4181120326,False
2,titan_026111,0,1439983.597065991,False
2,titan_026112,0,1483645.476502277,False
2,titan_026113,0,1527324.6293451719,False
2,titan_026114,0,1571018.0635362423,False
2,titan_026115,0,1614723.0531326383,False
2,titan_026116,0,1658436.975798592,False
2,titan_026118,0,1745882.5608483846,False
2,titan_026119,0,1789610.0808996495,False
2,titan_026120,0,1833338.1231125172,False
2,titan_026121,0,1877064.9559499605,False
2,titan_026122,0,1920788.9466376477,False
2,titan_026123,0,1964508.4222432103,False
2,titan_026124,0,2008221.9107328472,False
2,titan_026132,0,2346421.0436998517,False
2,titan_026133,1,2388183.156967912,False
2,titan_026134,1,2429945.0473604095,False
2,titan_026135,0,2471703.921179468,False
2,titan_026136,1,2513457.194387777,False
2,titan_026137,1,2555202.361831361,False
2,titan_026138,1,2596936.867401069,False
2,titan_026144,1,2837090.9488817845,False
2,titan_026145,1,2873693.338740278,False
2,titan_026146,1,2909656.6795422444,False
2,titan_026147,1,2945621.5845025526,False
2,titan_026148,0,2981583.2723588445,False
2,titan_026425,0,44999.96020572946,True
2,titan_026426,0,89999.5699761422,True
2,titan_026427,0,134998.60784834583,False
2,titan_026428,0,179996.7228291236,False
2,titan_026429,0,224993.56337064595,False
2,titan_026430,0,269988.9063295808,False
2,titan_026431,0,314982.3984781771,False
2,titan_026432,0,359973.72851686116,False
2,titan_026433,1,404962.5407918153,False
2,titan_026434,1,449948.60726999724,False
2,titan_026435,1,494931.5690902128,False
2,titan_026436,1,539911.1085391609,False
2,titan_026437,1,584886.8627811805,False
2,titan_026438,2,629858.5957730672,False
2,titan_026439,0,674825.939880065,False
2,titan_026440,0,719788.5677920924,False
2,titan_026441,1,764746.1062712957,False
2,titan_026442,0,809698.3079827004,False
2,titan_026443,1,854572.7225612752,False
2,titan_026444,1,898043.1290128051,False
2,titan_026445,1,941594.3039404799,False
2,titan_026446,1,985214.139113246,False
2,titan_026447,1,1028892.3747314567,False
2,titan_026448,1,1072620.327763508,False
2,titan_026449,2,1116390.7121398796,False
2,titan_026450,0,1160197.149750134,False
2,titan_026451,0,1204034.1506290787,False
2,titan_026452,0,1247896.88071356,False
2,titan_026453,1,1291781.2109589733,False
2,titan_026454,0,1335683.3697733441,False
2,titan_026455,0,1379600.0330592517,False
2,titan_026456,0,1423528.1765850077,False
2,titan_026457,0,1467465.1916969693,False
2,titan_026458,0,1511408.5897187996,False
2,titan_026459,0,1555356.133846007,False
2,titan_026460,0,1599305.7247143476,False
2,titan_026461,0,1643255.542995714,False
2,titan_026463,0,1731148.7644101214,False
2,titan_026464,0,1775088.908294781,False
2,titan_026465,0,1819022.815695057,False
2,titan_026466,0,1862949.0415624394,False
2,titan_026467,0,1906866.20306497,False
2,titan_026468,0,1950773.0966505785,False
2,titan_026469,0,1992865.0761981672,False
2,titan_026470,0,2034785.6740781886,False
2,titan_026471,0,2076723.508647992,False
2,titan_026472,0,2118675.091939153,False
2,titan_026473,0,2160637.0055307536,False
2,titan_026474,0,2202606.0405897396,False
2,titan_026475,0,2244579.0992805343,False
2,titan_026476,1,2286553.3389376192,False
2,titan_026477,0,2328525.9162835306,False
2,titan_026478,0,2370494.1346463617,False
2,titan_026479,1,2412455.351502966,False
2,titan_026480,1,2454407.1279959264,False
2,titan_026481,1,2496346.9779631738,False
2,titan_026482,1,2538272.5192909604,False
2,titan_026489,1,2811787.692376047,False
2,titan_026490,1,2847934.6205705726,False
2,titan_026491,1,2884081.363998069,False
2,titan_026492,1,2920223.037295017,False
2,titan_026493,1,2953323.148537518,False
2,titan_026768,0,44999.95884873382,True
2,titan_026769,0,89999.56970265307,True
2,titan_026770,0,131554.53702802787,False
2,titan_026771,0,174637.0048370088,False
2,titan_026772,0,218542.49581154282,False
2,titan_026773,0,262858.02186103753,False
2,titan_026774,0,307405.2597278614,False
2,titan_026775,0,352095.1674501598,False
2,titan_026776,1,396878.52822994173,False
2,titan_026777,1,441725.76747212326,False
2,titan_026778,1,486618.03594383853,False
2,titan_026779,1,531482.8096927877,False
2,titan_026780,1,574705.2099306576,False
2,titan_026781,0,618114.459375477,False
2,titan_026782,0,661672.296099885,False
2,titan_026783,0,705349.6761458114,False
2,titan_026784,0,749124.2712722053,False
2,titan_026785,1,792978.3929362006,False
2,titan_026786,1,836898.0863428636,False
2,titan_026787,1,880871.9611629781,False
2,titan_026788,1,924890.6840767728,False
2,titan_026789,1,968946.6413620309,False
2,titan_026790,1,1013033.3011088396,False
2,titan_026791,0,1057145.2889517935,False
2,titan_026792,0,1101277.8963612646,False
2,titan_026793,0,1145427.0534834375,False
2,titan_026794,0,1189589.3359603889,False
2,titan_026795,0,1233761.576820863,False
2,titan_026796,0,1277941.1279220341,False
2,titan_026797,0,1322125.5057973647,False
2,titan_026798,0,1366312.469274242,False
2,titan_026799,0,1410500.1061553697,False
2,titan_026800,0,1454686.5064819467,False
2,titan_026801,0,1498870.072139777,False
2,titan_026802,0,1543049.200256402,False
2,titan_026803,0,1587222.3907193625,False
2,titan_026804,0,1631388.356558697,False
2,titan_026806,0,1719693.319411321,False
2,titan_026807,0,1763829.9412716755,False
2,titan_026808,0,1807472.9455487335,False
2,titan_026809,0,1849588.7715892338,False
2,titan_026810,0,1891727.7818522828,False
2,titan_026811,0,1933885.9967019681,False
2,titan_026812,0,1976059.5728742618,False
2,titan_026813,0,2018244.8947813408,False
2,titan_026814,0,2060438.6694356631,False
2,titan_026815,0,2102637.6227544504,False
2,titan_026816,0,2144838.8005859843,False
2,titan_026817,0,2187039.2696362794,False
2,titan_026818,1,2229236.221834439,False
2,titan_026819,1,2271427.080331221,False
2,titan_026820,1,2313609.205408884,False
2,titan_026821,1,2355780.2038833927,False
2,titan_026822,0,2397937.637428102,False
2,titan_026823,1,2440079.133336252,False
2,titan_026824,1,2482202.495893835,False
2,titan_026825,1,2521999.452547728,False
2,titan_026826,1,2561298.796025942,False
2,titan_026833,0,2824701.399070838,False
2,titan_026834,0,2860810.119301786,False
2,titan_026835,0,2893191.29206258,False
2,titan_026836,0,2925580.473224369,False
2,titan_027110,0,44999.91107756457,True
2,titan_027111,0,89999.4731099058,True
2,titan_027112,0,133283.9048586774,False
2,titan_027113,0,173254.35197021405,False
2,titan_027114,0,212740.53378207728,False
2,titan_027115,0,253966.79363949018,False
2,titan_027116,2,296206.1496944633,False
2,titan_027117,1,339078.9460099697,False
2,titan_027118,0,382370.76424882666,False
2,titan_027119,0,425952.3952746131,False
2,titan_027120,0,469741.7913994253,False
2,titan_027121,1,513684.2581515671,False
2,titan_027122,1,557742.1718759097,False
2,titan_027123,1,601888.564571592,False
2,titan_027124,1,646103.8108641002,False
2,titan_027125,0,690373.0218415749,False
2,titan_027126,0,734684.9156442664,False
2,titan_027127,0,779030.5530591885,False
2,titan_027128,1,823402.8017624948,False
2,titan_027129,1,867796.0018578763,False
2,titan_027130,1,912205.3445929632,False
2,titan_027131,1,956626.9713993953,False
2,titan_027132,1,1001057.4633901793,False
2,titan_027133,1,1045494.0473260096,False
2,titan_027134,1,1089934.1606884536,False
2,titan_027135,0,1134375.7123846472,False
2,titan_027136,1,1178816.6877089206,False
2,titan_027137,0,1223255.438716963,False
2,titan_027138,0,1267690.3534540327,False
2,titan_027139,0,1312119.9529838355,False
2,titan_027140,0,1356542.9939848776,False
2,titan_027141,0,1400958.1553892184,False
2,titan_027142,0,1445364.3589448724,False
2,titan_027143,0,1489760.420071989,False
2,titan_027144,0,1534145.3731813396,False
2,titan_027145,0,1578518.1265747715,False
2,titan_027146,0,1622877.7907385295,False
2,titan_027148,0,1707827.9441217333,False
2,titan_027149,0,1750203.55581319,False
2,titan_027150,0,1792599.7364553018,False
2,titan_027151,0,1835012.5174819364,False
2,titan_027152,0,1877438.041581319,False
2,titan_027153,0,1919872.8515084067,False
2,titan_027154,0,1962313.5407490658,False
2,titan_027155,0,2004757.0498818709,False
2,titan_027156,0,2047200.3636026396,False
2,titan_027157,0,2089640.611796539,False
2,titan_027158,0,2132075.172770417,False
2,titan_027159,0,2174501.376819613,False
2,titan_027160,0,2216916.8136676415,False
2,titan_027161,1,2259318.9990033773,False
2,titan_027162,1,2301705.6844010646,False
2,titan_027163,0,2344074.5263212207,False
2,titan_027164,0,2386108.2317292243,False
2,titan_027165,0,2425629.5309090605,False
2,titan_027166,0,2465154.595262183,False
2,titan_027167,0,2504679.307594368,False
2,titan_027168,1,2544199.5343760536,False
2,titan_027175,1,2802389.6419227095,False
2,titan_027176,1,2834959.050725509,False
2,titan_027177,0,2867535.3131738505,False
2,titan_027450,0,44999.9267222785,True
2,titan_027451,0,67929.76820811609,True
2,titan_027452,0,105791.00846510292,True
2,titan_027453,0,147624.32196704697,False
2,titan_027454,0,190834.0333217459,False
2,titan_027455,1,234659.75722421738,False
2,titan_027456,1,278809.7836390745,False
2,titan_027457,0,323149.7764523596,False
2,titan_027458,0,367609.50808753184,False
2,titan_027459,0,412148.6934455351,False
2,titan_027460,0,456742.5168292003,False
2,titan_027461,0,501374.79669301974,False
2,titan_027462,1,546034.4737426599,False
2,titan_027463,2,590713.6811575596,False
2,titan_027464,0,635406.6244191669,False
2,titan_027465,0,680108.9007400513,False
2,titan_027466,0,724817.0693167911,False
2,titan_027467,1,769528.3708429324,False
2,titan_027468,1,814240.5391123297,False
2,titan_027469,1,858951.6712524323,False
2,titan_027470,1,903660.1363264743,False
2,titan_027471,1,948364.5096635715,False
2,titan_027472,1,993063.5248181012,False
2,titan_027473,2,1037756.0378454466,False
2,titan_027474,1,1082441.0003338219,False
2,titan_027475,0,1127117.4387600066,False
2,titan_027476,0,1171784.4384781925,False
2,titan_027477,0,1216441.1311476845,False
2,titan_027478,0,1261086.684743422,False
2,titan_027479,0,1305720.2955274847,False
2,titan_027480,0,1350341.1815241494,False
2,titan_027481,0,1394948.577158114,False
2,titan_027482,0,1439541.7287998807,False
2,titan_027483,0,1482359.6675576174,False
2,titan_027484,0,1524934.3097398987,False
2,titan_027485,0,1567540.117710145,False
2,titan_027486,0,1610172.0077203757,False
2,titan_027488,0,1695495.7651696086,False
2,titan_027489,0,1738179.3740588091,False
2,titan_027490,0,1780872.4599459853,False
2,titan_027491,0,1823571.5818837613,False
2,titan_027492,0,1866273.514424134,False
2,titan_027493,0,1908975.220972625,False
2,titan_027494,0,1951673.8304736768,False
2,titan_027495,0,1994366.6169335803,False
2,titan_027496,0,2037050.9813676171,False
2,titan_027497,0,2079724.4358239793,False
2,titan_027498,0,2122384.5891914386,False
2,titan_027499,0,2165029.134542741,False
2,titan_027500,0,2207655.8378030085,False
2,titan_027501,2,2250262.5275636273,False
2,titan_027502,0,2291366.247287886,False
2,titan_027503,2,2331128.2377863997,False
2,titan_027504,2,2370894.0157169355,False
2,titan_027505,0,2410659.3101945003,False
2,titan_027506,0,2450419.997514195,False
2,titan_027507,0,2490172.085610697,False
2,titan_027508,2,2528617.89794114,False
2,titan_027515,0,2778634.5370246107,False
2,titan_027516,0,2811410.0369010083,False
2,titan_027517,0,2844184.787172095,False
2,titan_027789,0,44999.90965224273,True
2,titan_027790,0,89999.3308741024,True
2,titan_027791,0,134997.77494202164,False
2,titan_027792,0,179994.75254573283,False
2,titan_027793,1,224989.81553684355,False
2,titan_027794,0,269982.38845978497,False
2,titan_027795,0,314972.0205190516,False
2,titan_027796,0,359958.2171028511,False
2,titan_027797,0,404940.52355732303,False
2,titan_027798,0,449918.356759178,False
2,titan_027799,0,494891.25700215134,False
2,titan_027800,0,539858.7195557168,False
2,titan_027801,0,584820.2363860707,False
2,titan_027802,0,629775.3378426041,False
2,titan_027803,0,674723.424316374,False
2,titan_027804,0,719664.0179539017,False
2,titan_027805,0,764596.5942930349,False
2,titan_027806,0,809520.6239355233,False
2,titan_027807,1,854435.6141684857,False
2,titan_027808,1,899340.9407468556,False
2,titan_027809,1,944236.0993517338,False
2,titan_027810,2,989120.5373408399,False
2,titan_027811,1,1033993.695349668,False
2,titan_027812,0,1078855.0488239836,False
2,titan_027813,0,1123703.9399653058,False
2,titan_027814,0,1168539.8288460243,False
2,titan_027815,0,1213362.125312526,False
2,titan_027816,0,1257378.6751203358,False
2,titan_027817,0,1300148.0234678923,False
2,titan_027818,0,1342961.8771546327,False
2,titan_027819,0,1385813.4959827359,False
2,titan_027820,0,1428696.8372245384,False
2,titan_027821,0,1471606.4933210283,False
2,titan_027822,0,1514537.4459436438,False
2,titan_027823,0,1557485.2347625273,False
2,titan_027824,0,1600445.736492195,False
2,titan_027825,0,1643415.153600722,False
2,titan_027826,0,1686390.0107035479,False
2,titan_027827,0,1729366.9564825092,False
2,titan_027828,0,1772342.9724360476,False
2,titan_027829,0,1815315.1844643222,False
2,titan_027830,0,1858280.9190709074,False
2,titan_027831,0,1901237.5217966153,False
2,titan_027832,0,1944182.5797625133,False
2,titan_027833,0,1987113.7449599374,False
2,titan_027834,0,2030028.7601945903,False
2,titan_027835,0,2072925.4865781874,False
2,titan_027836,0,2115801.7320207693,False
2,titan_027837,0,2158079.026522273,False
2,titan_027838,2,2198461.9757182654,False
2,titan_027839,2,2238480.490301229,False
2,titan_027840,2,2278502.3736073035,False
2,titan_027841,0,2318523.212237281,False
2,titan_027842,0,2358538.865973446,False
2,titan_027843,0,2398545.30095333,False
2,titan_027844,0,2437616.5032873494,False
2,titan_027845,0,2474614.5148801664,False
2,titan_027846,2,2511621.7036307883,False
2,titan_027853,0,2757216.185338699,False
2,titan_027854,0,2790200.1437900104,False
2,titan_027855,0,2823175.188225676,False
2,titan_028124,0,44999.89606415716,True
2,titan_028125,0,89999.29199875142,True
2,titan_028126,0,134997.56205614525,False
2,titan_028127,0,179994.2051332742,False
2,titan_028128,1,224988.71914562714,False
2,titan_028129,1,269980.47542721604,False
2,titan_028130,1,314968.9689625862,False
2,titan_028131,0,359796.4964079032,False
2,titan_028132,0,404616.5854042488,False
2,titan_028133,0,449495.07753224456,False
2,titan_028134,0,494414.3004761666,False
2,titan_028135,0,539362.1636864623,False
2,titan_028136,0,584330.2212302942,False
2,titan_028137,0,629312.2918988651,False
2,titan_028138,0,674303.5788544846,False
2,titan_028139,0,719300.4473025077,False
2,titan_028140,0,764299.9928531297,False
2,titan_028141,0,809299.7116540695,False
2,titan_028142,0,854297.610845115,False
2,titan_028143,1,899268.8501343263,False
2,titan_028144,1,944152.5343150438,False
2,titan_028145,1,988911.8680449256,False
2,titan_028146,0,1032785.0430108389,False
2,titan_028147,0,1075741.9130058424,False
2,titan_028148,0,1118761.3497431718,False
2,titan_028149,0,1161833.809438153,False
2,titan_028150,0,1204950.8683888633,False
2,titan_028151,0,1248105.2499300484,False
2,titan_028152,0,1291290.533244959,False
2,titan_028153,0,1334500.8939559837,False
2,titan_028154,0,1377731.231110712,False
2,titan_028155,0,1420976.9537345746,False
2,titan_028156,0,1464233.7831853896,False
2,titan_028157,0,1507497.9297958508,False
2,titan_028158,0,1550765.9187909055,False
2,titan_028159,0,1594034.4246041374,False
2,titan_028160,0,1637300.473615717,False
2,titan_028161,0,1680561.2911845916,False
2,titan_028162,0,1723814.153450217,False
2,titan_028163,0,1767056.6044099529,False
2,titan_028164,0,1810286.314861194,False
2,titan_028165,0,1853500.9442525415,False
2,titan_028166,0,1896698.3658905637,False
2,titan_028167,0,1939876.532909954,False
2,titan_028168,0,1983033.346168151,False
2,titan_028169,0,2025624.0382893595,False
2,titan_028170,0,2067101.0135650444,False
2,titan_028171,0,2107385.261986461,False
2,titan_028172,0,2147676.4804818607,False
2,titan_028173,0,2187970.1216738136,False
2,titan_028174,0,2228261.7212661775,False
2,titan_028175,0,2268547.1013975414,False
2,titan_028176,0,2308822.239374105,False
2,titan_028177,2,2348270.613564823,False
2,titan_028178,0,2385516.3887317446,False
2,titan_028179,0,2422772.9251038153,False
2,titan_028180,0,2460034.6269513927,False
2,titan_028181,2,2497295.9764613933,False
2,titan_028185,1,2638548.815150984,False
2,titan_028186,1,2671758.442006531,False
2,titan_028187,0,2704968.6402629213,False
2,titan_028188,0,2738173.2768223668,False
2,titan_028189,0,2771366.349260415,False
2,titan_028457,0,44999.881971378716,True
2,titan_028458,0,89999.20647183244,True
2,titan_028459,1,134997.29126773347,False
2,titan_028460,1,179993.61927890766,False
2,titan_028461,1,224987.50648496236,False
2,titan_028462,0,269978.4332858267,False
2,titan_028463,0,314965.71243607195,False
2,titan_028464,0,359948.77891064354,False
2,titan_028465,0,404927.06513898703,False
2,titan_028466,0,449899.87630607624,False
2,titan_028467,0,494866.68010814645,False
2,titan_028468,0,539826.77482746,False
2,titan_028469,0,584779.6204540351,False
2,titan_028470,0,629580.3447840549,False
2,titan_028471,0,674240.4913730809,False
2,titan_028472,0,718904.3664792294,False
2,titan_028473,0,763399.4228950241,False
2,titan_028474,0,807666.850601938,False
2,titan_028475,0,851516.8169026965,False
2,titan_028476,0,894836.7212443323,False
2,titan_028477,1,938131.7343385825,False
2,titan_028478,1,981488.6869618358,False
2,titan_028479,1,1024896.9266525694,False
2,titan_028480,1,1068347.5318604428,False
2,titan_028481,0,1111832.6868632424,False
2,titan_028482,0,1155345.7242072218,False
2,titan_028483,0,1198880.8176558712,False
2,titan_028484,0,1242432.7132301803,False
2,titan_028485,0,1285996.8912028992,False
2,titan_028486,0,1329569.1491124048,False
2,titan_028487,0,1373145.8449126533,False
2,titan_028488,0,1416723.5118931064,False
2,titan_028489,0,1460299.127263437,False
2,titan_028490,0,1503869.747204326,False
2,titan_028491,0,1547432.7514766192,False
2,titan_028492,0,1590985.6922689525,False
2,titan_028493,0,1634526.1479219885,False
2,titan_028494,0,1678051.9818346454,False
2,titan_028495,0,1721561.0026704029,False
2,titan_028496,0,1765051.2690637116,False
2,titan_028497,0,1808520.7548981367,False
2,titan_028498,0,1851967.617751286,False
2,titan_028499,0,1894566.068940267,False
2,titan_028500,0,1936502.6560829044,False
2,titan_028501,0,1977557.2527687966,False
2,titan_028502,0,2018132.0393729818,False
2,titan_028503,0,2058712.38725627,False
2,titan_028504,0,2099293.59518457,False
2,titan_028505,0,2139871.321099444,False
2,titan_028506,2,2180441.2597000883,False
2,titan_028507,2,2220999.3832712546,False
2,titan_028508,2,2260561.61832933,False
2,titan_028509,0,2298070.829829682,False
2,titan_028510,0,2335592.045183515,False
2,titan_028511,0,2373119.389091665,False
2,titan_028512,2,2410647.327711518,False
2,titan_028513,0,2448170.3725275476,False
2,titan_028518,1,2621240.171741562,False
2,titan_028519,1,2654685.5829293383,False
2,titan_028520,1,2688122.239158218,False
2,titan_028521,1,2721544.1171150096,False
2,titan_028522,0,2753454.011715269,False
2,titan_028788,0,44999.90434223429,True
2,titan_028789,0,89999.14894307927,True
2,titan_028790,1,134997.0325103781,False
2,titan_028791,2,179992.97643848177,False
2,titan_028792,0,224986.2774639909,False
2,titan_028793,2,269976.2307546247,False
2,titan_028794,0,314962.25295275217,False
2,titan_028795,0,359943.6348690995,False
2,titan_028796,0,404634.65762120613,False
2,titan_028797,0,449178.67114167125,False
2,titan_028798,1,493761.0670792747,False
2,titan_028799,0,538369.9598957775,False
2,titan_028800,1,582863.195979922,False
2,titan_028801,1,626946.9707242836,False
2,titan_028802,0,671086.4962849094,False
2,titan_028803,0,714610.3946407425,False
2,titan_028804,0,758218.6603666856,False
2,titan_028805,0,801897.0567343647,False
2,titan_028806,0,845631.9072458678,False
2,titan_028807,1,889412.0383458384,False
2,titan_028808,1,933228.3171839596,False
2,titan_028809,1,977072.9826683927,False
2,titan_028810,1,1020939.4454758246,False
2,titan_028811,0,1064822.166459416,False
2,titan_028812,0,1108716.2305176246,False
2,titan_028813,0,1152617.3233353326,False
2,titan_028814,0,1196521.7395176427,False
2,titan_028815,0,1240426.0528334482,False
2,titan_028816,0,1284327.1658296897,False
2,titan_028817,0,1328222.3732904396,False
2,titan_028818,0,1372109.0750609236,False
2,titan_028819,0,1415984.8587419596,False
2,titan_028820,0,1459847.5889121944,False
2,titan_028821,0,1503695.1405028207,False
2,titan_028822,0,1547525.4976755618,False
2,titan_028823,0,1591336.8558805333,False
2,titan_028824,0,1635127.3659439546,False
2,titan_028825,0,1678895.2413247356,False
2,titan_028826,0,1722623.5247961099,False
2,titan_028827,0,1764879.9172005304,False
2,titan_028828,0,1807131.5476138631,False
2,titan_028829,0,1848948.8977689545,False
2,titan_028830,0,1889822.9151898918,False
2,titan_028831,0,1930705.3054699237,False
2,titan_028832,0,1971591.1459081867,False
2,titan_028833,0,2012475.7643859189,False
2,titan_028834,0,2053354.8229348988,False
2,titan_028835,0,2094224.0678388514,False
2,titan_028836,0,2135079.419051617,False
2,titan_028837,2,2174474.3757582568,False
2,titan_028838,2,2212263.530834967,False
2,titan_028839,2,2250065.404896975,False
2,titan_028840,2,2287874.0854513044,False
2,titan_028841,0,2325683.7820734954,False
2,titan_028842,0,2363488.9081386332,False
2,titan_028843,0,2401284.164382637,False
2,titan_028844,0,2437404.0252514738,False
2,titan_028849,1,2606388.475915077,False
2,titan_028850,1,2640068.170085616,False
2,titan_028851,0,2673729.291216171,False
2,titan_028852,0,2702900.0662791687,False
2,titan_028853,0,2727639.8233914454,False
2,titan_029116,0,44999.873036560224,True
2,titan_029117,1,89999.06242292542,True
2,titan_029118,1,134996.76156450427,False
2,titan_029119,0,179992.28551841067,False
2,titan_029120,1,224984.9072083681,False
2,titan_029121,0,269626.6371384409,False
2,titan_029122,0,313888.5588950425,False
2,titan_029123,0,358279.4291858636,False
2,titan_029124,1,402754.0478828561,False
2,titan_029125,1,447284.9045612698,False
2,titan_029126,1,491181.61980885436,False
2,titan_029127,0,535067.4709855835,False
2,titan_029128,0,579049.939711238,False
2,titan_029129,5,623105.7750944248,False
2,titan_029130,5,667217.6555345167,False
2,titan_029131,5,711372.2191786245,False
2,titan_029132,0,755559.1199068716,False
2,titan_029133,0,799770.0706421592,False
2,titan_029134,0,843998.3343933098,False
2,titan_029135,1,888238.3377099516,False
2,titan_029136,1,932485.3932061234,False
2,titan_029137,1,976735.5370442064,False
2,titan_029138,1,1020985.2179101311,False
2,titan_029139,0,1065231.4247551644,False
2,titan_029140,0,1109471.4398052867,False
2,titan_029141,0,1153702.8120347094,False
2,titan_029142,0,1197923.3050848965,False
2,titan_029143,0,1242130.8561526395,False
2,titan_029144,0,1286323.5833073542,False
2,titan_029145,0,1330499.598690716,False
2,titan_029146,0,1374657.22771373,False
2,titan_029147,0,1418794.8310427754,False
2,titan_029148,0,1462910.830181262,False
2,titan_029149,0,1507003.6953522079,False
2,titan_029150,0,1551071.9752894451,False
2,titan_029151,0,1593965.091708646,False
2,titan_029152,0,1636553.5887899706,False
2,titan_029153,0,1679136.7242628378,False
2,titan_029154,0,1721517.4264709968,False
2,titan_029155,2,1762707.946291469,False
2,titan_029156,0,1803909.1779191233,False
2,titan_029157,0,1845115.9989972136,False
2,titan_029158,0,1886323.4728845782,False
2,titan_029159,0,1927527.0375672814,False
2,titan_029160,0,1968722.324797433,False
2,titan_029161,0,2009905.1698193338,False
2,titan_029162,0,2051071.5868122927,False
2,titan_029163,2,2089997.679691263,False
2,titan_029164,1,2128084.0114539126,False
2,titan_029165,2,2166183.3669760358,False
2,titan_029166,2,2204289.6286873887,False
2,titan_029167,2,2242396.8939000634,False
2,titan_029168,2,2280499.484558471,False
2,titan_029169,0,2318591.924600506,False
2,titan_029170,0,2355135.6725388584,False
2,titan_029171,0,2390314.4997529914,False
2,titan_029172,0,2424266.3125573425,False
2,titan_029176,0,2560102.0029111635,False
2,titan_029177,0,2594035.286587985,False
2,titan_029178,0,2627945.7302375096,False
2,titan_029179,0,2653768.2689457173,False
2,titan_029180,0,2678707.3464671196,False
2,titan_029442,0,44999.857763225664,True
2,titan_029443,0,89998.922140668,True
2,titan_029444,0,134996.3992757064,False
2,titan_029445,0,179991.5348684172,False
2,titan_029446,1,223754.53174742157,False
2,titan_029447,0,267787.2407678899,False
2,titan_029448,0,312032.6376613885,False
2,titan_029449,0,356408.91357249307,False
2,titan_029450,0,400869.81221011723,False
2,titan_029451,0,445387.2268917253,False
2,titan_029452,0,489942.9037346149,False
2,titan_029453,0,534524.4178507047,False
2,titan_029454,5,579122.7912037729,False
2,titan_029455,0,623731.45952689,False
2,titan_029456,0,668345.3457398986,False
2,titan_029457,0,712960.4606261757,False
2,titan_029458,0,757573.4314524865,False
2,titan_029459,0,802181.5354941947,False
2,titan_029460,0,846782.3972753878,False
2,titan_029461,1,891373.929066797,False
2,titan_029462,1,935954.2996595231,False
2,titan_029463,2,980521.7218213979,False
2,titan_029464,0,1025074.654437114,False
2,titan_029465,0,1069611.6128674168,False
2,titan_029466,0,1114131.2268599016,False
2,titan_029467,0,1158632.0629802279,False
2,titan_029468,0,1203112.8514424067,False
2,titan_029469,0,1247572.3149608253,False
2,titan_029470,0,1292009.2400661174,False
2,titan_029471,0,1336422.309980021,False
2,titan_029472,0,1380774.932207142,False
2,titan_029473,0,1423714.9341690934,False
2,titan_029474,0,1466655.950390135,False
2,titan_029475,0,1509593.7878557257,False
2,titan_029476,0,1552524.6691952506,False
2,titan_029477,0,1595226.9709312385,False
2,titan_029478,0,1636752.9357506528,False
2,titan_029479,0,1678291.3603524151,False
2,titan_029480,0,1719836.8442016398,False
2,titan_029481,0,1761384.3012212252,False
2,titan_029482,0,1802928.9904242784,False
2,titan_029483,0,1844466.327887775,False
2,titan_029484,0,1885992.0774997284,False
2,titan_029485,0,1927502.1718598022,False
2,titan_029486,0,1968742.9171018957,False
2,titan_029487,0,2007124.8860215698,False
2,titan_029488,0,2045526.2911246917,False
2,titan_029489,0,2083940.5161067771,False
2,titan_029490,0,2122361.2838445203,False
2,titan_029491,2,2160782.487205465,False
2,titan_029492,0,2199198.3686122647,False
2,titan_029493,0,2237603.356358216,False
2,titan_029494,0,2274448.941984597,False
2,titan_029495,0,2310450.0248762276,False
2,titan_029496,0,2344677.1797940643,False
2,titan_029497,0,2378916.30244674,False
2,titan_029498,0,2413160.3467637794,False
2,titan_029500,0,2481635.7946047257,False
2,titan_029501,0,2515854.0768268495,False
2,titan_029502,0,2550050.9122764934,False
2,titan_029503,0,2580950.831770268,False
2,titan_029504,0,2606076.488562518,False
2,titan_029505,0,2631226.906055559,False
2,titan_029765,0,44999.835323604,True
2,titan_029766,0,89998.8441443057,True
2,titan_029767,0,134996.07897400932,False
2,titan_029768,0,179990.75192380877,False
2,titan_029769,0,224981.91294592628,False
2,titan_029770,0,269968.7705421801,False
2,titan_029771,0,314950.3700452612,False
2,titan_029772,0,359925.91426617466,False
2,titan_029773,0,404894.4418374104,False
2,titan_029774,1,449855.14777202456,False
2,titan_029775,1,494807.0618913856,False
2,titan_029776,1,539749.3692683055,False
2,titan_029777,5,584681.0887622208,False
2,titan_029778,5,629601.3933184647,False
2,titan_029779,5,674509.2886339448,False
2,titan_029780,0,719403.9332842547,False
2,titan_029781,0,764284.317543164,False
2,titan_029782,0,809149.5833087958,False
2,titan_029783,0,853998.7031005411,False
2,titan_029784,0,898830.7997549672,False
2,titan_029785,0,943644.8256241267,False
2,titan_029786,2,988439.8820112131,False
2,titan_029787,0,1033214.8985946283,False
2,titan_029788,0,1077968.9525726752,False
2,titan_029789,0,1122700.948338194,False
2,titan_029790,0,1167409.9363007534,False
2,titan_029791,0,1210800.5363498435,False
2,titan_029792,0,1254109.7613492652,False
2,titan_029793,0,1297421.1725474102,False
2,titan_029794,0,1340730.5296425861,False
2,titan_029795,0,1384033.8078674267,False
2,titan_029796,0,1427327.4474957415,False
2,titan_029797,0,1470051.3984528927,False
2,titan_029798,0,1511933.4438111829,False
2,titan_029799,0,1553828.923719645,False
2,titan_029801,0,1637637.9534561876,False
2,titan_029802,0,1679541.2860027056,False
2,titan_029803,0,1721437.5163308645,False
2,titan_029804,0,1763322.3672408082,False
2,titan_029805,0,1805191.6454080574,False
2,titan_029806,0,1847041.5096234062,False
2,titan_029807,0,1887137.8510671437,False
2,titan_029808,0,1925854.2159091635,False
2,titan_029809,0,1964589.2991510008,False
2,titan_029810,0,2003336.38382018,False
2,titan_029811,0,2042088.9477250571,False
2,titan_029812,0,2080840.9051849223,False
2,titan_029813,2,2119586.2990101846,False
2,titan_029814,0,2158319.5488327555,False
2,titan_029815,0,2195338.1130683557,False
2,titan_029816,0,2232003.4009126676,False
2,titan_029817,0,2266521.514159797,False
2,titan_029818,0,2301053.656814498,False
2,titan_029819,0,2335592.430797734,False
2,titan_029820,0,2370130.801731877,False
2,titan_029821,0,2404661.8314511245,False
2,titan_029824,0,2508145.248138325,False
2,titan_029825,0,2534494.4785434837,False
2,titan_029826,0,2559845.597178891,False
2,titan_029827,0,2585219.438638819,False
2,titan_029828,0,2610608.446382088,False
2,titan_030084,0,44999.850394210895,True
2,titan_030085,0,68664.35885299026,True
2,titan_030086,0,106989.1360435407,True
2,titan_030087,0,149212.81471836707,False
2,titan_030088,0,192788.16715511153,False
2,titan_030089,0,236968.14733227232,False
2,titan_030090,0,281465.43999386625,False
2,titan_030091,0,326147.31111440563,False
2,titan_030092,0,370944.0364992461,False
2,titan_030093,0,415815.4879954869,False
2,titan_030094,0,460736.6590822845,False
2,titan_030095,0,505691.0937211468,False
2,titan_030096,0,550667.3865331636,False
2,titan_030097,0,595657.2403258539,False
2,titan_030098,5,640654.5201331341,False
2,titan_030099,0,685654.342611059,False
2,titan_030100,0,730652.8106785745,False
2,titan_030101,0,775646.6964551217,False
2,titan_030102,0,820633.215075803,False
2,titan_030103,0,865610.055308649,False
2,titan_030104,0,910433.5619463231,False
2,titan_030105,0,954097.0522925942,False
2,titan_030106,0,997778.8333454246,False
2,titan_030107,0,1041472.4973674831,False
2,titan_030108,0,1085172.574720774,False
2,titan_030109,0,1128874.140075758,False
2,titan_030110,3,1172572.8408072258,False
2,titan_030111,0,1216264.7590199057,False
2,titan_030112,0,1259946.2939672128,False
2,titan_030113,0,1303614.2532556683,False
2,titan_030114,0,1345978.8458474828,False
2,titan_030115,0,1388239.3532952822,False
2,titan_030116,0,1430513.1936273745,False
2,titan_030117,0,1472794.4232549325,False
2,titan_030118,0,1515077.6857009563,False
2,titan_030131,0,2041669.1142665832,False
2,titan_030132,0,2080453.3739742201,False
2,titan_030133,0,2117801.5010055685,False
2,titan_030134,0,2154965.0354052223,False
2,titan_030135,0,2189790.744583371,False
2,titan_030136,0,2224632.079002764,False
2,titan_030137,0,2259481.403449631,False
2,titan_030143,0,2463949.263243329,False
2,titan_030144,0,2489510.40010395,False
2,titan_030145,0,2515099.614742434,False
2,titan_030146,0,2540708.978642571,False
2,titan_030147,0,2566330.7051882935,False
2,titan_030401,0,44999.81106206155,True
2,titan_030402,0,89998.59478954981,True
2,titan_030403,0,132355.3817385212,False
2,titan_030404,0,175127.34176032757,False
2,titan_030405,0,216414.6082860172,False
2,titan_030406,0,258400.19029322226,False
2,titan_030407,0,301374.7524020171,False
2,titan_030408,0,344965.8245354077,False
2,titan_030409,0,388963.12831519864,False
2,titan_030410,0,433239.63372842397,False
2,titan_030411,0,476931.68389960757,False
2,titan_030412,0,520692.55202478165,False
2,titan_030413,0,564555.2957542106,False
2,titan_030414,0,608494.0661507505,False
2,titan_030415,0,652489.4954174215,False
2,titan_030416,0,696526.9283514136,False
2,titan_030417,0,740594.767224232,False
2,titan_030418,0,784683.8816364637,False
2,titan_030419,0,828786.6845880065,False
2,titan_030420,0,872897.0110779935,False
2,titan_030421,0,917009.5017124832,False
2,titan_030422,0,961119.6498866181,False
2,titan_030423,0,1005223.5208180759,False
2,titan_030424,0,1049317.5118847808,False
2,titan_030425,0,1093398.5290403084,False
2,titan_030426,0,1137463.6053198497,False
2,titan_030427,0,1180374.526803956,False
2,titan_030428,0,1223018.9301470504,False
2,titan_030429,0,1265681.6804128028,False
2,titan_030430,0,1308356.0673931325,False
2,titan_030431,0,1351036.128379647,False
2,titan_030432,0,1393716.4353462772,False
2,titan_030433,0,1436391.899557349,False
2,titan_030434,0,1479057.9641962608,False
2,titan_030435,0,1521710.247439545,False
2,titan_030459,0,2420211.018573209,False
2,titan_030460,0,2446025.899765768,False
2,titan_030461,0,2471865.78929663,False
2,titan_030462,0,2497722.6122905547,False
2,titan_030463,0,2523588.468623267,False
2,titan_030715,0,44999.80330364608,True
2,titan_030716,0,89923.74905912094,True
2,titan_030717,0,130620.67224673418,False
2,titan_030718,0,173334.72071130836,False
2,titan_030719,0,216874.28126294058,False
2,titan_030720,0,260822.93684093174,False
2,titan_030721,0,305000.40302191523,False
2,titan_030722,0,349316.13927183667,False
2,titan_030723,0,393719.6912391325,False
2,titan_030724,0,438180.5145252673,False
2,titan_030725,0,482678.7502400501,False
2,titan_030726,2,527200.918807987,False
2,titan_030727,0,571737.3331936834,False
2,titan_030728,0,616280.7924694391,False
2,titan_030729,0,660825.600622743,False
2,titan_030730,0,705367.283868661,False
2,titan_030731,0,749902.1428340517,False
2,titan_030732,0,794426.9160038827,False
2,titan_030733,0,838938.8609116238,False
2,titan_030734,0,883435.4941988081,False
2,titan_030735,0,927914.5935858854,False
2,titan_030736,0,972065.3531621331,False
2,titan_030737,3,1015087.4018891894,False
2,titan_030738,3,1058139.960702859,False
2,titan_030739,0,1101214.4816427042,False
2,titan_030740,0,1144303.5703237678,False
2,titan_030741,0,1187400.6450068315,False
2,titan_030742,0,1230499.8593028423,False
2,titan_030743,0,1273595.83084937,False
2,titan_030744,0,1316683.767434591,False
2,titan_030745,0,1359759.2374718692,False
2,titan_030746,0,1402818.1792488259,False
2,titan_030747,0,1445856.6974394277,False
2,titan_030748,0,1488871.2423712153,False
2,titan_030772,0,2377989.879247409,False
2,titan_030773,0,2404071.5487133125,False
2,titan_030774,0,2430174.5605477085,False
2,titan_030775,0,2456290.607984325,False
2,titan_030776,0,2482411.637001955,False
2,titan_031026,0,44999.80717980085,True
2,titan_031027,0,89998.40562083604,True
2,titan_031028,0,134994.5858781902,False
2,titan_031029,0,179987.1370938921,False
2,titan_031030,0,224974.80764994153,False
2,titan_031031,0,269956.45901784237,False
2,titan_031032,0,314930.83319725405,False
2,titan_031033,2,359896.70656818117,False
2,titan_031034,0,404852.8119164981,False
2,titan_031035,0,449797.99215441255,False
2,titan_031036,0,494730.9679022727,False
2,titan_031037,0,539650.4912139737,False
2,titan_031038,0,584555.3062112438,False
2,titan_031039,0,629444.1097789039,False
2,titan_031040,0,674315.7050107864,False
2,titan_031041,0,719168.7690963601,False
2,titan_031042,0,763250.6507132984,False
2,titan_031043,0,806666.048834621,False
2,titan_031044,0,850125.3008731621,False
2,titan_031045,0,893617.1128480122,False
2,titan_031046,0,937131.9046537833,False
2,titan_031047,0,980661.5534865413,False
2,titan_031048,3,1024199.0152128753,False
2,titan_031049,0,1067738.243361792,False
2,titan_031050,0,1111273.7876461372,False
2,titan_031051,0,1154800.805992201,False
2,titan_031052,0,1198314.9191822072,False
2,titan_031053,0,1241812.087921749,False
2,titan_031054,0,1285288.6937993574,False
2,titan_031055,0,1328741.259852464,False
2,titan_031056,0,1372166.555046354,False
2,titan_031057,0,1415561.4827359112,False
2,titan_031058,0,1456084.8075856934,False
2,titan_031059,0,1496268.1842836218,False
2,titan_031083,0,2363681.321697869,False
2,titan_031084,0,2390059.5210651164,False
2,titan_031085,0,2416446.180694793,False
2,titan_031086,0,2442833.122184219,False
2,titan_031087,0,2469212.282424348,False
2,titan_031333,0,44999.77331147461,True
2,titan_031334,0,74010.71057788115,True
2,titan_031335,0,113314.72234303187,False
2,titan_031336,0,155868.06876808385,False
2,titan_031337,0,199600.0491111903,False
2,titan_031338,0,243873.81998355195,False
2,titan_031339,0,288436.1830506678,False
2,titan_031340,0,333167.25506245834,False
2,titan_031341,0,378002.9876051897,False
2,titan_031342,2,422905.79464960453,False
2,titan_031343,2,466474.9074316124,False
2,titan_031344,0,510135.06245207426,False
2,titan_031345,0,553901.0449452422,False
2,titan_031346,0,597744.7490003182,False
2,titan_031347,0,641645.2854515968,False
2,titan_031348,0,685586.7548494632,False
2,titan_031350,2,773544.9243827737,False
2,titan_031351,2,817543.5178590772,False
2,titan_031352,0,861545.6206128299,False
2,titan_031353,3,905545.3643123292,False
2,titan_031354,3,949537.7719789086,False
2,titan_031355,0,993518.4316071662,False
2,titan_031356,3,1037483.4013705414,False
2,titan_031357,3,1081429.1467207933,False
2,titan_031358,0,1125352.3140009926,False
2,titan_031359,0,1169249.894664291,False
2,titan_031360,0,1213119.0287616851,False
2,titan_031361,0,1256957.0420987962,False
2,titan_031362,0,1300113.4794964783,False
2,titan_031363,0,1340664.4646427613,False
2,titan_031364,0,1381262.136220126,False
2,titan_031365,0,1421896.1389980235,False
2,titan_031366,0,1462556.9188166906,False
2,titan_031390,0,2324892.33933272,False
2,titan_031391,0,2351557.4131334065,False
2,titan_031392,0,2378225.630865498,False
2,titan_031393,0,2404888.653113584,False
2,titan_031394,0,2431538.3097756715,False
2,titan_031638,0,44999.76974616543,True
2,titan_031639,0,85577.26410029008,True
2,titan_031640,2,125852.2301388867,False
2,titan_031641,2,168393.74945075557,False
2,titan_031642,0,211836.92774677655,False
2,titan_031643,2,255718.44761925712,False
2,titan_031644,0,299841.48691023793,False
2,titan_031645,0,344108.529474946,False
2,titan_031646,2,388465.5772132215,False
2,titan_031647,0,432880.0318963007,False
2,titan_031648,0,477330.9382869712,False
2,titan_031649,0,521803.8703846602,False
2,titan_031650,0,566288.4788302393,False
2,titan_031651,0,610776.9824560874,False
2,titan_031652,0,655263.2937960181,False
2,titan_031656,2,833098.5955951323,False
2,titan_031657,0,877512.9209153202,False
2,titan_031658,3,921903.8243502346,False
2,titan_031659,3,966268.8617858515,False
2,titan_031660,3,1010605.7167158303,False
2,titan_031661,3,1054912.131224785,False
2,titan_031662,0,1099186.0306055252,False
2,titan_031663,0,1143360.4389768199,False
2,titan_031664,0,1185002.2288675706,False
2,titan_031665,0,1225989.976774097,False
2,titan_031666,0,1267028.446448007,False
2,titan_031667,0,1308106.2748796828,False
2,titan_031668,0,1349213.1744604371,False
2,titan_031669,0,1390339.905285111,False
2,titan_031670,0,1431477.9293002328,False
2,titan_031694,0,2287744.987676027,False
2,titan_031695,0,2314707.958477321,False
2,titan_031696,0,2341668.0206440277,False
2,titan_031697,0,2368616.6617567996,False
2,titan_031698,0,2392827.74339166,False
2,titan_031940,0,44999.746954672046,True
2,titan_031941,2,89997.96827951743,True
2,titan_031942,0,134993.1374641861,False
2,titan_031943,0,179983.7262364263,False
2,titan_031944,0,224968.2036789609,False
2,titan_031945,0,269945.03534378554,False
2,titan_031946,0,314912.6823629805,False
2,titan_031947,0,359869.60055519047,False
2,titan_031948,0,404814.2395268905,False
2,titan_031949,0,449745.04176753317,False
2,titan_031950,2,494660.4417377232,False
2,titan_031951,0,539558.8649494755,False
2,titan_031952,0,584438.7270377008,False
2,titan_031953,2,629298.4328219601,False
2,titan_031954,0,674136.375357597,False
2,titan_031955,2,718950.9349752833,False
2,titan_031957,2,808503.3573048887,False
2,titan_031958,0,853237.9082297402,False
2,titan_031959,0,897942.41350656,False
2,titan_031960,0,942095.9271519304,False
2,titan_031961,0,985986.6376106549,False
2,titan_031962,0,1028917.663749159,False
2,titan_031963,0,1070593.7108605653,False
2,titan_031964,0,1112049.6317465918,False
2,titan_031965,0,1153558.824008355,False
2,titan_031966,0,1195108.9279822586,False
2,titan_031967,0,1236688.941884635,False
2,titan_031968,0,1278288.9995717513,False
2,titan_031969,0,1319900.1888578245,False
2,titan_031970,0,1361514.402060622,False
2,titan_031971,0,1403124.2123189091,False
2,titan_031972,0,1444722.7706451118,False
2,titan_031973,0,1486303.719757984,False
2,titan_031995,0,2252282.6935100355,False
2,titan_031996,0,2279553.931860108,False
2,titan_031997,0,2306815.319966477,False
2,titan_031998,0,2333489.383076651,False
2,titan_031999,0,2353968.9285861515,False
2,titan_032237,0,44999.719494106066,True
2,titan_032238,0,78084.9459050734,True
2,titan_032239,0,117997.82492158469,False
2,titan_032240,0,160768.53888070083,False
2,titan_032241,2,204608.56865802867,False
2,titan_032242,2,248949.08358467955,False
2,titan_032245,0,383188.8865711795,False
2,titan_032246,2,428113.6141614648,False
2,titan_032247,0,473076.42549706984,False
2,titan_032248,0,518061.7825815181,False
2,titan_032249,0,562812.8331341888,False
2,titan_032250,0,607261.3046755957,False
2,titan_032251,0,651704.7802890277,False
2,titan_032252,0,696138.0097154473,False
2,titan_032255,0,828809.7647505217,False
2,titan_032256,0,872087.6775147499,False
2,titan_032257,0,915002.481463729,False
2,titan_032258,2,956893.9197504483,False
2,titan_032259,0,998854.0954470597,False
2,titan_032260,0,1040867.6517000272,False
2,titan_032261,0,1082921.3560178853,False
2,titan_032262,0,1125003.5859905689,False
2,titan_032263,0,1167104.0661430324,False
2,titan_032264,0,1209213.6307482268,False
2,titan_032265,0,1251324.0678535241,False
2,titan_032266,0,1293427.8266995626,False
2,titan_032267,0,1335518.0994694382,False
2,titan_032268,0,1377588.5797149194,False
2,titan_032269,0,1418959.170812105,False
2,titan_032271,0,1499398.5710094655,False
2,titan_032292,0,2218551.755933111,False
2,titan_032293,0,2246140.610746746,False
2,titan_032294,0,2273711.860238302,False
2,titan_032295,0,2295669.9619969833,False
2,titan_032532,0,44999.68377187921,True
2,titan_032533,0,89997.63247373475,True
2,titan_032534,0,134992.00051704497,False
2,titan_032535,2,179981.0862867902,False
2,titan_032536,2,224963.03914029733,False
2,titan_032540,0,404784.2790423657,False
2,titan_032541,0,449703.9069807807,False
2,titan_032542,0,494605.6877690195,False
2,titan_032543,0,539487.7208188633,False
2,titan_032544,0,584054.7114930456,False
2,titan_032545,0,627816.8268941293,False
2,titan_032546,3,671617.3890842783,False
2,titan_032547,0,715442.6200214034,False
2,titan_032550,0,843945.7275916173,False
2,titan_032551,0,886450.9160647481,False
2,titan_032552,0,929005.8436842406,False
2,titan_032553,2,971596.6287902435,False
2,titan_032554,0,1014211.4353930668,False
2,titan_032555,0,1056839.8384911043,False
2,titan_032556,0,1099472.79718121,False
2,titan_032557,0,1142102.141263463,False
2,titan_032558,0,1184720.661269901,False
2,titan_032559,0,1227321.717987991,False
2,titan_032560,0,1269899.2272147909,False
2,titan_032561,0,1311431.9471207317,False
2,titan_032562,0,1352146.7209320106,False
2,titan_032563,0,1392867.1875378583,False
2,titan_032566,0,1513458.959752527,False
2,titan_032585,0,2158669.1059845067,False
2,titan_032586,0,2186601.084455936,False
2,titan_032587,0,2214515.811096234,False
2,titan_032588,0,2238186.6733305636,False
2,titan_032589,0,2259172.8364806646,False
2,titan_032822,0,44999.68252573454,True
2,titan_032823,0,80213.25552039164,True
2,titan_032824,0,119868.86872977103,False
2,titan_032825,0,162165.33211741457,False
2,titan_032826,0,205473.21522632946,False
2,titan_032827,0,249260.34398549036,False
2,titan_032830,0,381793.0761932844,False
2,titan_032831,2,426139.7146765527,False
2,titan_032832,2,470520.5771514521,False
2,titan_032833,0,514920.01055835135,False
2,titan_032834,0,559326.6838368492,False
2,titan_032835,3,603001.0681232489,False
2,titan_032836,3,645859.4889551144,False
2,titan_032837,3,688820.1509882899,False
2,titan_032838,3,731857.7020260529,False
2,titan_032840,0,818086.2778663534,False
2,titan_032841,0,861247.2098016039,False
2,titan_032842,0,904423.2281175735,False
2,titan_032843,0,947604.5320411903,False
2,titan_032844,0,990782.6198972475,False
2,titan_032845,3,1033950.012732808,False
2,titan_032846,3,1077100.0435814888,False
2,titan_032847,0,1120226.6948521156,False
2,titan_032848,0,1163324.4714504783,False
2,titan_032849,0,1204604.172087722,False
2,titan_032850,0,1245843.267641782,False
2,titan_032851,0,1287087.575448789,False
2,titan_032852,0,1328328.0290805364,False
2,titan_032853,0,1369556.3136179205,False
2,titan_032857,0,1525227.831597797,False
2,titan_032871,0,2015033.9893804498,False
2,titan_032872,0,2043319.019848927,False
2,titan_032873,0,2071616.4239645083,False
2,titan_032874,0,2099915.9478691174,False
2,titan_032875,0,2128207.65925906,False
2,titan_032876,0,2156481.9249872197,False
2,titan_032877,0,2181522.586601599,False
2,titan_032878,0,2202774.021996932,False
2,titan_032879,0,2224039.9423455736,False
2,titan_033109,0,44999.65049467052,True
2,titan_033110,0,89997.286554511,True
2,titan_033111,2,134990.78589497815,False
2,titan_033112,0,179978.13060497894,False
2,titan_033113,0,224957.26372714987,False
2,titan_033117,2,403278.3481353048,False
2,titan_033118,2,446556.8079208113,False
2,titan_033119,2,489994.69948642125,False
2,titan_033120,0,533545.6430915139,False
2,titan_033121,0,577176.5740588118,False
2,titan_033122,3,620863.0217748815,False
2,titan_033123,3,664586.3677822935,False
2,titan_033124,3,708331.9213842119,False
2,titan_033125,0,752087.9561290367,False
2,titan_033127,0,839594.2396358476,False
2,titan_033128,0,883329.3428630708,False
2,titan_033129,0,927043.8725445729,False
2,titan_033130,0,970732.3779417175,False
2,titan_033131,3,1014389.88906782,False
2,titan_033132,3,1056720.9316092818,False
2,titan_033133,3,1098499.7062617259,False
2,titan_033134,0,1140291.4315161991,False
2,titan_033135,0,1182085.912036044,False
2,titan_033136,0,1223873.9616601767,False
2,titan_033137,0,1265647.2641899136,False
2,titan_033138,0,1306779.074353472,False
2,titan_033139,0,1345695.8776952624,False
2,titan_033144,0,1540622.0717661667,False
2,titan_033145,0,1579599.9986523374,False
2,titan_033155,0,1927652.3275143793,False
2,titan_033156,0,1956290.6384399459,False
2,titan_033157,0,1984952.8217200984,False
2,titan_033158,0,2013627.8133486253,False
2,titan_033159,0,2042304.9540471365,False
2,titan_033160,0,2070973.8712807307,False
2,titan_033161,0,2099624.5897108237,False
2,titan_033162,0,2125682.70829486,False
2,titan_033163,0,2147213.4042707374,False
2,titan_033164,0,2168760.8792427233,False
2,titan_033165,0,2190315.8764644675,False
2,titan_033392,3,44999.62200975762,True
2,titan_033393,3,77589.09322818452,True
2,titan_033394,0,116893.01182269244,False
2,titan_033395,0,159054.72294397853,False
2,titan_033396,0,202289.45183856026,False
2,titan_033401,2,422751.83089190314,False
2,titan_033402,2,467093.99345214857,False
2,titan_033403,0,511452.6036213536,False
2,titan_033404,0,555815.7076400425,False
2,titan_033405,3,600174.2724821399,False
2,titan_033406,3,644521.1075346979,False
2,titan_033407,3,688850.1615551614,False
2,titan_033408,0,733156.3475422993,False
2,titan_033409,0,777435.1867727056,False
2,titan_033411,0,865894.6674338971,False
2,titan_033412,3,908466.7000095618,False
2,titan_033413,3,950812.5181083324,False
2,titan_033414,3,993177.530557425,False
2,titan_033415,0,1035550.2921796454,False
2,titan_033416,0,1077920.7490715159,False
2,titan_033417,0,1120279.8442643194,False
2,titan_033418,0,1162619.5100045132,False
2,titan_033419,0,1204126.0275423275,False
2,titan_033420,0,1243567.883747244,False
2,titan_033421,0,1283053.5210840632,False
2,titan_033422,0,1322569.2814325534,False
2,titan_033429,0,1599086.8634503675,False
2,titan_033438,0,1898646.1108793109,False
2,titan_033439,0,1927705.7018675918,False
2,titan_033440,0,1956777.91754728,False
2,titan_033441,0,1985851.6589621115,False
2,titan_033442,0,2014916.1497077693,False
2,titan_033443,0,2043961.0427800433,False
2,titan_033444,0,2070673.8703073722,False
2,titan_033445,0,2092498.8126174835,False
2,titan_033446,0,2114342.537425921,False
2,titan_033447,0,2136195.3516324577,False
2,titan_033672,3,44999.608967403685,True
2,titan_033673,3,89996.81744106876,True
2,titan_033674,0,134989.32735085045,False
2,titan_033675,0,179974.7342355336,False
2,titan_033681,0,449604.6312156427,False
2,titan_033682,0,494473.4591438539,False
2,titan_033683,0,539315.9355525323,False
2,titan_033684,0,584129.6755047147,False
2,titan_033685,0,628912.174509003,False
2,titan_033686,0,673660.9449898232,False
2,titan_033687,0,716941.395779866,False
2,titan_033688,0,759853.2211476304,False
2,titan_033691,0,888753.1950658577,False
2,titan_033692,3,931732.2215387659,False
2,titan_033693,0,974700.5352017297,False
2,titan_033694,0,1017649.9183514514,False
2,titan_033695,0,1060572.9210163157,False
2,titan_033696,0,1101898.9672791352,False
2,titan_033697,0,1141898.3251502626,False
2,titan_033698,0,1181945.3816335828,False
2,titan_033699,0,1222025.290925774,False
2,titan_033700,0,1262124.6680265844,False
2,titan_033701,0,1302231.3612817028,False
2,titan_033709,0,1622172.8281117077,False
2,titan_033716,0,1842116.1165767615,False
2,titan_033717,0,1871594.4410180326,False
2,titan_033718,0,1901084.5067125813,False
2,titan_033719,0,1930574.7445524319,False
2,titan_033720,0,1960054.0143681362,False
2,titan_033721,0,1989511.5716700274,False
2,titan_033722,0,2016504.732023002,False
2,titan_033723,0,2038640.0399025509,False
2,titan_033724,0,2060795.7461466782,False
2,titan_033725,0,2082961.6774602511,False
2,titan_033726,0,2105127.9136006692,False
2,titan_033947,0,44999.558508318,True
2,titan_033948,0,86097.07064991964,True
2,titan_033949,0,126971.46853992663,False
2,titan_033950,0,170111.87614948352,False
2,titan_033951,3,214146.5648709281,False
2,titan_033956,0,437170.50432168273,False
2,titan_033957,0,480484.6087288497,False
2,titan_033958,0,523914.7042044923,False
2,titan_033959,3,567425.0145536251,False
2,titan_033960,0,610989.0095869113,False
2,titan_033961,0,654586.5752671264,False
2,titan_033962,0,698201.7970987249,False
2,titan_033963,0,741821.9514467234,False
2,titan_033964,0,785436.3882567852,False
2,titan_033965,0,829036.2091117986,False
2,titan_033968,0,959564.6131700728,False
2,titan_033969,0,1000090.3705596286,False
2,titan_033970,0,1040683.9628430577,False
2,titan_033971,0,1081327.213073186,False
2,titan_033972,0,1122004.200782956,False
2,titan_033973,0,1162700.6431957243,False
2,titan_033974,0,1203403.8416025932,False
2,titan_033975,0,1244102.191671272,False
2,titan_033976,0,1284785.2315435004,False
2,titan_033985,0,1637733.2037905005,False
2,titan_033990,0,1786720.0782968192,False
2,titan_033991,0,1816639.4765248944,False
2,titan_033992,0,1846568.9193212215,False
2,titan_033993,0,1876496.4325657482,False
2,titan_033994,0,1906410.4212494267,False
2,titan_033995,0,1936299.8128225678,False
2,titan_033996,0,1963186.3240655672,False
2,titan_033997,0,1985649.1920460423,False
2,titan_033998,0,2008133.6330152457,False
2,titan_033999,0,2030629.0173502758,False
2,titan_034000,0,2053124.9277272506,False
2,titan_034001,0,2075611.2819519867,False
2,titan_034218,0,44999.54198946892,True
2,titan_034219,0,73990.1092564673,True
2,titan_034220,0,112744.12668930968,False
2,titan_034221,0,154698.95820249128,False
2,titan_034222,0,197821.5200622152,False
2,titan_034228,3,462238.85299368534,False
2,titan_034229,3,506530.0160089345,False
2,titan_034230,3,550820.7631634142,False
2,titan_034231,3,595101.2874343118,False
2,titan_034232,0,639363.6658371489,False
2,titan_034233,0,683601.263919313,False
2,titan_034236,0,816110.8686542631,False
2,titan_034237,0,857554.9325243977,False
2,titan_034240,0,981222.8807343134,False
2,titan_034241,0,1022532.4476271087,False
2,titan_034242,0,1063858.9033363336,False
2,titan_034243,0,1105189.099893759,False
2,titan_034244,0,1146511.27821828,False
2,titan_034245,0,1187814.8203788993,False
2,titan_034246,0,1229090.0506780902,False
2,titan_034257,0,1641508.3242975187,False
2,titan_034258,0,1671788.9246683328,False
2,titan_034260,0,1732481.2295597368,False
2,titan_034261,0,1762864.9932538895,False
2,titan_034262,0,1793256.259367949,False
2,titan_034263,0,1823642.5615544235,False
2,titan_034264,0,1854011.9461584494,False
2,titan_034265,0,1884352.9516722884,False
2,titan_034266,0,1910731.9175945132,False
2,titan_034267,0,1933540.6501103537,False
2,titan_034268,0,1956371.6781136573,False
2,titan_034269,0,1979213.8201872185,False
2,titan_034270,0,2002056.2056218884,False
2,titan_034271,0,2024888.2588562006,False
2,titan_034485,0,44999.50181263513,True
2,titan_034486,0,89996.07987035422,True
2,titan_034487,0,134986.84184454646,False
2,titan_034488,0,179968.7931368745,False
2,titan_034494,0,449511.431145416,False
2,titan_034495,0,494349.33432161977,False
2,titan_034496,3,539154.7564920327,False
2,titan_034497,3,583924.6020043468,False
2,titan_034498,0,628655.8544322272,False
2,titan_034499,0,672584.3811451927,False
2,titan_034506,0,965663.045294636,False
2,titan_034507,0,1007650.3528875748,False
2,titan_034508,0,1049623.6876720788,False
2,titan_034509,0,1091572.633581334,False
2,titan_034510,0,1133487.854490785,False
2,titan_034511,0,1175360.816892555,False
2,titan_034512,0,1217183.5506294952,False
2,titan_034513,0,1258948.7150996462,False
2,titan_034525,0,1679427.119149301,False
2,titan_034526,0,1710299.4820692942,False
2,titan_034527,0,1741175.7599730697,False
2,titan_034528,0,1772043.0735561864,False
2,titan_034529,0,1802889.1007307225,False
2,titan_034530,0,1833701.959713443,False
2,titan_034531,0,1859157.446474748,False
2,titan_034532,0,1882331.5315169997,False
2,titan_034533,0,1905528.0430816377,False
2,titan_034534,0,1928735.2719359722,False
2,titan_034535,0,1951941.8530692533,False
2,titan_034536,0,1975136.6964721724,False
2,titan_034537,0,1998309.0720732226,False
2,titan_034747,0,44999.471559824386,True
2,titan_034748,0,89951.67772250308,True
2,titan_034749,0,131208.5810756567,False
2,titan_034750,0,174507.98492972305,False
2,titan_034751,0,218631.40671338,False
2,titan_034757,0,485743.58962741756,False
2,titan_034758,0,527799.3277811173,False
2,titan_034759,0,570055.6231213337,False
2,titan_034760,0,612459.580518261,False
2,titan_034761,0,654971.0026182034,False
2,titan_034768,0,953550.5847447548,False
2,titan_034769,0,996164.900429612,False
2,titan_034770,0,1038737.7852098107,False
2,titan_034771,0,1081261.3996731604,False
2,titan_034772,0,1123728.5320040218,False
2,titan_034773,0,1166132.3566255358,False
2,titan_034774,0,1208466.5241961502,False
2,titan_034775,0,1250724.9637379264,False
2,titan_034787,0,1658975.955887692,False
2,titan_034788,0,1690361.1143369323,False
2,titan_034789,0,1721732.2345119768,False
2,titan_034790,0,1753076.557035373,False
2,titan_034791,0,1784062.8296751326,False
2,titan_034792,0,1808481.8428462527,False
2,titan_034793,0,1832041.8744215707,False
2,titan_034794,0,1855623.8755587356,False
2,titan_034795,0,1879215.514928073,False
2,titan_034796,0,1902804.8933799213,False
2,titan_034797,0,1926380.4548018137,False
2,titan_034798,0,1949930.9831124793,False
2,titan_035005,0,44999.4543754236,True
2,titan_035006,0,89995.51369972431,True
2,titan_035007,0,132390.15135219155,False
2,titan_035008,0,175479.92000114042,False
2,titan_035009,0,214605.85647846432,False
2,titan_035010,0,255371.49415521367,False
2,titan_035015,0,468193.0099168427,False
2,titan_035016,0,511443.46625418944,False
2,titan_035017,0,554773.0131564757,False
2,titan_035018,0,598152.3107429997,False
2,titan_035019,0,641558.8767285182,False
2,titan_035026,0,945005.0633530432,False
2,titan_035027,0,988184.2816782142,False
2,titan_035028,0,1031299.6023899473,False
2,titan_035029,0,1074345.2305759906,False
2,titan_035030,0,1117315.5131930844,False
2,titan_035031,0,1160205.1240488472,False
2,titan_035032,0,1203008.8030872608,False
2,titan_035033,0,1244730.5745312574,False
2,titan_035045,0,1640850.8832705773,False
2,titan_035046,0,1672748.9007938814,False
2,titan_035047,0,1704613.5242473711,False
2,titan_035048,0,1734703.6342950754,False
2,titan_035049,0,1758727.198656268,False
2,titan_035050,0,1782694.9672470845,False
2,titan_035051,0,1806683.48241389,False
2,titan_035052,0,1830679.8171891442,False
2,titan_035053,0,1854671.5343459388,False
2,titan_035054,0,1878646.5256640627,False
2,titan_035055,0,1902593.1249358156,False
2,titan_035259,0,44999.40460720553,True
2,titan_035260,0,69535.90162553597,True
2,titan_035261,0,107473.90351891918,True
2,titan_035262,0,149130.49453918362,False
2,titan_035263,0,192092.53622306747,False
2,titan_035264,0,235636.93324768762,False
2,titan_035269,0,455933.66527253884,False
2,titan_035270,0,500120.3546794001,False
2,titan_035271,0,544298.2135407085,False
2,titan_035272,0,588456.1833611947,False
2,titan_035273,0,632585.1927065158,False
2,titan_035279,0,896372.7173872582,False
2,titan_035280,0,940120.5549532297,False
2,titan_035281,0,983793.1243534266,False
2,titan_035282,0,1027385.7244052095,False
2,titan_035283,0,1070721.922164654,False
2,titan_035285,0,1154776.8644705897,False
2,titan_035286,0,1194725.316891303,False
2,titan_035287,0,1232706.5647951304,False
2,titan_035288,0,1268246.048161402,False
2,titan_035299,0,1625136.9696755975,False
2,titan_035300,0,1657543.9166215973,False
2,titan_035301,0,1685553.3568419132,False
2,titan_035302,0,1709919.1209378832,False
2,titan_035303,0,1734317.5781634115,False
2,titan_035304,0,1758734.7047912925,False
2,titan_035305,0,1783156.99014615,False
2,titan_035306,0,1807571.3894722685,False
2,titan_035307,0,1831965.2954188415,False
2,titan_035308,0,1856326.4941520751,False
2,titan_035309,0,1876417.1078777728,False
2,titan_035509,0,44999.33228150311,True
2,titan_035510,0,89994.82732731021,True
2,titan_035511,0,134982.58422126994,False
2,titan_035512,0,179958.72880840304,False
2,titan_035513,0,224919.35004766245,False
2,titan_035514,0,269860.62115216,False
2,titan_035515,0,314778.6127664375,False
2,titan_035516,0,359669.4141229323,False
2,titan_035517,0,404529.10019106936,False
2,titan_035518,0,449353.69893236255,False
2,titan_035519,0,494139.31202946894,False
2,titan_035520,0,538881.9285934034,False
2,titan_035521,0,583577.5459279808,False
2,titan_035522,0,628222.1061672717,False
2,titan_035527,0,850536.6891148988,False
2,titan_035528,0,894538.5696597295,False
2,titan_035529,0,938217.5875576036,False
2,titan_035530,0,981274.6333605358,False
2,titan_035531,0,1023697.1592590903,False
2,titan_035532,0,1065207.7142015537,False
2,titan_035535,0,1181204.1453653798,False
2,titan_035536,0,1216058.0168626062,False
2,titan_035537,0,1248977.6262197737,False
2,titan_035548,0,1610461.5219831348,False
2,titan_035549,0,1637264.2990349394,False
2,titan_035550,0,1662087.143078713,False
2,titan_035551,0,1686940.3200377906,False
2,titan_035552,0,1711809.167709538,False
2,titan_035553,0,1736679.5221580104,False
2,titan_035554,0,1761537.7505173755,False
2,titan_035555,0,1786370.7007831018,False
2,titan_035556,0,1810783.6485973913,False
2,titan_035557,0,1830261.1353555326,False
2,titan_035754,0,44999.30172862329,True
2,titan_035755,0,89994.45444231566,True
2,titan_035756,0,134981.3069738468,False
2,titan_035757,0,179955.73407565296,False
2,titan_035758,0,224408.41067235844,False
2,titan_035759,0,269009.4634533204,False
2,titan_035760,0,313806.76368367096,False
2,titan_035761,0,358713.53692696855,False
2,titan_035762,0,403679.5106971873,False
2,titan_035763,0,448672.8915079858,False
2,titan_035764,0,493671.8963623176,False
2,titan_035765,0,538660.5908808556,False
2,titan_035766,0,583474.2992002355,False
2,titan_035767,0,628093.0966404742,False
2,titan_035768,0,672652.8253617691,False
2,titan_035771,0,805229.161225797,False
2,titan_035772,0,848813.2664428235,False
2,titan_035773,0,891867.5213427141,False
2,titan_035774,0,934249.953761452,False
2,titan_035775,0,975892.4827370929,False
2,titan_035776,0,1016596.6675732675,False
2,titan_035777,0,1055963.0589079994,False
2,titan_035778,0,1093984.034696065,False
2,titan_035780,0,1164547.1934455396,False
2,titan_035781,0,1197857.9804683924,False
2,titan_035782,0,1231294.1667052803,False
2,titan_035792,0,1564162.1351530023,False
2,titan_035793,0,1589958.7739813868,False
2,titan_035794,0,1615264.896591493,False
2,titan_035795,0,1640597.9563093644,False
2,titan_035796,0,1665942.5662560307,False
2,titan_035797,0,1691283.9297769186,False
2,titan_035798,0,1716607.8161771735,False
2,titan_035799,0,1741900.5391084151,False
2,titan_035800,0,1765117.0744805734,False
2,titan_035801,0,1784964.2689670573,False
2,titan_035994,0,44999.2520796114,True
2,titan_035995,0,89994.08240632075,True
2,titan_035996,0,134979.9779725677,False
2,titan_035997,0,179952.51019163802,False
2,titan_035998,0,224907.21397633452,False
2,titan_035999,0,269839.6151165691,False
2,titan_036000,0,314745.2575839946,False
2,titan_036001,0,359619.5828621695,False
2,titan_036002,0,404458.1052575052,False
2,titan_036003,0,449256.2911836918,False
2,titan_036004,0,494009.5864706123,False
2,titan_036005,0,538713.4435087559,False
2,titan_036006,0,583363.2011043809,False
2,titan_036007,0,627954.2589685296,False
2,titan_036008,0,671960.1564059854,False
2,titan_036009,0,715864.6510493411,False
2,titan_036010,0,759429.3988746917,False
2,titan_036011,0,802514.05593222,False
2,titan_036012,0,844992.2327540414,False
2,titan_036013,0,886849.8345049871,False
2,titan_036014,0,927857.354751571,False
2,titan_036015,0,967832.4038999092,False
2,titan_036016,0,1006628.5914997422,False
2,titan_036017,0,1044027.6745538657,False
2,titan_036018,0,1079739.4177274501,False
2,titan_036020,0,1147967.4875573155,False
2,titan_036021,0,1182123.5200270733,False
2,titan_036022,0,1216369.8542596328,False
2,titan_036032,0,1543674.0147861515,False
2,titan_036033,0,1569490.7549386565,False
2,titan_036034,0,1595329.830672017,False
2,titan_036035,0,1621175.1361296,False
2,titan_036036,0,1647011.1839138896,False
2,titan_036037,0,1672823.1591315565,False
2,titan_036038,0,1698596.806436226,False
2,titan_036039,0,1720321.9473773874,False
2,titan_036040,0,1740558.3083630647,False
2,titan_036229,0,44999.20393908736,True
2,titan_036230,0,89993.63050751796,True
2,titan_036231,0,134978.4999232068,False
2,titan_036232,0,179949.0275807768,False
2,titan_036233,0,224900.42163884427,False
2,titan_036234,0,269827.8806060274,False
2,titan_036235,0,314726.5909252964,False
2,titan_036236,0,359591.724556297,False
2,titan_036237,0,404418.43655531504,False
2,titan_036238,0,449201.8626525923,False
2,titan_036239,0,493937.11682675587,False
2,titan_036240,0,538482.8962273909,False
2,titan_036241,0,582489.4151105543,False
2,titan_036242,0,626452.5448646356,False
2,titan_036243,0,670152.8670670773,False
2,titan_036244,0,713241.8707957242,False
2,titan_036245,0,755981.855294175,False
2,titan_036246,0,798132.5314926384,False
2,titan_036247,0,839411.6107262768,False
2,titan_036248,0,879884.6781084689,False
2,titan_036249,0,919356.9965615205,False
2,titan_036250,0,957673.8195968852,False
2,titan_036251,0,994563.6245065208,False
2,titan_036252,0,1029889.6509225226,False
2,titan_036253,0,1064567.0962410949,False
2,titan_036255,0,1134296.2446038048,False
2,titan_036256,0,1169290.9368828807,False
2,titan_036257,0,1204338.7021506769,False
2,titan_036267,0,1524807.992081182,False
2,titan_036268,0,1551180.125752712,False
2,titan_036269,0,1577551.7400562726,False
2,titan_036270,0,1603906.7265361655,False
2,titan_036271,0,1630229.6565815518,False
2,titan_036272,0,1655778.0965416105,False
2,titan_036273,0,1676432.8527795135,False
2,titan_036274,0,1696067.0542772317,False
2,titan_036275,0,1710814.878391852,False
2,titan_036460,0,44999.13217958172,True
2,titan_036461,0,89993.16352061872,True
2,titan_036462,0,134976.905254884,False
2,titan_036463,0,179945.27733994275,False
2,titan_036464,0,224893.07829461704,False
2,titan_036465,0,269815.2101860384,False
2,titan_036466,0,314706.4486457283,False
2,titan_036467,0,359561.6676210077,False
2,titan_036468,0,404375.6096756037,False
2,titan_036469,0,448989.0791664037,False
2,titan_036470,0,493012.811892954,False
2,titan_036471,0,537012.6119250581,False
2,titan_036472,0,580975.5446976243,False
2,titan_036473,0,624101.9211385897,False
2,titan_036474,0,667142.6675019831,False
2,titan_036475,0,709359.8521731911,False
2,titan_036476,0,751158.2763221439,False
2,titan_036477,0,792181.9528729299,False
2,titan_036478,0,832187.2603406009,False
2,titan_036479,0,871223.5875508827,False
2,titan_036480,0,909127.0000575251,False
2,titan_036481,0,945685.5357444552,False
2,titan_036482,0,981041.1174517763,False
2,titan_036483,0,1016550.5582737209,False
2,titan_036484,0,1052179.7468407478,False
2,titan_036487,0,1159495.5963684025,False
2,titan_036488,0,1195327.1340161776,False
2,titan_036497,0,1481265.2425909603,False
2,titan_036498,0,1508198.2251482843,False
2,titan_036499,0,1535122.3711444945,False
2,titan_036500,0,1562020.963094633,False
2,titan_036501,0,1588877.955948447,False
2,titan_036502,0,1612397.6456792061,False
2,titan_036503,0,1633488.4006475382,False
2,titan_036504,0,1651720.3899293547,False
2,titan_036505,0,1666786.6865470142,False
2,titan_036686,0,44999.06708407087,True
2,titan_036687,0,89992.65209491184,True
2,titan_036688,0,134975.18672393286,False
2,titan_036689,0,179941.2086538046,False
2,titan_036690,0,224885.1361538267,False
2,titan_036691,0,269801.4880207895,False
2,titan_036692,0,314684.65836628265,False
2,titan_036693,0,359529.1363126042,False
2,titan_036694,0,403590.79999447224,False
2,titan_036695,0,447587.221522932,False
2,titan_036696,0,491572.6865791695,False
2,titan_036697,0,535185.8746528348,False
2,titan_036698,0,578158.2516748415,False
2,titan_036699,0,620997.6770711882,False
2,titan_036700,0,662909.1729038247,False
2,titan_036701,0,704334.9019898437,False
2,titan_036702,0,745097.1405574774,False
2,titan_036703,0,784788.8970751577,False
2,titan_036704,0,823462.4295585221,False
2,titan_036705,0,861024.5121795749,False
2,titan_036706,0,897338.7939571947,False
2,titan_036707,0,933592.7681128844,False
2,titan_036708,0,969981.5240051441,False
2,titan_036709,0,1006470.4919029014,False
2,titan_036710,0,1043029.0884236414,False
2,titan_036711,0,1079629.922925211,False
2,titan_036723,0,1466439.164881809,False
2,titan_036724,0,1493942.4277440016,False
2,titan_036725,0,1521409.4649837497,False
2,titan_036726,0,1548425.7858025753,False
2,titan_036727,0,1569981.9833302367,False
2,titan_036728,0,1591531.6218918564,False
2,titan_036729,0,1608044.3218075796,False
2,titan_036730,0,1623448.2221700605,False
2,titan_036907,0,44999.013521736044,True
2,titan_036908,0,89992.10470853963,True
2,titan_036909,0,134973.34838707748,False
2,titan_036910,0,179936.81370765332,False
2,titan_036911,0,224876.5613071489,False
2,titan_036912,0,269786.6404733298,False
2,titan_036913,0,314353.98214447615,False
2,titan_036914,0,358264.7189099054,False
2,titan_036915,0,402215.8346152893,False
2,titan_036916,0,446175.2011062373,False
2,titan_036917,0,489466.18079563626,False
2,titan_036918,0,532336.595493508,False
2,titan_036919,0,574903.2696441507,False
2,titan_036920,0,616650.098161112,False
2,titan_036921,0,657794.3682674675,False
2,titan_036922,0,698322.5116283349,False
2,titan_036923,0,737721.1499483051,False
2,titan_036924,0,776112.9280293494,False
2,titan_036925,0,813413.3032346823,False
2,titan_036926,0,850466.7525293786,False
2,titan_036927,0,887669.3325712625,False
2,titan_036928,0,924981.8646981327,False
2,titan_036929,0,962370.155009653,False
2,titan_036930,0,999804.0948879822,False
2,titan_036931,0,1037256.9411777278,False
2,titan_036932,0,1074704.7369505162,False
2,titan_036943,0,1425963.901032803,False
2,titan_036944,0,1454072.9623839883,False
2,titan_036945,0,1482133.202873556,False
2,titan_036946,0,1506531.8357826672,False
2,titan_036947,0,1528578.1497531766,False
2,titan_036948,0,1549335.0337699542,False
2,titan_036949,0,1565071.7937335775,False
2,titan_036950,0,1580833.4100018726,False
2,titan_037123,0,44998.9257469537,True
2,titan_037124,0,89991.50803305117,True
2,titan_037125,0,134971.32061354263,False
2,titan_037126,0,179932.03763803432,False
2,titan_037127,0,224867.21795644952,False
2,titan_037128,0,269248.5068818435,False
2,titan_037129,0,313037.6675571325,False
2,titan_037130,0,356914.8618066106,False
2,titan_037131,0,400829.9348062465,False
2,titan_037132,0,443924.43974546075,False
2,titan_037133,0,486658.7717935558,False
2,titan_037134,0,529070.6584503506,False
2,titan_037135,0,570611.2190879945,False
2,titan_037136,0,611578.5696528725,False
2,titan_037137,0,651947.790536146,False
2,titan_037138,0,691025.855636184,False
2,titan_037139,0,729226.6189898626,False
2,titan_037140,0,767144.2553626748,False
2,titan_037141,0,805223.4376976073,False
2,titan_037142,0,843419.7375624075,False
2,titan_037143,0,881695.058095519,False
2,titan_037144,0,920016.5214676146,False
2,titan_037145,0,958355.2844561636,False
2,titan_037146,0,996685.9348058214,False
2,titan_037147,0,1034985.691546889,False
2,titan_037148,0,1073234.0952474745,False
2,titan_037159,0,1415580.8908979474,False
2,titan_037160,0,1443107.7668474324,False
2,titan_037161,0,1465676.2127391456,False
2,titan_037162,0,1488238.2922170896,False
2,titan_037163,0,1506720.3074308468,False
2,titan_037164,0,1522839.8150831612,False
2,titan_037165,0,1538980.2581971474,False
2,titan_037334,0,44998.85789069411,True
2,titan_037335,0,89990.8586413218,True
2,titan_037336,0,134969.14196809608,False
2,titan_037337,0,179926.84130122152,False
2,titan_037338,0,224372.69712463598,False
2,titan_037339,0,267955.9949105135,False
2,titan_037340,0,311711.3371545837,False
2,titan_037341,0,355553.0718196444,False
2,titan_037342,0,398608.93056647497,False
2,titan_037343,0,441157.3083418079,False
2,titan_037344,0,483555.86503726477,False
2,titan_037345,0,524832.7880054734,False
2,titan_037346,0,565744.8148630651,False
2,titan_037347,0,605796.0770917705,False
2,titan_037348,0,644758.8408938309,False
2,titan_037349,0,683617.9357949693,False
2,titan_037350,0,722646.759442086,False
2,titan_037351,0,761795.0930957025,False
2,titan_037352,0,801021.0093752249,False
2,titan_037353,0,840288.9902220713,False
2,titan_037354,0,879568.5215297773,False
2,titan_037355,0,918833.0095354398,False
2,titan_037357,0,997225.7285629881,False
2,titan_037358,0,1036314.1059742594,False
2,titan_037359,0,1072665.8197432377,False
2,titan_037369,0,1378539.2290127985,False
2,titan_037370,0,1402795.2474580144,False
2,titan_037371,0,1425916.061790925,False
2,titan_037372,0,1448369.7946538676,False
2,titan_037373,0,1464864.3969214126,False
2,titan_037374,0,1481389.9065563,False
2,titan_037375,0,1497931.1876063305,False
2,titan_037540,0,44998.7840382428,True
2,titan_037541,0,89990.15455291173,True
2,titan_037542,0,134966.74536588546,False
2,titan_037543,0,179893.7865574098,False
2,titan_037544,0,223104.72211947906,False
2,titan_037545,0,266652.33741996356,False
2,titan_037546,0,310371.9883719538,False
2,titan_037547,0,353594.28393690055,False
2,titan_037548,0,395881.3928942489,False
2,titan_037549,0,438355.2089214081,False
2,titan_037550,0,479372.215357891,False
2,titan_037551,0,520372.41131336434,False
2,titan_037552,0,560026.5332921839,False
2,titan_037553,0,599920.3387025852,False
2,titan_037554,0,639983.502167612,False
2,titan_037555,0,680160.3017195514,False
2,titan_037556,0,720405.6230998461,False
2,titan_037557,0,760682.145757705,False
2,titan_037558,0,800958.5498416355,False
2,titan_037559,0,841207.9257410418,False
2,titan_037560,0,881406.89989072,False
2,titan_037561,0,921534.7991587993,False
2,titan_037564,0,1033499.184348464,False
2,titan_037565,0,1068857.9060383276,False
2,titan_037575,0,1363612.9948923187,False
2,titan_037576,0,1387314.683244916,False
2,titan_037577,0,1406882.3377662166,False
2,titan_037578,0,1423812.8055426313,False
2,titan_037579,0,1440768.5942342905,False
2,titan_037580,0,1457733.5591739086,False
2,titan_037741,0,44998.6677544906,True
2,titan_037742,0,89989.3669151434,True
2,titan_037743,0,134964.1254320222,False
2,titan_037744,0,178654.4698476546,False
2,titan_037745,0,221824.24936964404,False
2,titan_037746,0,265334.28755252867,False
2,titan_037747,0,308999.82864773093,False
2,titan_037748,0,350907.25044496317,False
2,titan_037749,0,393115.4256613445,False
2,titan_037750,0,434312.751097045,False
2,titan_037751,0,475121.6959795128,False
2,titan_037752,0,516161.9141781883,False
2,titan_037753,0,557355.1116391587,False
2,titan_037754,0,598642.0846194408,False
2,titan_037755,0,639976.6971278538,False
2,titan_037756,0,681321.9950128429,False
2,titan_037757,0,722647.5118275207,False
2,titan_037758,0,763927.6292704211,False
2,titan_037759,0,805140.2493796714,False
2,titan_037760,0,846265.9383183361,False
2,titan_037761,0,887218.0308429871,False
2,titan_037765,0,1030294.3641754551,False
2,titan_037766,0,1061231.4001539298,False
2,titan_037775,4,1325630.45109673,False
2,titan_037776,0,1348865.9807808772,False
2,titan_037777,0,1366223.2662621327,False
2,titan_037778,0,1383616.418593826,False
2,titan_037779,0,1401027.6758786724,False
2,titan_037936,0,44998.56537034306,True
2,titan_037937,0,89988.52624037044,True
2,titan_037938,0,134961.27449968233,False
2,titan_037939,0,177401.32025683555,False
2,titan_037940,0,220527.91295495373,False
2,titan_037941,0,263998.3398979499,False
2,titan_037942,0,306357.42465072375,False
2,titan_037943,0,348178.1514613879,False
2,titan_037944,0,390303.0376885698,False
2,titan_037946,0,475034.689209694,False
2,titan_037947,0,517506.43107029324,False
2,titan_037948,0,559988.3206405983,False
2,titan_037949,0,602447.8720837034,False
2,titan_037950,0,644858.8252000101,False
2,titan_037951,0,687199.2091071602,False
2,titan_037952,0,729450.0776263347,False
2,titan_037953,0,771594.6600279791,False
2,titan_037954,0,811445.4053027648,False
2,titan_037955,0,848719.1344641693,False
2,titan_037960,0,1022556.2973472258,False
2,titan_037961,0,1054464.1982802686,False
2,titan_037962,0,1086395.207156931,False
2,titan_037969,0,1288924.180615572,False
2,titan_037970,0,1308592.7171071013,False
2,titan_037971,0,1326448.4468760656,False
2,titan_037972,0,1344332.1479731905,False
2,titan_037973,0,1362224.8504201162,False
2,titan_038126,0,44998.43328297554,True
2,titan_038127,0,89987.58679929093,True
2,titan_038128,0,133786.5238794798,False
2,titan_038129,0,176130.7863194087,False
2,titan_038130,0,219211.9467276554,False
2,titan_038131,0,262640.48797524144,False
2,titan_038132,0,306239.9987160102,False
2,titan_038136,0,480932.1905453207,False
2,titan_038137,0,524503.4801535008,False
2,titan_038138,0,567991.4730304389,False
2,titan_038139,0,611380.715570502,False
2,titan_038140,0,654657.3572719013,False
2,titan_038141,0,697193.5665155085,False
2,titan_038142,0,735483.351565224,False
2,titan_038143,0,773831.0436524575,False
2,titan_038144,0,812196.1852144344,False
2,titan_038145,0,850543.8327500162,False
2,titan_038150,0,1018295.4942494604,False
2,titan_038151,0,1051134.470586464,False
2,titan_038152,0,1083939.2480610614,False
2,titan_038159,0,1269235.4372995803,False
2,titan_038160,0,1287620.4587268042,False
2,titan_038161,0,1306023.4013745824,False
2,titan_038162,0,1324424.0546798597,False
2,titan_038311,0,44998.331237695296,True
2,titan_038312,0,89986.58965492934,True
2,titan_038313,0,134954.6758917837,False
2,titan_038314,0,179892.5507468888,False
2,titan_038315,0,224790.07279478395,False
2,titan_038316,0,269637.1755786785,False
2,titan_038320,0,448318.1325609457,False
2,titan_038321,0,492760.54149000987,False
2,titan_038322,0,537091.2785055377,False
2,titan_038323,0,580564.2777893628,False
2,titan_038324,0,619921.538360271,False
2,titan_038325,0,659375.8546874885,False
2,titan_038326,0,698876.1376809519,False
2,titan_038327,0,738380.0061490354,False
2,titan_038328,0,777851.6590327923,False
2,titan_038329,0,815139.5424541832,False
2,titan_038335,0,1017649.7738722473,False
2,titan_038336,0,1051365.0919193467,False
2,titan_038337,0,1084987.349136623,False
2,titan_038343,0,1230863.031528621,False
2,titan_038344,0,1249809.1733310313,False
2,titan_038345,0,1268760.6596079275,False
2,titan_038346,0,1287695.9769346993,False
2,titan_038489,0,44998.17074406898,True
2,titan_038490,0,70235.76635233924,True
2,titan_038491,0,109297.52096122706,False
2,titan_038492,0,152068.19186779385,False
2,titan_038493,0,196108.83378400694,False
2,titan_038494,0,240692.70513017272,False
2,titan_038499,0,461395.5680220364,False
2,titan_038500,0,501892.38495242834,False
2,titan_038501,0,542529.0585938012,False
2,titan_038502,0,583239.2962207599,False
2,titan_038503,0,623971.1704229985,False
2,titan_038504,0,664682.7115481052,False
2,titan_038505,0,705339.1671157923,False
2,titan_038506,0,742561.338543125,False
2,titan_038507,0,777181.9515787418,False
2,titan_038508,0,811934.6350451086,False
2,titan_038514,0,1020727.227263558,False
2,titan_038516,0,1078403.0266761202,False
2,titan_038521,2,1193552.6748436238,False
2,titan_038522,0,1213092.3637156212,False
2,titan_038523,0,1232621.8880975344,False
2,titan_038524,0,1252118.4106279528,False
2,titan_038663,0,44998.029050255725,True
2,titan_038664,0,89984.17007386887,True
2,titan_038665,0,131425.05092710574,False
2,titan_038666,0,173610.96482388434,False
2,titan_038667,0,216556.5210577777,False
2,titan_038672,0,423256.41334960447,False
2,titan_038673,0,465277.3365317705,False
2,titan_038674,0,507325.6033539253,False
2,titan_038675,0,549354.2039530308,False
2,titan_038676,0,591326.1773148106,False
2,titan_038677,0,633211.155423907,False
2,titan_038678,0,669455.6626437048,False
2,titan_038679,0,705193.2007262231,False
2,titan_038680,0,741072.6930890443,False
2,titan_038681,0,777035.9349368719,False
2,titan_038688,0,1016270.3834266373,False
2,titan_038690,0,1072626.3861226272,False
2,titan_038694,0,1157390.3469358226,False
2,titan_038695,0,1177556.2286492519,False
2,titan_038696,0,1197693.0054155858,False
2,titan_038831,0,44997.84068977758,True
2,titan_038832,0,89982.76499050928,True
2,titan_038833,0,130172.29233682729,False
2,titan_038834,0,172287.3561729319,False
2,titan_038835,0,215176.56216857734,False
2,titan_038839,0,388739.51005952887,False
2,titan_038840,0,432153.0236188376,False
2,titan_038841,0,475489.7965343901,False
2,titan_038842,0,518724.47600344964,False
2,titan_038843,0,559047.8675788669,False
2,titan_038844,0,595781.617440052,False
2,titan_038845,0,632740.5743667631,False
2,titan_038846,0,669845.7639565297,False
2,titan_038847,0,707031.9780592871,False
2,titan_038848,0,744244.4073473247,False
2,titan_038855,0,983057.4496842538,False
2,titan_038856,0,1012176.1142988615,False
2,titan_038858,0,1059963.5135604644,False
2,titan_038861,0,1122471.7241972333,False
2,titan_038862,0,1143295.9928862893,False
2,titan_038863,0,1164068.2856282452,False
2,titan_038994,0,44997.64446798095,True
2,titan_038995,0,89981.21988966482,True
2,titan_038996,0,134936.59335101998,False
2,titan_038997,0,179849.6832597851,False
2,titan_039002,0,403286.2645743749,False
2,titan_039003,0,445731.91937368014,False
2,titan_039004,0,483459.3658582601,False
2,titan_039005,0,521532.19763976324,False
2,titan_039006,0,559834.9505105228,False
2,titan_039007,0,598277.6936802665,False
2,titan_039008,0,636788.7420379313,False
2,titan_039009,0,675309.5738523052,False
2,titan_039010,0,713791.2940048594,False
2,titan_039011,0,752192.2809602257,False
2,titan_039014,0,861133.8951406218,False
2,titan_039015,0,891284.3379954239,False
2,titan_039016,0,921454.082118688,False
2,titan_039017,0,951600.492909327,False
2,titan_039018,0,981197.3392670713,False
2,titan_039019,0,1002647.1515697173,False
2,titan_039020,0,1024177.3543779927,False
2,titan_039021,0,1045752.1254340456,False
2,titan_039022,0,1067337.7454329059,False
2,titan_039023,0,1088902.4107261002,False
2,titan_039024,0,1110416.0559589444,False
2,titan_039025,0,1127999.3357302775,False
2,titan_039150,0,44997.43249489601,True
2,titan_039151,0,73077.70686353587,True
2,titan_039152,0,112746.81626912489,False
2,titan_039153,0,155781.22593857523,False
2,titan_039158,0,367974.5795003784,False
2,titan_039159,0,407200.851679045,False
2,titan_039160,0,446774.8956829481,False
2,titan_039161,0,486562.53175236203,False
2,titan_039162,0,526465.0995818048,False
2,titan_039163,0,566407.3311216163,False
2,titan_039164,0,606329.7962426299,False
2,titan_039165,0,646184.0579627788,False
2,titan_039166,0,685929.4811640971,False
2,titan_039167,0,725531.078721629,False
2,titan_039168,0,764958.0254489844,False
2,titan_039169,0,797067.8192993603,False
2,titan_039170,0,828326.1186952034,False
2,titan_039171,0,859607.4737357164,False
2,titan_039172,0,890864.2006783676,False
2,titan_039173,0,922053.309911211,False
2,titan_039174,0,945071.1240232163,False
2,titan_039175,0,967376.2541580416,False
2,titan_039176,0,989738.6215886079,False
2,titan_039177,0,1012119.981870333,False
2,titan_039178,0,1034484.4799843847,False
2,titan_039179,0,1056798.444061007,False
2,titan_039180,0,1079030.1958494354,False
2,titan_039302,0,44997.193165850935,True
2,titan_039303,0,87969.49175548067,True
2,titan_039304,0,127845.84701160455,False
2,titan_039309,0,330478.03806971747,False
2,titan_039310,0,371744.89401179476,False
2,titan_039311,0,413167.72025963844,False
2,titan_039312,0,454648.7647409523,False
2,titan_039313,0,496117.3418680233,False
2,titan_039314,0,537519.5269404572,False
2,titan_039315,0,578812.0628969783,False
2,titan_039316,0,619958.8961038301,False
2,titan_039317,0,660928.8046025813,False
2,titan_039318,0,700144.3203012327,False
2,titan_039319,0,732523.6079245195,False
2,titan_039320,0,764987.4986883617,False
2,titan_039321,0,797475.6615019108,False
2,titan_039322,0,829934.8542719305,False
2,titan_039323,0,862317.677612218,False
2,titan_039324,0,887173.8960769533,False
2,titan_039325,0,910319.0689159832,False
2,titan_039326,0,933535.6115169202,False
2,titan_039327,0,956779.8873935048,False
2,titan_039328,0,980011.2736194606,False
2,titan_039329,0,1003191.8991621048,False
2,titan_039330,0,1026286.3149598287,False
2,titan_039331,0,1042505.9377214599,False
2,titan_039448,0,44996.91325877712,True
2,titan_039449,0,86766.13928594101,True
2,titan_039455,0,340247.8757379369,False
2,titan_039456,0,383368.68449161097,False
2,titan_039457,0,426399.7531379926,False
2,titan_039458,0,469303.2805267936,False
2,titan_039459,0,512047.9860649464,False
2,titan_039460,0,554606.6102872508,False
2,titan_039461,0,596954.3671771786,False
2,titan_039462,0,633749.1282024236,False
2,titan_039463,0,667440.3815680783,False
2,titan_039464,0,701221.0989410521,False
2,titan_039465,0,735023.0632209121,False
2,titan_039466,0,768787.1312447031,False
2,titan_039467,0,802461.4191610875,False
2,titan_039468,0,828885.1127573905,False
2,titan_039469,0,852944.3929053559,False
2,titan_039470,0,877090.7823070687,False
2,titan_039471,0,901274.2102504992,False
2,titan_039472,0,925448.414656041,False
2,titan_039473,0,949570.6030183602,False
2,titan_039474,0,973601.0150391053,False
2,titan_039475,0,992262.4233764778,False
2,titan_039588,0,44996.58899114764,True
2,titan_039589,0,89972.70418328785,True
2,titan_039594,0,313829.1946326592,False
2,titan_039595,0,358252.1254871993,False
2,titan_039596,0,402511.009501147,False
2,titan_039597,0,446585.2672789624,False
2,titan_039598,0,490454.2958828108,False
2,titan_039599,0,531676.5562875433,False
2,titan_039600,0,566632.9506257421,False
2,titan_039601,0,601769.0734619434,False
2,titan_039602,0,636993.0831642137,False
2,titan_039603,0,672228.416046751,False
2,titan_039604,0,707410.1248807803,False
2,titan_039605,0,742482.1916721697,False
2,titan_039606,0,770124.052693016,False
2,titan_039607,0,795182.1675695628,False
2,titan_039608,0,820344.9439266308,False
2,titan_039609,0,845554.4743070023,False
2,titan_039610,0,870757.8162619041,False
2,titan_039611,0,895906.425732318,False
2,titan_039612,0,920955.5702195893,False
2,titan_039613,0,941913.8907120663,False
2,titan_039614,0,954831.4642017364,False
2,titan_039721,0,44996.224854853426,True
2,titan_039722,0,76052.64125269139,True
2,titan_039727,0,293794.73562593694,False
2,titan_039728,0,338448.66669937153,False
2,titan_039729,0,381339.863939406,False
2,titan_039730,0,424107.90190905693,False
2,titan_039731,0,462198.7935325867,False
2,titan_039732,0,498754.7191577833,False
2,titan_039733,0,535489.7135015645,False
2,titan_039734,0,572299.3887493944,False
2,titan_039735,0,609099.4957903861,False
2,titan_039736,0,645820.3393758836,False
2,titan_039737,0,682402.9175952901,False
2,titan_039738,0,710797.9073034917,False
2,titan_039739,0,736952.5515807425,False
2,titan_039740,0,763231.2581874904,False
2,titan_039741,0,789566.5942657813,False
2,titan_039742,0,815897.6509145047,False
2,titan_039743,0,842169.1452150374,False
2,titan_039744,0,868330.6515204664,False
2,titan_039745,0,891427.0936053287,False
2,titan_039746,0,904913.5412507934,False
2,titan_039849,0,44995.80594363759,True
2,titan_039854,0,269093.4743213898,False
2,titan_039855,0,313560.43992555386,False
2,titan_039856,0,353740.5424195242,False
2,titan_039857,0,391784.7299964923,False
2,titan_039858,0,430138.14386583143,False
2,titan_039859,0,468647.2675532903,False
2,titan_039860,0,507197.7398487906,False
2,titan_039861,0,545700.8395327016,False
2,titan_039862,0,584085.2015146057,False
2,titan_039863,0,622291.4791321888,False
2,titan_039864,0,650799.9514099781,False
2,titan_039865,0,678164.7373316141,False
2,titan_039866,0,705674.7392076051,False
2,titan_039867,0,733250.8436194774,False
2,titan_039868,0,760822.6225461933,False
2,titan_039869,0,788326.9619890457,False
2,titan_039870,0,815706.9657084311,False
2,titan_039871,0,840762.5544443484,False
2,titan_039872,0,854873.9824876745,False
2,titan_039873,0,869020.4314765027,False
2,titan_039971,0,44995.32072535071,True
2,titan_039977,0,280456.8345077907,False
2,titan_039978,0,320583.03469955473,False
2,titan_039979,0,360961.8914128374,False
2,titan_039980,0,401429.8164270293,False
2,titan_039981,0,441873.15884301614,False
2,titan_039982,0,482207.5735765355,False
2,titan_039983,0,522366.6806985824,False
2,titan_039984,0,561574.992738473,False
2,titan_039985,0,590007.9526609778,False
2,titan_039986,0,618716.392594377,False
2,titan_039987,0,647592.4468511719,False
2,titan_039988,0,676542.6380845662,False
2,titan_039989,0,705485.2061628054,False
2,titan_039990,0,734348.0237117839,False
2,titan_039991,0,763066.9230877177,False
2,titan_039992,0,789873.2047345305,False
2,titan_039993,0,804674.4756952772,False
2,titan_039994,0,819522.2207330773,False
2,titan_040088,0,44994.74847474321,True
2,titan_040093,0,249185.602707889,False
2,titan_040094,0,291791.7475446413,False
2,titan_040095,0,334351.3166598483,False
2,titan_040096,0,376779.7462999472,False
2,titan_040097,0,419014.48488761473,False
2,titan_040098,0,461004.84913540544,False
2,titan_040099,0,498393.70961601275,False
2,titan_040100,0,528283.0761559764,False
2,titan_040101,0,558494.049778567,False
2,titan_040102,0,588894.9829969378,False
2,titan_040103,0,619374.6778409653,False
2,titan_040104,0,649838.0789841035,False
2,titan_040105,0,680202.9073070084,False
2,titan_040106,0,710397.0683996186,False
2,titan_040107,0,738702.0936391574,False
2,titan_040108,0,754268.7363510174,False
2,titan_040109,0,769895.4929025995,False
2,titan_040110,0,785532.2991216086,False
2,titan_040202,0,179620.89459243367,False
2,titan_040203,0,224259.61805907037,False
2,titan_040204,0,268720.7628837969,False
2,titan_040205,0,312968.85906607856,False
2,titan_040206,0,356902.3176575962,False
2,titan_040207,0,396808.21125969954,False
2,titan_040208,0,433937.86927743815,False
2,titan_040209,0,465471.6688855231,False
2,titan_040210,0,497377.16118278576,False
2,titan_040211,0,529491.7341019819,False
2,titan_040212,0,561682.7301160847,False
2,titan_040213,0,593839.9190996959,False
2,titan_040214,0,625870.1000904078,False
2,titan_040215,0,657693.0823968953,False
2,titan_040216,0,687179.8715826512,False
2,titan_040217,0,703600.4929313615,False
2,titan_040218,0,720097.6571748655,False
2,titan_040219,0,736611.7339878053,False
2,titan_040305,0,119654.65547208759,False
2,titan_040306,0,163300.26488674208,False
2,titan_040307,0,205267.71460995052,False
2,titan_040308,0,247515.3628872761,False
2,titan_040309,0,289801.4131100803,False
2,titan_040310,0,331987.2464085228,False
2,titan_040311,0,367998.54128383717,False
2,titan_040312,0,401413.958300319,False
2,titan_040313,0,435249.91366413486,False
2,titan_040314,0,469303.9378941706,False
2,titan_040315,0,503418.4189880577,False
2,titan_040316,0,537467.1521884652,False
2,titan_040317,0,571346.3560969603,False
2,titan_040318,0,604968.5598708054,False
2,titan_040319,0,635221.1224693102,False
2,titan_040320,0,652600.6218632482,False
2,titan_040321,0,670076.6635120553,False
2,titan_040322,0,687577.3681370436,False
2,titan_040402,0,44992.314638122756,True
2,titan_040403,0,89938.53346901316,True
2,titan_040404,0,134792.5443820971,False
2,titan_040405,0,179508.30929322692,False
2,titan_040406,0,224039.83668940837,False
2,titan_040407,0,265569.19499337394,False
2,titan_040408,0,300364.3680910645,False
2,titan_040409,0,335972.81061130035,False
2,titan_040410,0,372033.798466899,False
2,titan_040411,0,408296.485527749,False
2,titan_040412,0,444577.9258024871,False
2,titan_040413,0,480738.4564523099,False
2,titan_040414,0,516666.87725963857,False
2,titan_040415,0,552271.2826628622,False
2,titan_040416,0,582719.4128429762,False
2,titan_040417,0,601183.2398328406,False
2,titan_040418,0,619768.2086424611,False
2,titan_040419,0,638386.5459993653,False
2,titan_040420,0,655927.367387835,False
2,titan_040494,0,44991.142089115274,True
2,titan_040495,0,79386.56362874768,True
2,titan_040496,0,120532.64438599201,False
2,titan_040497,0,158052.41823805508,False
2,titan_040498,0,193575.50866827977,False
2,titan_040499,0,230895.14824899824,False
2,titan_040500,0,269124.7916280915,False
2,titan_040501,0,307777.17133100337,False
2,titan_040502,0,346556.8222677277,False
2,titan_040503,0,385267.30340987013,False
2,titan_040504,0,423766.81252618355,False
2,titan_040505,0,461945.6050393743,False
2,titan_040506,0,499713.69935005414,False
2,titan_040507,0,529540.4677349026,False
2,titan_040508,0,549240.4062693048,False
2,titan_040509,0,569092.1007355787,False
2,titan_040510,0,588986.7437918673,False
2,titan_040511,0,607807.9823621162,False
2,titan_040581,0,44989.69833947954,True
2,titan_040582,0,80868.94035382086,True
2,titan_040583,0,119183.26638746141,False
2,titan_040584,0,159843.5092780622,False
2,titan_040585,0,201278.4443562111,False
2,titan_040586,0,242922.0458969058,False
2,titan_040587,0,284502.8456964877,False
2,titan_040588,0,325858.38114193856,False
2,titan_040589,0,366873.78234138835,False
2,titan_040590,0,407457.743098333,False
2,titan_040591,0,447531.80476069974,False
2,titan_040592,0,475512.53438457137,False
2,titan_040593,0,496634.8168212231,False
2,titan_040594,0,517947.33202210057,False
2,titan_040595,0,539312.8750502026,False
2,titan_040596,0,559468.9642705419,False
2,titan_040661,0,44987.88162158187,True
2,titan_040662,0,89903.06835908303,True
2,titan_040663,0,134672.92910160925,False
2,titan_040664,0,179225.00826186637,False
2,titan_040665,0,223487.04362829015,False
2,titan_040666,0,267387.0808506104,False
2,titan_040667,0,310853.54245365347,False
2,titan_040668,0,353815.3089135621,False
2,titan_040669,0,396201.8027088389,False
2,titan_040670,0,420412.9366952328,False
2,titan_040671,0,443189.9207581767,False
2,titan_040672,0,466205.86093287944,False
2,titan_040673,0,489284.29577226384,False
2,titan_040674,0,510839.15509007993,False
2,titan_040675,0,526547.2019371494,False
2,titan_040734,0,44985.55894441626,True
2,titan_040735,0,81802.15807868102,True
2,titan_040736,0,123553.5292884424,False
2,titan_040737,0,167749.6126893776,False
2,titan_040738,0,212640.712167963,False
2,titan_040739,0,257609.34629322242,False
2,titan_040740,0,302351.75863281084,False
2,titan_040741,0,339802.78527737106,False
2,titan_040742,0,363948.32414518186,False
2,titan_040743,0,388676.1348946912,False
2,titan_040744,0,413704.54509456607,False
2,titan_040745,0,438801.4799858881,False
2,titan_040746,0,461823.6990706559,False
2,titan_040747,0,478906.903805208,False
2,titan_040802,0,80489.51091078705,True
2,titan_040803,0,122233.97991978713,False
2,titan_040804,0,166495.90631380098,False
2,titan_040805,0,211421.32566684883,False
2,titan_040806,0,254460.93213340087,False
2,titan_040807,0,279440.00234356744,False
2,titan_040808,0,305727.11937296635,False
2,titan_040809,0,332793.91710795386,False
2,titan_040810,0,360237.47048590553,False
2,titan_040811,0,387745.09089263226,False
2,titan_040812,0,412293.8951224152,False
2,titan_040813,0,431022.0551876933,False
2,titan_040865,0,155910.4371611807,False
2,titan_040866,0,189172.4946589461,False
2,titan_040867,0,216359.5920268248,False
2,titan_040868,0,245222.26597798977,False
2,titan_040869,0,275157.7526367273,False
2,titan_040870,0,305555.1237879285,False
2,titan_040871,0,335983.65283184714,False
2,titan_040872,0,362071.37567722687,False
2,titan_040873,0,382801.2994448262,False
2,titan_040874,0,400974.00861835113,False
2,titan_040920,0,118226.93204633289,False
2,titan_040921,0,149679.45599537354,False
2,titan_040922,0,181736.06765223204,False
2,titan_040923,0,215309.79516003907,False
2,titan_040924,0,249400.10270857913,False
2,titan_040925,0,283413.0367764464,False
2,titan_040926,0,310904.0415007891,False
2,titan_040927,0,334120.65169584786,False
2,titan_040928,0,353848.54064359254,False
2,titan_040968,0,44964.69915348082,True
2,titan_040969,0,78150.79147519432,True
2,titan_040970,0,114490.53045052002,False
2,titan_040971,0,152931.26569074646,False
2,titan_040972,0,191711.36664165344,False
2,titan_040973,0,230111.92908993954,False
2,titan_040974,4,258431.3400169712,False
2,titan_040975,0,284814.59840345185,False
2,titan_040976,0,306281.04029426246,False
2,titan_041011,0,44952.368908740886,True
2,titan_041012,0,89619.24924797863,True
2,titan_041013,0,133716.78954560368,False
2,titan_041014,0,173704.53209748276,False
2,titan_041015,0,204149.1785619334,False
2,titan_041016,0,234682.48307189162,False
2,titan_041017,0,258047.09613408474,False
2,titan_041018,0,274238.13417760865,False
2,titan_041047,0,44932.327007225314,True
2,titan_041048,0,76546.78176828792,True
2,titan_041049,0,111164.54687212355,False
2,titan_041050,0,147489.4864566859,False
2,titan_041051,0,183594.73707319095,False
2,titan_041052,0,208762.25060504224,False
2,titan_041053,0,228010.15708600797,False
2,titan_041078,0,44896.54211983256,True
2,titan_041079,0,89173.9879914732,True
2,titan_041080,0,132221.41497103084,False
2,titan_041081,0,157718.85861133903,False
2,titan_041082,0,181438.90090682334,False
2,titan_041102,0,44822.84876494526,True
2,titan_041103,0,73166.03039424495,True
2,titan_041104,0,103533.00029995348,True
2,titan_041105,0,134349.6299010102,False
2,titan_041120,0,44630.24725804363,True
2,titan_041121,0,87063.56427764453,True
2,titan_041132,0,94002.15060325063,True
3,titan_000002,3,37866.35805608361,True
3,titan_000009,3,44171.63179201298,True
3,titan_000010,0,79548.25519884934,True
3,titan_000021,0,44700.964491137056,True
3,titan_000022,0,64347.60062378781,True
3,titan_000023,3,90467.66134269102,True
3,titan_000024,0,116851.9458689413,False
3,titan_000041,0,44847.4655565066,True
3,titan_000042,0,88783.36993719873,True
3,titan_000043,0,118365.16380326054,False
3,titan_000044,0,137044.53254220926,False
3,titan_000045,0,156240.79826415,False
3,titan_000067,0,44907.84805621715,True
3,titan_000068,0,89264.04174600758,True
3,titan_000069,0,132523.3884471569,False
3,titan_000070,0,168575.37114524932,False
3,titan_000071,0,183130.56497033907,False
3,titan_000072,0,198113.0409676116,False
3,titan_000099,3,44938.425577584116,True
3,titan_000100,0,89507.93732567715,True
3,titan_000101,0,133342.4425930348,False
3,titan_000102,0,176081.4432180585,False
3,titan_000103,0,213928.6232637304,False
3,titan_000104,0,228937.92742946855,False
3,titan_000105,0,241197.483379337,False
3,titan_000137,3,44956.01659997553,True
3,titan_000138,3,69700.40645048428,True
3,titan_000139,0,104429.61790849407,True
3,titan_000140,3,142010.38749446408,False
3,titan_000141,0,180068.87263373975,False
3,titan_000142,0,217694.5213875861,False
3,titan_000143,0,254387.60874663488,False
3,titan_000144,0,274593.5528558099,False
3,titan_000182,0,44967.053730870946,True
3,titan_000183,3,89736.58157726919,True
3,titan_000184,4,133872.51884390347,False
3,titan_000185,3,163798.41888894347,False
3,titan_000186,3,195902.29759956457,False
3,titan_000187,3,228825.80017514652,False
3,titan_000188,0,261788.66199038076,False
3,titan_000189,0,294291.75227760803,False
3,titan_000190,0,320166.1353281996,False
3,titan_000233,0,44974.433426662945,True
3,titan_000234,4,89795.54424024296,True
3,titan_000235,3,134310.45958468117,False
3,titan_000236,3,178367.1480342749,False
3,titan_000237,3,220765.7014184246,False
3,titan_000238,3,248914.351584381,False
3,titan_000239,3,277852.7923172651,False
3,titan_000240,0,307016.03777276934,False
3,titan_000241,0,335995.54045959166,False
3,titan_000242,0,364482.0287561189,False
3,titan_000290,3,44979.60592574679,True
3,titan_000291,3,89836.90734416971,True
3,titan_000292,3,134449.85815626042,False
3,titan_000293,0,178696.93029650213,False
3,titan_000294,0,222457.37574993825,False
3,titan_000295,0,265611.4920529813,False
3,titan_000296,0,300912.21038624865,False
3,titan_000297,0,326730.95933157706,False
3,titan_000298,0,352831.28860833135,False
3,titan_000299,0,378896.1649796496,False
3,titan_000352,3,44983.3761305345,True
3,titan_000353,3,71664.93786884841,True
3,titan_000354,3,108240.45301104033,True
3,titan_000355,3,147903.47149706216,False
3,titan_000356,0,188477.49153079503,False
3,titan_000357,0,229214.75752579223,False
3,titan_000358,0,269760.2734347088,False
3,titan_000359,0,309897.85386211413,False
3,titan_000360,0,349470.33176260267,False
3,titan_000361,0,375386.83323571435,False
3,titan_000362,0,398993.6073736708,False
3,titan_000363,0,422641.69402797025,False
3,titan_000422,0,44986.20962691508,True
3,titan_000423,3,89889.65129835175,True
3,titan_000424,3,132669.28164150674,False
3,titan_000425,0,172845.25187754852,False
3,titan_000426,0,208313.29394230424,False
3,titan_000427,0,244955.18196787743,False
3,titan_000428,0,282095.55333514576,False
3,titan_000429,0,319332.63930726703,False
3,titan_000430,0,356402.063554535,False
3,titan_000431,2,393113.4047089902,False
3,titan_000432,0,423841.0784534372,False
3,titan_000433,0,445389.1518854024,False
3,titan_000498,0,44988.376804378946,True
3,titan_000499,0,89907.05973108226,True
3,titan_000500,0,134686.39132838725,False
3,titan_000501,0,179256.88463637469,False
3,titan_000502,0,223549.21281003224,False
3,titan_000503,0,267494.35478581203,False
3,titan_000504,0,301514.5674296146,False
3,titan_000505,0,335560.80717333214,False
3,titan_000506,0,369845.53034545056,False
3,titan_000507,0,404119.0999808528,False
3,titan_000508,0,438192.58346430125,False
3,titan_000509,0,471916.4909418642,False
3,titan_000510,0,491961.3358679883,False
3,titan_000579,0,44990.0903107596,True
3,titan_000580,0,73670.04559418213,True
3,titan_000581,0,111082.81230054706,False
3,titan_000582,0,151493.51244895512,False
3,titan_000583,0,192882.35291037973,False
3,titan_000584,0,234571.04386138354,False
3,titan_000585,0,276252.3536331856,False
3,titan_000586,0,317750.63668586715,False
3,titan_000587,0,357566.13248087117,False
3,titan_000588,0,389004.557921572,False
3,titan_000589,0,420735.4698816206,False
3,titan_000590,0,452543.3903314831,False
3,titan_000591,0,484257.2511893942,False
3,titan_000592,0,515737.51148060936,False
3,titan_000593,0,538681.4023135315,False
3,titan_000667,0,44991.469445090115,True
3,titan_000668,0,87985.51584654087,True
3,titan_000669,0,130013.22118680541,False
3,titan_000670,0,174124.15286454844,False
3,titan_000671,0,215848.29582525702,False
3,titan_000672,0,253868.77245689163,False
3,titan_000673,0,292487.97918091464,False
3,titan_000674,0,331349.7413591321,False
3,titan_000675,0,370226.3286494944,False
3,titan_000676,0,408959.02848261385,False
3,titan_000677,2,442231.58100956306,False
3,titan_000678,2,471761.2919243245,False
3,titan_000679,2,501413.04548796057,False
3,titan_000680,0,531038.1100217144,False
3,titan_000681,0,560511.6113751078,False
3,titan_000682,0,585534.6770336648,False
3,titan_000761,0,44992.583491413665,True
3,titan_000762,0,89940.60699013232,True
3,titan_000763,0,134799.5515283338,False
3,titan_000764,0,179524.92025450303,False
3,titan_000765,0,224072.27994735172,False
3,titan_000766,0,268397.23170219205,False
3,titan_000767,0,312455.5014890813,False
3,titan_000768,0,351004.03031846584,False
3,titan_000769,0,387304.283965152,False
3,titan_000770,0,423738.0938185737,False
3,titan_000771,2,460143.3566217098,False
3,titan_000772,2,495200.7017641207,False
3,titan_000773,2,522824.40632846905,False
3,titan_000774,2,550589.6669630319,False
3,titan_000775,2,578369.3953684903,False
3,titan_000776,2,606054.1912296047,False
3,titan_000777,2,632513.9894015006,False
3,titan_000860,0,44993.49286615387,True
3,titan_000861,0,75545.3572108455,True
3,titan_000862,0,113559.18244417217,False
3,titan_000863,0,154454.5417567756,False
3,titan_000864,0,196342.48548548575,False
3,titan_000865,0,238593.39536566776,False
3,titan_000866,0,280929.17262239713,False
3,titan_000867,0,323197.2065404477,False
3,titan_000868,0,365298.2745698736,False
3,titan_000869,3,407158.9041761948,False
3,titan_000870,3,443483.2809825005,False
3,titan_000871,2,477727.1829024054,False
3,titan_000872,2,512013.8999781393,False
3,titan_000873,2,546223.5705304284,False
3,titan_000874,2,573891.6862257966,False
3,titan_000875,3,599999.8442896104,False
3,titan_000876,0,626146.379971332,False
3,titan_000877,0,652236.4010746003,False
3,titan_000878,0,678185.8788516916,False
3,titan_000879,2,694775.8864878514,False
3,titan_000966,0,44994.26115714895,True
3,titan_000967,0,85887.31215822906,True
3,titan_000968,0,127507.99817537008,False
3,titan_000969,0,171374.54302520835,False
3,titan_000970,0,216031.1795355926,False
3,titan_000971,0,260971.54252979154,False
3,titan_000972,0,300555.9357263976,False
3,titan_000973,0,340427.5206089329,False
3,titan_000974,0,380410.09405617585,False
3,titan_000975,0,420364.840804333,False
3,titan_000976,0,460190.1378275919,False
3,titan_000977,0,499627.87892206805,False
3,titan_000978,2,531927.9927503939,False
3,titan_000979,3,564311.1087602447,False
3,titan_000980,0,596668.2684017986,False
3,titan_000981,0,624960.5727185676,False
3,titan_000982,0,649605.4613484724,False
3,titan_000983,0,674301.4394564914,False
3,titan_000984,0,698966.4758594793,False
3,titan_000985,0,723526.8900647215,False
3,titan_000986,0,741156.4811976607,False
3,titan_001078,0,44994.89964021034,True
3,titan_001079,0,89959.19579071646,True
3,titan_001080,0,134862.28711173055,False
3,titan_001081,0,179673.57666467593,False
3,titan_001082,0,224362.4743660538,False
3,titan_001083,0,268898.4138480046,False
3,titan_001084,0,313250.7991432197,False
3,titan_001085,0,357389.0931484078,False
3,titan_001086,0,400879.54784681817,False
3,titan_001087,0,438707.36514014803,False
3,titan_001088,0,476602.79168429686,False
3,titan_001089,0,514456.22941633343,False
3,titan_001090,0,552180.665009748,False
3,titan_001091,0,586218.0335530589,False
3,titan_001092,0,616896.0127490379,False
3,titan_001093,0,647580.2942371977,False
3,titan_001094,0,676042.5529315448,False
3,titan_001095,0,699388.1229411807,False
3,titan_001096,0,722790.2363585759,False
3,titan_001097,0,746177.9996826923,False
3,titan_001098,0,769486.9134499772,False
3,titan_001099,0,787754.0628637361,False
3,titan_001195,0,44995.448956796004,True
3,titan_001196,0,77480.92908329135,True
3,titan_001197,0,115982.71483874189,False
3,titan_001198,0,157232.2163091547,False
3,titan_001199,0,199463.43354405346,False
3,titan_001200,0,242087.12158244976,False
3,titan_001201,0,284846.2039365295,False
3,titan_001202,0,327603.2264937448,False
3,titan_001203,0,370271.93317617924,False
3,titan_001204,0,412790.77445789333,False
3,titan_001205,0,455111.352074677,False
3,titan_001206,0,497192.7633321254,False
3,titan_001207,0,533470.4731774403,False
3,titan_001208,0,569488.3822713121,False
3,titan_001209,0,605436.2532410113,False
3,titan_001210,0,640546.8329719967,False
3,titan_001211,0,669695.8286523826,False
3,titan_001212,0,698870.3183883362,False
3,titan_001213,0,727155.0216492877,False
3,titan_001214,0,749340.47572502,False
3,titan_001215,0,771583.280108234,False
3,titan_001216,0,793822.0226161806,False
3,titan_001217,0,816000.2343197535,False
3,titan_001218,0,834555.3709322041,False
3,titan_001319,0,44995.9093294229,True
3,titan_001320,0,89967.32524605982,True
3,titan_001321,0,134889.70548795757,False
3,titan_001322,0,179738.55190600525,False
3,titan_001323,0,224489.36168786412,False
3,titan_001324,0,267442.6561509437,False
3,titan_001325,0,307656.54915615503,False
3,titan_001326,0,348220.462088548,False
3,titan_001327,0,388948.887280703,False
3,titan_001328,0,429717.2336418028,False
3,titan_001329,0,470435.86978242133,False
3,titan_001330,0,511036.39209485124,False
3,titan_001331,0,551463.7153938068,False
3,titan_001332,0,590686.7983087956,False
3,titan_001333,0,625022.8062501078,False
3,titan_001334,0,659329.2057112565,False
3,titan_001335,0,693536.9541597349,False
3,titan_001336,0,722675.0928793687,False
3,titan_001337,0,750484.858384178,False
3,titan_001338,0,778264.3224768937,False
3,titan_001339,0,799461.6578790074,False
3,titan_001340,0,820661.0154198568,False
3,titan_001341,0,841862.1851691931,False
3,titan_001342,0,863015.647811731,False
3,titan_001343,0,881550.4564844859,False
3,titan_001448,0,44996.31630448024,True
3,titan_001449,0,79413.7149020669,True
3,titan_001450,0,118274.29773274112,False
3,titan_001451,0,159740.2836803642,False
3,titan_001452,0,202158.78460222328,False
3,titan_001453,0,244973.58981903843,False
3,titan_001454,0,287942.06719948386,False
3,titan_001455,0,330935.67112199875,False
3,titan_001458,0,451500.41716683144,False
3,titan_001459,0,490429.9391162046,False
3,titan_001460,0,529385.2948267696,False
3,titan_001461,0,568289.8790140951,False
3,titan_001462,0,607081.447894307,False
3,titan_001463,0,645707.8861480826,False
3,titan_001464,0,680911.3095174389,False
3,titan_001465,0,713711.3546108688,False
3,titan_001466,0,746443.8539031629,False
3,titan_001467,0,775819.555067424,False
3,titan_001468,0,802392.5092791404,False
3,titan_001469,0,828947.1543551318,False
3,titan_001470,0,849754.4320851953,False
3,titan_001471,0,870010.4786085542,False
3,titan_001472,0,890271.1424989301,False
3,titan_001473,0,910492.8686881429,False
3,titan_001474,0,928731.7374818403,False
3,titan_001584,0,44996.68262585068,True
3,titan_001585,0,89973.37970039996,True
3,titan_001586,0,134910.15397834784,False
3,titan_001587,0,179786.99280110112,False
3,titan_001595,0,514590.3289755797,False
3,titan_001596,0,551820.2546851606,False
3,titan_001597,0,589123.2598447162,False
3,titan_001598,0,626422.8250878317,False
3,titan_001599,0,663655.5541158477,False
3,titan_001600,0,700767.6315853414,False
3,titan_001601,0,737072.4778625586,False
3,titan_001602,0,768493.1904934726,False
3,titan_001603,0,799867.812120494,False
3,titan_001604,0,829127.180590354,False
3,titan_001605,4,854575.7449040016,False
3,titan_001606,0,880013.1632633549,False
3,titan_001607,0,900223.5830447788,False
3,titan_001608,0,919623.2488968066,False
3,titan_001609,0,939028.1756739935,False
3,titan_001610,0,958399.9435880469,False
3,titan_001725,0,44996.99000725934,True
3,titan_001726,0,81335.41262805028,True
3,titan_001736,0,500735.0620057667,False
3,titan_001737,0,540253.4472718663,False
3,titan_001738,0,577902.1636728367,False
3,titan_001739,0,613583.4690151797,False
3,titan_001740,0,649363.6954270672,False
3,titan_001741,0,685170.7383498613,False
3,titan_001742,0,720943.511909482,False
3,titan_001743,0,756629.3616330271,False
3,titan_001744,0,792182.276647411,False
3,titan_001745,0,823621.6270611148,False
3,titan_001746,4,853747.1934866981,False
3,titan_001747,4,882602.9340422689,False
3,titan_001748,0,907025.8718103485,False
3,titan_001749,0,931441.4046307966,False
3,titan_001750,0,950874.9977699824,False
3,titan_001751,0,969494.0616861003,False
3,titan_001752,0,988117.5244461825,False
3,titan_001753,0,1006711.3707618219,False
3,titan_001882,0,443141.5238536017,False
3,titan_001883,0,484661.8461886007,False
3,titan_001884,0,526133.7987261658,False
3,titan_001885,0,565500.9369355935,False
3,titan_001886,0,603478.2261626346,False
3,titan_001887,0,641289.6610434355,False
3,titan_001888,0,675564.0605752661,False
3,titan_001889,0,709948.8150945402,False
3,titan_001890,0,744377.9325424519,False
3,titan_001891,0,778794.3692112259,False
3,titan_001892,0,813148.2481084092,False
3,titan_001893,0,847395.4243072438,False
3,titan_001894,0,879066.6231617056,False
3,titan_001895,0,908042.3444114233,False
3,titan_001896,4,936255.6468799012,False
3,titan_001897,0,959739.8964718288,False
3,titan_001898,0,983217.9934147032,False
3,titan_001899,0,1001715.0981753861,False
3,titan_001900,0,1019619.869816273,False
3,titan_001901,0,1037527.1596609551,False
3,titan_002033,0,391258.86844730616,False
3,titan_002034,0,430752.93692868674,False
3,titan_002035,0,470513.59022233577,False
3,titan_002036,0,510429.6871224586,False
3,titan_002037,0,550417.767322456,False
3,titan_002038,0,590412.9560761149,False
3,titan_002039,0,630363.0461579926,False
3,titan_002040,0,667197.7359870584,False
3,titan_002041,0,703799.73851205,False
3,titan_002046,0,870229.6068845021,False
3,titan_002047,4,903257.182405748,False
3,titan_002048,0,934812.8185110723,False
3,titan_002049,0,962728.3294779699,False
3,titan_002050,0,990096.232529578,False
3,titan_002051,0,1012718.4419737766,False
3,titan_002052,0,1035334.0055542868,False
3,titan_002053,0,1052750.4858612453,False
3,titan_002054,0,1069999.2355524353,False
3,titan_002055,0,1087247.9198856144,False
3,titan_002190,0,353217.9870990978,False
3,titan_002191,0,389311.47665604344,False
3,titan_002192,0,426248.9748338407,False
3,titan_002193,0,463787.28696134663,False
3,titan_002194,0,501748.84597921895,False
3,titan_002195,0,540000.7151663456,False
3,titan_002196,0,578440.837065552,False
3,titan_002197,0,616988.906115621,False
3,titan_002206,0,927812.089451199,False
3,titan_002207,0,959702.66330624,False
3,titan_002208,0,990854.2892587369,False
3,titan_002209,0,1017790.2632172345,False
3,titan_002210,0,1044136.5781541452,False
3,titan_002211,0,1065964.5065054507,False
3,titan_002212,0,1087365.671415009,False
3,titan_002213,0,1103987.7574232623,False
3,titan_002214,0,1120631.88329355,False
3,titan_002354,0,360790.68304352945,False
3,titan_002355,0,395477.86093112227,False
3,titan_002356,0,429455.4208996547,False
3,titan_002357,0,464396.0442751584,False
3,titan_002358,0,500060.8210564028,False
3,titan_002359,0,536267.0550321338,False
3,titan_002360,0,572873.0011534332,False
3,titan_002372,0,985856.6836143795,False
3,titan_002373,0,1016687.620770803,False
3,titan_002374,0,1047191.1336513237,False
3,titan_002375,0,1073219.980077804,False
3,titan_002376,0,1098388.754035487,False
3,titan_002377,0,1119482.4611729595,False
3,titan_002378,0,1139364.353614655,False
3,titan_002379,0,1155433.2578235853,False
3,titan_002380,0,1171518.2213165918,False
3,titan_002523,0,345247.12920770596,False
3,titan_002524,0,388739.8703438219,False
3,titan_002525,0,432832.6875800934,False
3,titan_002526,0,471960.8438772279,False
3,titan_002527,0,505092.60418527905,False
3,titan_002528,0,539020.876512945,False
3,titan_002542,0,1014439.7763175918,False
3,titan_002543,0,1044339.6249041957,False
3,titan_002544,0,1074182.4336448684,False
3,titan_002545,0,1103827.4201445943,False
3,titan_002546,0,1129014.108265016,False
3,titan_002547,0,1152864.7930678886,False
3,titan_002548,0,1173277.6581184845,False
3,titan_002549,0,1191537.322401323,False
3,titan_002550,0,1207093.2178339066,False
3,titan_002698,0,312839.6478073754,False
3,titan_002699,0,357231.6972568515,False
3,titan_002700,0,401928.09765026363,False
3,titan_002701,0,446801.77406993526,False
3,titan_002702,0,491767.6498659099,False
3,titan_002718,0,1045277.3079636083,False
3,titan_002719,0,1074274.079483636,False
3,titan_002720,0,1103247.5346808354,False
3,titan_002721,0,1132167.8177276363,False
3,titan_002722,0,1160769.6359691655,False
3,titan_002723,0,1185172.4550402844,False
3,titan_002724,0,1207576.3508239852,False
3,titan_002725,0,1227355.9082017725,False
3,titan_002877,0,242326.14199547216,False
3,titan_002878,0,287155.7059426998,False
3,titan_002879,0,332105.4315957338,False
3,titan_002880,0,377100.11627268634,False
3,titan_002881,0,422092.2354187992,False
3,titan_002899,2,1078204.9390015097,False
3,titan_002900,2,1106332.4992316894,False
3,titan_002901,0,1134465.3346281203,False
3,titan_002902,0,1162574.2131368348,False
3,titan_002903,0,1190631.797866718,False
3,titan_002904,0,1218025.7403952915,False
3,titan_003059,0,44998.478320920185,True
3,titan_003060,0,89987.83595414588,True
3,titan_003061,0,134958.94849014372,False
3,titan_003062,0,179902.68408052973,False
3,titan_003063,0,224809.89973073153,False
3,titan_003064,0,269671.4376072383,False
3,titan_003065,0,314478.1213644213,False
3,titan_003066,0,359220.7524960384,False
3,titan_003067,0,403890.1067166588,False
3,titan_003068,0,448476.95364842884,False
3,titan_003069,0,492971.9601482931,False
3,titan_003070,0,537365.8265788484,False
3,titan_003071,0,581649.1901440851,False
3,titan_003085,2,1085025.2799197175,False
3,titan_003086,2,1113070.2935244257,False
3,titan_003087,2,1140366.5930517819,False
3,titan_003088,2,1167692.0065291808,False
3,titan_003089,0,1195018.1259292094,False
3,titan_003090,0,1222318.341503489,False
3,titan_003250,0,44998.61003647891,True
3,titan_003251,0,89988.75727295413,True
3,titan_003252,0,132719.62130593977,False
3,titan_003253,0,175070.74460286569,False
3,titan_003254,0,218178.17568936758,False
3,titan_003255,0,261643.77176050888,False
3,titan_003256,0,305288.6117065291,False
3,titan_003257,0,349018.38229935954,False
3,titan_003258,0,392776.8908063985,False
3,titan_003259,0,436527.0313092009,False
3,titan_003260,0,480242.0309120735,False
3,titan_003261,0,523901.2356998099,False
3,titan_003262,0,567487.668979292,False
3,titan_003263,0,610986.7360970607,False
3,titan_003277,0,1119840.67619179,False
3,titan_003278,0,1149582.3767656833,False
3,titan_003279,2,1176239.3661650922,False
3,titan_003280,2,1202793.5702318803,False
3,titan_003281,2,1229368.9715664804,False
3,titan_003446,0,44998.70825425797,True
3,titan_003447,0,89989.57433262664,True
3,titan_003448,0,134471.5004182457,False
3,titan_003449,0,176894.38062824516,False
3,titan_003450,0,220051.5305096943,False
3,titan_003451,0,263559.5804736619,False
3,titan_003452,0,304996.83528647746,False
3,titan_003453,0,346882.4273284167,False
3,titan_003454,0,389083.8363588809,False
3,titan_003455,0,431482.6144865393,False
3,titan_003456,0,473999.35227176576,False
3,titan_003457,0,516578.076116494,False
3,titan_003458,0,559177.2854537554,False
3,titan_003459,0,601765.0175409559,False
3,titan_003474,0,1154735.4630761298,False
3,titan_003475,0,1185901.116571349,False
3,titan_003476,2,1213825.6272455987,False
3,titan_003648,0,44998.78690723458,True
3,titan_003649,0,89990.32388397158,True
3,titan_003650,0,134967.38320469036,False
3,titan_003651,0,178701.5242100844,False
3,titan_003652,0,221906.06982686053,False
3,titan_003661,0,598201.0238883408,False
3,titan_003662,0,639690.0344034921,False
3,titan_003678,0,1222045.2751141957,False
3,titan_003855,0,61236.88023685432,True
3,titan_003856,0,97034.67547457622,True
3,titan_003857,0,137939.68063826853,False
3,titan_003858,0,180496.56537600188,False
3,titan_003880,0,1083206.9124649316,False
3,titan_004067,0,44998.954917885414,True
3,titan_004068,0,89991.65615735594,True
3,titan_004069,0,134971.84708892583,False
3,titan_004092,0,1079762.9949932834,False
3,titan_004093,0,1118970.6935407324,False
3,titan_004284,0,44999.04198570191,True
3,titan_004285,0,89992.2413728331,True
3,titan_004309,0,1079486.4076069014,False
3,titan_004310,0,1117992.4415939655,False
3,titan_004506,0,44999.07305268767,True
3,titan_004531,0,1083196.6863567152,False
3,titan_004532,0,1120950.9310369114,False
3,titan_004534,0,1196334.6937240306,False
3,titan_004758,0,1090777.6682114175,False
3,titan_004761,0,1201655.4464052292,False
3,titan_004989,0,1066012.24229621,False
3,titan_004992,0,1174415.770760367,False
3,titan_004993,0,1210619.7958914281,False
3,titan_005226,0,1081771.3341333421,False
3,titan_005229,0,1187661.89341661,False
3,titan_005466,0,1066582.4389798986,False
3,titan_005470,0,1204294.281099854,False
3,titan_005712,0,1077869.0161427585,False
3,titan_005715,0,1190382.9046655367,False
3,titan_005963,0,1090239.2520664365,False
3,titan_005966,0,1212506.1913407212,False
3,titan_006217,0,1066253.422944654,False
3,titan_006220,0,1186638.0947262493,False
3,titan_006477,0,1086749.5406903902,False
3,titan_008412,3,1208731.49261689,False
3,titan_008413,3,1252997.7979752717,False
3,titan_008414,3,1297207.6990123328,False
3,titan_008415,3,1341358.793409203,False
3,titan_008416,3,1385448.7505113473,False
3,titan_008417,2,1429475.167685417,False
3,titan_008418,3,1473435.6043303604,False
3,titan_008419,3,1517327.6155495376,False
3,titan_008420,2,1561148.6095343234,False
3,titan_008421,2,1599324.5304438684,False
3,titan_008422,3,1634823.5112457725,False
3,titan_008423,3,1670368.5496085181,False
3,titan_008424,3,1705947.4626242202,False
3,titan_008425,3,1741548.684762215,False
3,titan_008426,0,1777161.366819163,False
3,titan_008427,0,1812775.1966512222,False
3,titan_008428,0,1848380.3695846715,False
3,titan_008429,2,1878671.0686977275,False
3,titan_008430,2,1907754.0746003028,False
3,titan_008431,2,1936894.4210126926,False
3,titan_008432,2,1966080.2052694417,False
3,titan_008433,2,1995299.9796290258,False
3,titan_008434,2,2024542.7189002838,False
3,titan_008435,2,2053797.813648905,False
3,titan_008436,2,2083054.947815843,False
3,titan_008437,2,2112304.2132735704,False
3,titan_008699,0,1016506.307579691,False
3,titan_008700,0,1060689.2190237483,False
3,titan_008701,0,1104831.0755822894,False
3,titan_008702,3,1148929.4086542048,False
3,titan_008703,3,1192981.7807099607,False
3,titan_008704,3,1236985.809336907,False
3,titan_008705,3,1280939.0144492812,False
3,titan_008706,3,1324839.0251801051,False
3,titan_008707,2,1368683.4299047687,False
3,titan_008708,3,1412469.806341743,False
3,titan_008709,3,1456195.7521415176,False
3,titan_008710,3,1499858.7382356804,False
3,titan_008711,3,1543456.3184276626,False
3,titan_008712,2,1586985.9834798423,False
3,titan_008713,3,1630445.2288142578,False
3,titan_008714,3,1673831.4100992216,False
3,titan_008715,3,1708942.715486592,False
3,titan_008716,3,1744041.8726312951,False
3,titan_008717,3,1779173.604985697,False
3,titan_008718,0,1814326.9601724138,False
3,titan_008719,0,1849491.4612079335,False
3,titan_008720,0,1884657.2228202536,False
3,titan_008721,0,1919750.4525474443,False
3,titan_008722,3,1948426.8827746622,False
3,titan_008723,3,1977166.4659915243,False
3,titan_008724,0,2005957.5052964215,False
3,titan_008725,0,2034788.8032542032,False
3,titan_008726,2,2063649.5391092855,False
3,titan_008727,2,2092529.2646150098,False
3,titan_008728,2,2121417.90167428,False
3,titan_008729,2,2150305.6240126486,False
3,titan_008730,2,2179182.9754517856,False
3,titan_008731,2,2208040.754506094,False
3,titan_008732,2,2229786.8878341764,False
3,titan_008733,2,2250916.076284934,False
3,titan_008734,2,2272064.087414211,False
3,titan_008972,0,44999.74256991882,True
3,titan_008991,2,875092.4957745497,False
3,titan_008992,0,918972.0320014901,False
3,titan_008993,0,962836.0487488948,False
3,titan_008994,0,1006680.0311050093,False
3,titan_008995,0,1050499.7855604,False
3,titan_008996,0,1094291.456719757,False
3,titan_008997,3,1138051.564585871,False
3,titan_008998,3,1181776.7327679752,False
3,titan_008999,3,1225463.7530930473,False
3,titan_009000,3,1269109.6584992555,False
3,titan_009001,3,1312711.4789105274,False
3,titan_009002,2,1356266.3263644967,False
3,titan_009003,2,1399771.483544684,False
3,titan_009004,3,1443224.172759474,False
3,titan_009005,3,1486621.6862675855,False
3,titan_009006,3,1529961.3034869283,False
3,titan_009007,3,1573240.4241430287,False
3,titan_009008,3,1616456.3457537703,False
3,titan_009009,3,1659606.363708063,False
3,titan_009010,3,1702687.8712621413,False
3,titan_009011,3,1745698.1405645683,False
3,titan_009012,3,1784741.0805818727,False
3,titan_009013,3,1819419.1175617103,False
3,titan_009014,0,1854127.5852678595,False
3,titan_009015,0,1888856.0304512535,False
3,titan_009016,0,1923594.468457443,False
3,titan_009017,4,1958333.4505970539,False
3,titan_009018,4,1991184.0743423915,False
3,titan_009019,0,2019542.5749771514,False
3,titan_009020,0,2047957.3963149588,False
3,titan_009021,0,2076417.55164118,False
3,titan_009022,0,2104912.430513087,False
3,titan_009023,0,2133431.844452079,False
3,titan_009024,0,2161965.862609084,False
3,titan_009025,0,2190504.859985278,False
3,titan_009026,2,2219039.567154985,False
3,titan_009027,2,2247560.909566581,False
3,titan_009028,2,2272882.002428278,False
3,titan_009029,2,2293745.7221079865,False
3,titan_009030,2,2314631.054612912,False
3,titan_009271,0,44999.768206927925,True
3,titan_009287,0,741634.7412011112,False
3,titan_009288,2,784901.1534859847,False
3,titan_009289,2,828212.3869640584,False
3,titan_009290,2,871555.6453148529,False
3,titan_009291,0,914920.33621266,False
3,titan_009292,0,958297.3153109638,False
3,titan_009293,0,1001678.827806036,False
3,titan_009294,0,1045057.9570510897,False
3,titan_009295,0,1088428.7134894226,False
3,titan_009296,3,1131785.5906092098,False
3,titan_009297,3,1175123.7331273414,False
3,titan_009298,3,1218438.5524011124,False
3,titan_009299,3,1261725.9392520627,False
3,titan_009300,3,1304981.949967096,False
3,titan_009301,2,1348202.8650329397,False
3,titan_009302,2,1391385.2564336467,False
3,titan_009303,2,1434525.7020299954,False
3,titan_009304,2,1477621.0455996057,False
3,titan_009305,3,1520668.0858385647,False
3,titan_009306,3,1563663.84398377,False
3,titan_009307,3,1606605.2600221506,False
3,titan_009308,2,1649489.4649935265,False
3,titan_009309,2,1692313.48226297,False
3,titan_009310,2,1735074.502653398,False
3,titan_009311,2,1777769.5894422277,False
3,titan_009312,2,1820395.955104148,False
3,titan_009313,0,1862207.6003750593,False
3,titan_009314,0,1896487.5668880737,False
3,titan_009315,0,1930795.091579664,False
3,titan_009316,0,1965120.2096587203,False
3,titan_009317,4,1999453.4809627987,False
3,titan_009318,0,2033785.749582898,False
3,titan_009319,0,2063962.5901688226,False
3,titan_009320,0,2092020.2203809242,False
3,titan_009321,0,2120127.1675100587,False
3,titan_009322,0,2148273.054879025,False
3,titan_009323,0,2176447.929460177,False
3,titan_009324,0,2204642.053003357,False
3,titan_009325,0,2232846.0697631757,False
3,titan_009326,2,2261050.799535229,False
3,titan_009327,2,2289247.407721704,False
3,titan_009328,2,2317427.20034427,False
3,titan_009329,2,2338121.2802253943,False
3,titan_009330,2,2358756.843157232,False
3,titan_009573,0,44999.75851371718,True
3,titan_009586,0,618633.27790698,False
3,titan_009587,0,660664.457217657,False
3,titan_009588,0,702890.6124265903,False
3,titan_009589,0,745273.0626536872,False
3,titan_009590,0,787781.0655356715,False
3,titan_009591,2,830389.7260976449,False
3,titan_009592,2,873078.6652714964,False
3,titan_009593,0,915830.8503768083,False
3,titan_009594,0,958632.0508143862,False
3,titan_009595,0,1001470.1231459734,False
3,titan_009596,0,1044334.6490179456,False
3,titan_009597,0,1087216.456720123,False
3,titan_009598,0,1130107.5784987765,False
3,titan_009599,3,1173000.9385003445,False
3,titan_009600,3,1215890.0828798013,False
3,titan_009601,2,1258769.2677682256,False
3,titan_009602,2,1301633.2106877447,False
3,titan_009603,2,1344477.0783803992,False
3,titan_009604,2,1387296.2732616758,False
3,titan_009605,2,1430086.5931637879,False
3,titan_009606,2,1472844.0756035752,False
3,titan_009607,3,1515564.8502595567,False
3,titan_009608,2,1558245.3220096477,False
3,titan_009609,3,1600881.9986027435,False
3,titan_009610,2,1643471.5386386085,False
3,titan_009611,2,1686010.5874642385,False
3,titan_009612,3,1728495.9748718305,False
3,titan_009613,2,1770924.5560735369,False
3,titan_009614,2,1813293.2698817067,False
3,titan_009615,0,1855598.9840917506,False
3,titan_009616,0,1897838.69933335,False
3,titan_009617,0,1940009.4323739638,False
3,titan_009618,0,1975239.982937914,False
3,titan_009619,0,2009167.2761477667,False
3,titan_009620,0,2043109.2121695473,False
3,titan_009621,0,2077056.767920663,False
3,titan_009622,0,2110372.3908757092,False
3,titan_009623,0,2138092.1777360565,False
3,titan_009624,0,2165864.2055069543,False
3,titan_009625,0,2193678.3722511153,False
3,titan_009626,0,2221524.9543235484,False
3,titan_009627,2,2249394.493617182,False
3,titan_009628,2,2277277.8262749156,False
3,titan_009629,2,2305165.9713998847,False
3,titan_009630,2,2333050.2557306783,False
3,titan_009631,2,2360922.2041213275,False
3,titan_009878,0,44999.78963414457,True
3,titan_009889,0,539172.000120041,False
3,titan_009890,0,583681.394455404,False
3,titan_009891,0,627643.7011521548,False
3,titan_009892,0,670907.5582706414,False
3,titan_009893,0,712733.376386562,False
3,titan_009894,0,754170.6897424085,False
3,titan_009895,0,795809.1885765065,False
3,titan_009896,0,837613.6119944038,False
3,titan_009897,2,879554.9409942651,False
3,titan_009898,0,921609.1625889833,False
3,titan_009899,4,963756.017372101,False
3,titan_009900,0,1005978.3525505752,False
3,titan_009901,0,1048261.4789468709,False
3,titan_009902,0,1090592.699430667,False
3,titan_009903,0,1132960.9393352838,False
3,titan_009904,0,1175356.4542472807,False
3,titan_009905,3,1217770.5970425445,False
3,titan_009906,2,1260195.6306878028,False
3,titan_009907,2,1302624.5766880391,False
3,titan_009908,2,1345051.0553631703,False
3,titan_009909,2,1387469.3290273058,False
3,titan_009910,2,1429874.0012295856,False
3,titan_009911,2,1472260.0916933843,False
3,titan_009912,2,1514622.941863589,False
3,titan_009913,2,1556958.1658580913,False
3,titan_009914,2,1599261.60896394,False
3,titan_009915,2,1641529.3123217789,False
3,titan_009916,2,1683757.4827110232,False
3,titan_009917,2,1725942.4665589842,False
3,titan_009918,0,1768080.7274631385,False
3,titan_009919,2,1810168.8266472842,False
3,titan_009920,0,1852203.3700793702,False
3,titan_009921,0,1894181.1366973156,False
3,titan_009922,0,1936098.850206738,False
3,titan_009923,0,1977953.3106257601,False
3,titan_009924,0,2019741.3479049837,False
3,titan_009925,0,2055673.6880481301,False
3,titan_009926,0,2089239.9019014272,False
3,titan_009927,0,2122817.2524314136,False
3,titan_009928,0,2156397.115011827,False
3,titan_009929,0,2186125.2216151697,False
3,titan_009930,0,2213580.695343068,False
3,titan_009931,0,2241080.564074573,False
3,titan_009932,2,2268615.3930999013,False
3,titan_009933,2,2296175.9466565447,False
3,titan_009934,2,2323753.2652281965,False
3,titan_009935,2,2351338.6264978787,False
3,titan_009936,2,2378923.5304796305,False
3,titan_009937,5,2406499.6853860253,False
3,titan_009938,2,2431365.617071791,False
3,titan_010187,0,44999.776743390146,True
3,titan_010188,0,89998.40758825849,True
3,titan_010195,0,403834.10159340926,False
3,titan_010196,0,448757.90257035854,False
3,titan_010197,0,493716.4635722431,False
3,titan_010198,0,538696.9665124144,False
3,titan_010199,0,583690.1529582918,False
3,titan_010200,0,628601.9161764119,False
3,titan_010201,0,673501.7328698664,False
3,titan_010202,0,718439.4644997347,False
3,titan_010203,0,763404.276110675,False
3,titan_010204,0,808387.3608513926,False
3,titan_010205,0,849704.0036157401,False
3,titan_010206,2,890824.7543779558,False
3,titan_010207,0,932112.5275561061,False
3,titan_010208,0,973540.919468243,False
3,titan_010209,4,1015087.6011592367,False
3,titan_010210,0,1056733.3507163986,False
3,titan_010211,0,1098461.5675825484,False
3,titan_010212,0,1140257.9115331764,False
3,titan_010213,0,1182109.7125650481,False
3,titan_010214,3,1224005.7774448686,False
3,titan_010215,2,1265936.254490339,False
3,titan_010216,2,1307892.218534746,False
3,titan_010217,2,1349865.6162586007,False
3,titan_010218,2,1391849.240413345,False
3,titan_010219,2,1433836.4014803788,False
3,titan_010220,2,1475820.9430829498,False
3,titan_010221,2,1517797.2724250916,False
3,titan_010222,2,1559760.0775250576,False
3,titan_010223,2,1601704.3799252578,False
3,titan_010224,2,1643625.5954511578,False
3,titan_010225,2,1685519.2767661908,False
3,titan_010226,2,1727381.186812171,False
3,titan_010230,0,1894433.3299052874,False
3,titan_010231,0,1936079.0275596182,False
3,titan_010232,0,1977670.712525463,False
3,titan_010233,0,2019205.063260436,False
3,titan_010234,0,2060678.7014659513,False
3,titan_010235,0,2102088.288579838,False
3,titan_010236,2,2137789.9120479305,False
3,titan_010237,2,2171012.5440493217,False
3,titan_010238,0,2204242.331042267,False
3,titan_010239,0,2236076.981817229,False
3,titan_010240,0,2263234.195521146,False
3,titan_010241,0,2290437.192102549,False
3,titan_010242,4,2317676.810439485,False
3,titan_010243,0,2344944.069023955,False
3,titan_010244,0,2372230.2213440402,False
3,titan_010245,0,2399526.8123574457,False
3,titan_010246,0,2426825.524012932,False
3,titan_010247,0,2454118.232882285,False
3,titan_010248,2,2480172.321049101,False
3,titan_010499,0,44999.82480318556,True
3,titan_010500,0,89998.55698660227,True
3,titan_010501,0,134995.1032893407,False
3,titan_010502,0,178522.1861882535,False
3,titan_010503,0,222563.20894430176,False
3,titan_010504,0,266989.8494530059,False
3,titan_010505,0,311633.93253473606,False
3,titan_010506,0,356410.32518197666,False
3,titan_010507,0,401271.20076455123,False
3,titan_010508,0,446187.4147602714,False
3,titan_010509,0,491140.15539978346,False
3,titan_010510,0,536116.445065604,False
3,titan_010511,0,581106.9990934931,False
3,titan_010512,0,626104.8744299887,False
3,titan_010513,0,671104.6437870513,False
3,titan_010514,0,716102.0609995906,False
3,titan_010515,0,761093.508570874,False
3,titan_010516,0,806075.9426315159,False
3,titan_010517,0,851046.7090039239,False
3,titan_010518,0,896003.4417788554,False
3,titan_010519,0,940943.9516717002,False
3,titan_010520,0,985866.3294643245,False
3,titan_010521,4,1028647.3073254992,False
3,titan_010522,4,1069612.8618377973,False
3,titan_010523,0,1110697.338088512,False
3,titan_010524,0,1151882.9314352495,False
3,titan_010525,0,1193154.1374924642,False
3,titan_010526,0,1234497.1795907393,False
3,titan_010527,2,1275899.8600111653,False
3,titan_010528,2,1317351.2843904498,False
3,titan_010529,2,1358841.6636839262,False
3,titan_010530,2,1400362.1136233383,False
3,titan_010531,2,1441904.6620055954,False
3,titan_010532,2,1483461.916903087,False
3,titan_010533,2,1525027.1141300523,False
3,titan_010534,2,1566593.9990132938,False
3,titan_010535,2,1608156.7565318153,False
3,titan_010536,2,1649709.9154817325,False
3,titan_010537,2,1691248.4418176895,False
3,titan_010538,2,1732767.4776115175,False
3,titan_010539,2,1774262.4474215219,False
3,titan_010540,2,1815728.9889123337,False
3,titan_010545,2,2022494.0989150463,False
3,titan_010546,2,2063707.149910708,False
3,titan_010547,0,2104865.12150454,False
3,titan_010548,2,2145964.6267898297,False
3,titan_010549,2,2187002.216736465,False
3,titan_010550,0,2221593.103870213,False
3,titan_010551,0,2254488.0327783255,False
3,titan_010552,0,2287385.7817169824,False
3,titan_010553,4,2314787.6393427574,False
3,titan_010554,4,2341710.9595289053,False
3,titan_010555,4,2368671.7476276658,False
3,titan_010556,0,2395661.304576758,False
3,titan_010557,0,2422671.1490623644,False
3,titan_010558,4,2449692.9812567392,False
3,titan_010559,0,2476718.7646447327,False
3,titan_010560,0,2503740.5733105917,False
3,titan_010561,0,2530400.5072044805,False
3,titan_010814,0,44999.80982184034,True
3,titan_010815,0,89998.65317042911,True
3,titan_010816,0,134995.4839321354,False
3,titan_010817,0,179989.25481524706,False
3,titan_010818,0,224979.03530234576,False
3,titan_010819,0,269963.7344360978,False
3,titan_010820,0,314942.41633343755,False
3,titan_010821,0,359913.983506082,False
3,titan_010822,0,404877.4922895222,False
3,titan_010823,0,449831.87572657014,False
3,titan_010824,0,494776.06148367416,False
3,titan_010825,0,539709.0896169825,False
3,titan_010826,0,584629.8356465371,False
3,titan_010827,0,629537.3256345743,False
3,titan_010828,0,674430.4199137962,False
3,titan_010829,0,719308.1279693454,False
3,titan_010830,0,764169.292343108,False
3,titan_010831,0,809012.9032865618,False
3,titan_010832,0,853837.822229486,False
3,titan_010833,0,898642.8993637437,False
3,titan_010834,0,943427.0909188293,False
3,titan_010835,0,988189.183019737,False
3,titan_010836,0,1032928.1056191586,False
3,titan_010837,0,1077642.6172338668,False
3,titan_010838,0,1122331.6185274816,False
3,titan_010839,0,1166993.8765631204,False
3,titan_010840,0,1208361.5723422824,False
3,titan_010841,0,1249125.8045801762,False
3,titan_010842,2,1289975.7513876345,False
3,titan_010843,2,1330898.6095724406,False
3,titan_010844,2,1371882.7504043549,False
3,titan_010845,2,1412917.8180544928,False
3,titan_010846,2,1453994.318931955,False
3,titan_010847,2,1495103.5954916978,False
3,titan_010848,2,1536237.821152805,False
3,titan_010849,2,1577389.6508623632,False
3,titan_010850,2,1618552.427522483,False
3,titan_010851,2,1659719.822035479,False
3,titan_010852,2,1700886.061502601,False
3,titan_010853,2,1742045.6233941433,False
3,titan_010854,2,1783193.2982764915,False
3,titan_010855,2,1824324.2583332788,False
3,titan_010856,2,1865433.769556922,False
3,titan_010857,2,1906517.4501328901,False
3,titan_010858,2,1947570.9546484018,False
3,titan_010859,2,1988590.2389102986,False
3,titan_010860,2,2029571.2503471593,False
3,titan_010861,2,2070510.1973641086,False
3,titan_010862,0,2111403.280448008,False
3,titan_010863,0,2152246.785196579,False
3,titan_010864,0,2193037.176115686,False
3,titan_010865,0,2233770.8332817876,False
3,titan_010866,4,2274444.327720631,False
3,titan_010867,4,2307090.3894636086,False
3,titan_010868,4,2339671.9209741345,False
3,titan_010869,4,2368209.282862665,False
3,titan_010870,4,2394869.688901631,False
3,titan_010871,4,2421567.7292186576,False
3,titan_010872,4,2448294.9184235176,False
3,titan_010873,4,2475043.065922175,False
3,titan_010874,0,2501804.076645521,False
3,titan_010875,0,2528570.1279162415,False
3,titan_010876,0,2555333.49436267,False
3,titan_011131,0,44999.85217225836,True
3,titan_011132,0,71387.09820540196,True
3,titan_011133,0,109849.62842871358,False
3,titan_011134,0,151821.47383533203,False
3,titan_011135,0,195047.79085435407,False
3,titan_011136,0,238845.74095401668,False
3,titan_011137,0,282947.1950935774,False
3,titan_011138,0,327226.438986708,False
3,titan_011139,0,371616.8160975662,False
3,titan_011140,0,416079.5624695877,False
3,titan_011141,0,460590.45245548163,False
3,titan_011142,0,505133.3907363764,False
3,titan_011143,0,549697.2729808748,False
3,titan_011144,0,594273.9256984907,False
3,titan_011145,0,638857.2003219082,False
3,titan_011146,0,683442.284491574,False
3,titan_011147,0,728025.2904796008,False
3,titan_011148,0,772602.9460920714,False
3,titan_011149,0,817172.5710546259,False
3,titan_011150,0,861731.7143624891,False
3,titan_011151,0,906278.2236411393,False
3,titan_011152,0,950810.1416639495,False
3,titan_011153,0,995325.6593837745,False
3,titan_011154,4,1039823.0414203173,False
3,titan_011155,0,1084300.7572193893,False
3,titan_011156,0,1128757.2238909826,False
3,titan_011157,0,1173190.9480146866,False
3,titan_011158,0,1217600.4735248464,False
3,titan_011159,0,1261984.3715549216,False
3,titan_011160,0,1306341.2321836553,False
3,titan_011161,0,1348416.2745337314,False
3,titan_011162,0,1388878.478334654,False
3,titan_011163,0,1429412.5906571096,False
3,titan_011164,0,1470007.7900265022,False
3,titan_011165,2,1510654.2221315987,False
3,titan_011166,2,1551342.8732001632,False
3,titan_011167,2,1592065.425522843,False
3,titan_011168,2,1632814.3088127377,False
3,titan_011169,2,1673582.4033826424,False
3,titan_011170,2,1714363.1151423238,False
3,titan_011171,2,1755150.2793003176,False
3,titan_011172,2,1795938.107928239,False
3,titan_011173,2,1836721.1079938998,False
3,titan_011176,2,1958991.0486655175,False
3,titan_011177,2,1999705.6582421777,False
3,titan_011178,2,2040391.906286121,False
3,titan_011179,2,2081045.589925384,False
3,titan_011180,0,2121662.7451418857,False
3,titan_011181,0,2162239.412966217,False
3,titan_011182,0,2202771.7678365814,False
3,titan_011183,0,2243256.0672352114,False
3,titan_011184,4,2283688.638702944,False
3,titan_011185,4,2324065.8322441885,False
3,titan_011186,0,2362010.853942999,False
3,titan_011187,4,2394291.103159114,False
3,titan_011188,4,2423472.3018302754,False
3,titan_011189,4,2449886.109462433,False
3,titan_011190,4,2476337.0058049615,False
3,titan_011191,4,2502816.8116111537,False
3,titan_011192,4,2529317.5089701354,False
3,titan_011193,0,2555831.3249104857,False
3,titan_011194,0,2582350.5804465334,False
3,titan_011452,0,44999.85079908372,True
3,titan_011453,0,86880.15201235576,True
3,titan_011454,0,127700.09980964122,False
3,titan_011455,0,170734.1418129859,False
3,titan_011456,0,214652.5969969137,False
3,titan_011457,0,259003.5166830385,False
3,titan_011458,0,303594.9262322406,False
3,titan_011459,0,347735.98711430683,False
3,titan_011460,0,390956.81241207896,False
3,titan_011461,0,434442.6715345854,False
3,titan_011462,0,478118.11846618546,False
3,titan_011463,0,521932.4600521977,False
3,titan_011464,0,565850.2487743507,False
3,titan_011465,0,609845.9034458996,False
3,titan_011466,0,653900.4702837407,False
3,titan_011467,0,697999.4059637252,False
3,titan_011468,0,742131.4777878586,False
3,titan_011469,0,786287.7140176726,False
3,titan_011470,0,830460.8325614952,False
3,titan_011471,0,874644.8530324098,False
3,titan_011472,0,918834.6334450981,False
3,titan_011473,4,963025.8854397738,False
3,titan_011474,4,1007214.8522779981,False
3,titan_011475,4,1051398.2254203646,False
3,titan_011476,0,1095573.090582489,False
3,titan_011477,0,1139736.6977758147,False
3,titan_011478,0,1183886.6423438292,False
3,titan_011479,0,1228020.662808221,False
3,titan_011480,0,1272136.645291764,False
3,titan_011481,0,1316232.6347553355,False
3,titan_011482,0,1360306.6543986308,False
3,titan_011483,0,1404356.9235786246,False
3,titan_011484,0,1448381.6845834646,False
3,titan_011485,0,1489837.6968182665,False
3,titan_011486,2,1530012.361471428,False
3,titan_011487,2,1570246.4109217145,False
3,titan_011488,0,1610530.6438584602,False
3,titan_011489,0,1650856.545217774,False
3,titan_011490,2,1691216.2347459781,False
3,titan_011491,2,1731602.427223304,False
3,titan_011492,2,1772008.2217872664,False
3,titan_011493,2,1812427.2608048678,False
3,titan_011494,2,1852853.5346653524,False
3,titan_011497,3,1974120.5660432724,False
3,titan_011498,2,2014521.9089704386,False
3,titan_011499,0,2054904.8079237335,False
3,titan_011500,0,2095264.781532661,False
3,titan_011501,0,2135597.54467582,False
3,titan_011502,0,2175898.8444250766,False
3,titan_011503,0,2216164.6586481677,False
3,titan_011504,4,2256391.0355592333,False
3,titan_011505,0,2296574.115169264,False
3,titan_011506,4,2336710.1518380353,False
3,titan_011507,4,2376795.3585600797,False
3,titan_011508,0,2416826.11119367,False
3,titan_011509,4,2451209.9511781684,False
3,titan_011510,0,2480554.788950878,False
3,titan_011511,4,2506737.6438453714,False
3,titan_011512,4,2532956.43397522,False
3,titan_011513,4,2559203.2590297554,False
3,titan_011514,0,2585470.3647468598,False
3,titan_011515,0,2611750.156936032,False
3,titan_011516,0,2638035.2159469957,False
3,titan_011776,0,44999.88233342842,True
3,titan_011777,0,89998.98904787833,True
3,titan_011778,0,134996.54406377362,False
3,titan_011779,0,179991.7297954544,False
3,titan_011780,0,224983.8490295696,False
3,titan_011781,0,269972.0809464363,False
3,titan_011782,0,314955.6024268652,False
3,titan_011783,0,359933.7092932024,False
3,titan_011784,0,404905.5723858654,False
3,titan_011785,0,449870.39939340414,False
3,titan_011786,0,494827.3532480632,False
3,titan_011787,0,539775.7138388775,False
3,titan_011788,0,584714.6342137114,False
3,titan_011789,0,629643.2617750693,False
3,titan_011790,0,674403.2492288119,False
3,titan_011791,0,717874.2001369954,False
3,titan_011792,0,761428.5839496951,False
3,titan_011793,0,805049.6222743428,False
3,titan_011794,0,848723.8774931909,False
3,titan_011795,0,892440.2358110503,False
3,titan_011796,4,936189.4981844692,False
3,titan_011797,0,979963.8841421833,False
3,titan_011798,4,1023756.8777512811,False
3,titan_011799,4,1067562.7543783714,False
3,titan_011800,4,1111376.5178949425,False
3,titan_011801,0,1155193.8787908703,False
3,titan_011802,0,1199010.9069582655,False
3,titan_011803,0,1242824.1026592534,False
3,titan_011804,0,1286630.2479380113,False
3,titan_011805,0,1330426.5086357368,False
3,titan_011806,0,1374210.1518029063,False
3,titan_011807,0,1417978.6270427401,False
3,titan_011808,0,1461729.6541798508,False
3,titan_011809,0,1505460.960864107,False
3,titan_011810,2,1549170.4191541532,False
3,titan_011811,2,1592845.9133125285,False
3,titan_011812,2,1632687.9899068726,False
3,titan_011813,2,1672586.7595196303,False
3,titan_011814,0,1712533.5694961306,False
3,titan_011815,2,1752520.4924013806,False
3,titan_011816,0,1792540.0394346218,False
3,titan_011817,2,1832585.2427032788,False
3,titan_011820,0,1952811.2487354816,False
3,titan_011821,0,1992897.2822080797,False
3,titan_011822,0,2032979.7423736886,False
3,titan_011823,0,2073053.586679789,False
3,titan_011824,0,2113114.0202595294,False
3,titan_011825,4,2153156.399555628,False
3,titan_011826,0,2193176.355078863,False
3,titan_011827,0,2233169.555108084,False
3,titan_011828,4,2273131.796424952,False
3,titan_011829,4,2313059.0962474504,False
3,titan_011830,4,2352947.461290766,False
3,titan_011831,4,2392793.0185927493,False
3,titan_011832,4,2432591.9313054704,False
3,titan_011833,0,2472340.5309653124,False
3,titan_011834,0,2510399.889321114,False
3,titan_011835,4,2539439.2406562516,False
3,titan_011836,0,2565406.0323191565,False
3,titan_011837,4,2591407.0971562862,False
3,titan_011838,4,2617434.761204422,False
3,titan_011839,4,2643481.4818354533,False
3,titan_011840,0,2669539.9332780577,False
3,titan_012102,0,44999.88827242495,True
3,titan_012103,0,77759.1358491063,True
3,titan_012104,0,117214.82589505368,False
3,titan_012105,0,159526.8453591285,False
3,titan_012106,0,202914.35417267354,False
3,titan_012107,0,246808.70852700615,False
3,titan_012108,0,290978.401024206,False
3,titan_012109,0,335312.31426788424,False
3,titan_012110,0,379750.53040398145,False
3,titan_012111,0,424257.76425815094,False
3,titan_012112,0,468811.9042438145,False
3,titan_012113,0,513398.13789780607,False
3,titan_012114,0,558006.1606917493,False
3,titan_012115,0,602628.4858488592,False
3,titan_012116,0,647259.473512098,False
3,titan_012117,0,691894.7340374964,False
3,titan_012118,0,736530.7068450145,False
3,titan_012119,0,781164.572223783,False
3,titan_012120,0,825793.8381902152,False
3,titan_012121,0,870416.3852079182,False
3,titan_012122,0,914938.6857847307,False
3,titan_012123,0,958181.5116141572,False
3,titan_012124,0,1001478.3247387604,False
3,titan_012125,4,1044819.1939448819,False
3,titan_012126,0,1088195.7165046348,False
3,titan_012127,1,1131600.5120413937,False
3,titan_012128,0,1175027.1689854313,False
3,titan_012129,0,1218470.0382728435,False
3,titan_012130,0,1261924.1002599322,False
3,titan_012131,0,1305384.8182071387,False
3,titan_012132,0,1348848.209682804,False
3,titan_012133,0,1392310.5386785332,False
3,titan_012134,0,1435768.4155380186,False
3,titan_012135,0,1479218.7093193058,False
3,titan_012136,2,1522658.5077219924,False
3,titan_012137,2,1566085.0835073695,False
3,titan_012138,2,1609495.8267216813,False
3,titan_012139,2,1652888.3785778012,False
3,titan_012140,2,1696260.3741223465,False
3,titan_012141,2,1737442.5565517817,False
3,titan_012142,2,1777029.8017303285,False
3,titan_012143,2,1816662.2198910674,False
3,titan_012144,0,1856332.2835961531,False
3,titan_012145,2,1896033.04226279,False
3,titan_012146,0,1935757.85532074,False
3,titan_012147,0,1975500.4916968348,False
3,titan_012148,2,2015255.0538582192,False
3,titan_012149,0,2055015.9421811185,False
3,titan_012150,0,2094777.8230533288,False
3,titan_012151,0,2134535.564098353,False
3,titan_012152,0,2174284.353033736,False
3,titan_012153,4,2214019.4575135754,False
3,titan_012154,4,2253736.348746916,False
3,titan_012155,0,2293430.6462958856,False
3,titan_012156,0,2333098.1007604855,False
3,titan_012157,4,2372734.577992945,False
3,titan_012158,0,2412336.0086711403,False
3,titan_012159,0,2451898.519080565,False
3,titan_012160,0,2491418.2028695713,False
3,titan_012161,0,2530891.2539052716,False
3,titan_012162,0,2570313.919856639,False
3,titan_012163,0,2600112.487121891,False
3,titan_012164,4,2625877.30328834,False
3,titan_012165,4,2651674.222608873,False
3,titan_012166,4,2677495.789982025,False
3,titan_012167,4,2703334.71473096,False
3,titan_012431,0,44999.87793124839,True
3,titan_012432,0,89999.15304817972,True
3,titan_012433,0,134997.09843710109,False
3,titan_012434,0,179993.1513653659,False
3,titan_012435,0,224986.58300116094,False
3,titan_012436,0,269976.7866783825,False
3,titan_012437,0,314963.1537883148,False
3,titan_012438,0,359944.94972227595,False
3,titan_012439,0,404921.5608377353,False
3,titan_012440,0,449892.370360356,False
3,titan_012441,0,494329.2233786952,False
3,titan_012442,0,538248.817873364,False
3,titan_012443,0,582264.2465840906,False
3,titan_012444,0,626352.7374153058,False
3,titan_012445,0,670497.3805694459,False
3,titan_012446,0,714685.250862464,False
3,titan_012447,0,758906.13392276,False
3,titan_012448,0,803152.0334711396,False
3,titan_012449,0,847416.3114185794,False
3,titan_012450,0,891693.593922407,False
3,titan_012451,0,935979.3783476503,False
3,titan_012452,0,980269.7129866127,False
3,titan_012453,0,1024561.293168637,False
3,titan_012454,1,1068851.228464267,False
3,titan_012455,0,1113136.8361508136,False
3,titan_012456,1,1156112.9217314054,False
3,titan_012457,1,1199114.7642167516,False
3,titan_012458,0,1242151.419102883,False
3,titan_012459,0,1285216.2586533828,False
3,titan_012460,0,1328303.3815173174,False
3,titan_012461,0,1371407.3785364965,False
3,titan_012462,0,1414523.514192407,False
3,titan_012463,0,1457647.3320756946,False
3,titan_012464,2,1500774.8661183335,False
3,titan_012465,2,1543902.4674215056,False
3,titan_012466,2,1587026.6396971336,False
3,titan_012467,2,1630144.2375281756,False
3,titan_012468,2,1673252.3147139682,False
3,titan_012469,2,1716347.9775310638,False
3,titan_012470,2,1759428.5975051622,False
3,titan_012471,2,1802491.6718914758,False
3,titan_012472,2,1844289.0132090987,False
3,titan_012473,0,1883586.4730938768,False
3,titan_012474,0,1922925.6438384089,False
3,titan_012475,0,1962299.4477944772,False
3,titan_012476,0,2001701.3517894791,False
3,titan_012477,0,2041125.0373174457,False
3,titan_012478,0,2080564.6163326835,False
3,titan_012479,0,2120014.48984506,False
3,titan_012480,0,2159469.2095600935,False
3,titan_012481,0,2198923.667884719,False
3,titan_012482,0,2238372.96512662,False
3,titan_012483,4,2277812.278975011,False
3,titan_012484,4,2317237.061373923,False
3,titan_012485,4,2356642.9117469094,False
3,titan_012486,4,2396025.4520469033,False
3,titan_012487,0,2435380.5281727132,False
3,titan_012488,4,2474704.087507413,False
3,titan_012491,0,2592445.749761312,False
3,titan_012492,4,2631603.7757540345,False
3,titan_012493,4,2662565.201691489,False
3,titan_012494,4,2688141.2970927306,False
3,titan_012495,4,2713746.8132578502,False
3,titan_012496,4,2739374.5753705874,False
3,titan_012762,0,44999.893759022285,True
3,titan_012763,0,77755.30236062688,True
3,titan_012764,0,117525.40751017112,False
3,titan_012765,0,160177.1562198004,False
3,titan_012766,0,203908.7955161917,False
3,titan_012767,0,248148.49241514306,False
3,titan_012768,0,292664.172694301,False
3,titan_012769,0,337344.83892209874,False
3,titan_012770,0,382130.77684469166,False
3,titan_012771,0,426986.96720926045,False
3,titan_012772,0,471891.48148711235,False
3,titan_012773,0,516829.67965342297,False
3,titan_012774,0,561791.5063393953,False
3,titan_012775,0,606769.6768582881,False
3,titan_012776,0,651758.7493806316,False
3,titan_012777,0,696754.5710836867,False
3,titan_012778,0,741753.7324625337,False
3,titan_012779,0,786331.3006307203,False
3,titan_012780,0,830090.7041049184,False
3,titan_012781,0,873900.752921902,False
3,titan_012782,0,917751.7135289831,False
3,titan_012785,0,1049474.4505333314,False
3,titan_012786,0,1093419.0376101593,False
3,titan_012787,0,1137374.186823304,False
3,titan_012788,1,1181336.0788952583,False
3,titan_012789,0,1225301.285077347,False
3,titan_012790,0,1269266.7308678352,False
3,titan_012791,0,1312583.230639241,False
3,titan_012792,0,1355276.3702070161,False
3,titan_012793,0,1398001.6874847142,False
3,titan_012794,2,1440753.2223242493,False
3,titan_012795,0,1483525.5760226916,False
3,titan_012796,0,1526313.8703563968,False
3,titan_012797,0,1569113.521849914,False
3,titan_012798,2,1611920.4215533712,False
3,titan_012799,2,1654730.728404416,False
3,titan_012800,2,1697540.9067301522,False
3,titan_012801,2,1740347.5325541059,False
3,titan_012802,0,1783147.5000735137,False
3,titan_012803,0,1825937.837032409,False
3,titan_012804,2,1868715.721190887,False
3,titan_012805,2,1911478.4996762103,False
3,titan_012806,0,1953248.1513503552,False
3,titan_012807,0,1992275.6660668228,False
3,titan_012808,0,2031340.9156095933,False
3,titan_012809,0,2070437.3491871404,False
3,titan_012810,0,2109558.7928771875,False
3,titan_012811,2,2148699.271367877,False
3,titan_012812,0,2187853.1941753086,False
3,titan_012813,0,2227015.1835913286,False
3,titan_012814,0,2266180.1219192287,False
3,titan_012815,0,2305342.98409342,False
3,titan_012816,0,2344499.033915036,False
3,titan_012817,4,2383643.6605069158,False
3,titan_012818,4,2422772.39716755,False
3,titan_012821,0,2540020.4747891068,False
3,titan_012824,0,2656975.485155491,False
3,titan_012825,4,2695876.998180715,False
3,titan_012826,4,2726791.7049473464,False
3,titan_012827,4,2752191.3409224553,False
3,titan_012828,0,2777617.310486411,False
3,titan_013096,0,44999.89030693375,True
3,titan_013097,0,89999.29436275232,True
3,titan_013098,0,134997.6000883885,False
3,titan_013099,0,179994.36211733037,False
3,titan_013100,0,224988.96679096512,False
3,titan_013101,0,269980.9665150002,False
3,titan_013102,0,314969.74477970134,False
3,titan_013103,0,359954.85047745967,False
3,titan_013104,0,404935.6629621847,False
3,titan_013105,0,449911.72631060216,False
3,titan_013106,0,494882.4144351622,False
3,titan_013107,0,539847.2652714839,False
3,titan_013108,0,584805.6459592155,False
3,titan_013109,0,629757.0869378517,False
3,titan_013110,0,674700.9472101114,False
3,titan_013111,0,719636.7483280732,False
3,titan_013112,0,764563.8397537947,False
3,titan_013113,0,809481.7327173946,False
3,titan_013114,0,854389.7656898147,False
3,titan_013115,0,899287.4380941049,False
3,titan_013116,0,944174.0759054506,False
3,titan_013117,0,989049.1651964567,False
3,titan_013118,0,1033912.0178798004,False
3,titan_013119,0,1078762.1050678447,False
3,titan_013120,0,1122362.909430986,False
3,titan_013121,0,1165947.4648359444,False
3,titan_013122,0,1209554.8809603376,False
3,titan_013123,0,1253180.291385289,False
3,titan_013124,2,1296819.2603418399,False
3,titan_013125,2,1340467.812694932,False
3,titan_013126,2,1384122.4811744993,False
3,titan_013127,0,1427779.961151286,False
3,titan_013128,2,1470896.2740622193,False
3,titan_013129,2,1513305.8873435229,False
3,titan_013130,2,1555744.0193806682,False
3,titan_013131,0,1598205.2816314143,False
3,titan_013132,2,1640684.8770569374,False
3,titan_013133,2,1683178.2275362266,False
3,titan_013134,2,1725681.241093968,False
3,titan_013135,2,1768189.9539110926,False
3,titan_013137,2,1853210.3143679085,False
3,titan_013138,2,1895715.3201182904,False
3,titan_013139,2,1938212.6898959419,False
3,titan_013140,0,1980699.5901127446,False
3,titan_013141,2,2023173.1564363055,False
3,titan_013142,2,2064346.9240151208,False
3,titan_013143,0,2103122.4661673005,False
3,titan_013144,2,2141931.5114720496,False
3,titan_013145,2,2180767.8560771276,False
3,titan_013146,0,2219625.7297173096,False
3,titan_013147,2,2258499.479064213,False
3,titan_013148,2,2297383.831414497,False
3,titan_013149,0,2336273.5825132406,False
3,titan_013150,2,2375163.8646833696,False
3,titan_013159,4,2724456.1268880726,False
3,titan_013160,0,2763109.872362859,False
3,titan_013161,4,2792789.6137143183,False
3,titan_013162,4,2818024.0471739103,False
3,titan_013432,0,44999.90264860641,True
3,titan_013433,0,86883.92104595118,True
3,titan_013434,0,127385.46218851647,False
3,titan_013435,0,170082.10403949098,False
3,titan_013436,0,213660.54193090537,False
3,titan_013437,0,257672.38909344515,False
3,titan_013438,0,301926.5802539452,False
3,titan_013439,0,346328.66065842204,False
3,titan_013440,0,390826.6268890493,False
3,titan_013441,0,435389.32537842577,False
3,titan_013442,0,479997.0793179543,False
3,titan_013443,0,524636.573130469,False
3,titan_013444,0,569298.6371153165,False
3,titan_013445,0,613976.4697774204,False
3,titan_013446,0,658665.0714117899,False
3,titan_013447,0,703360.5858237789,False
3,titan_013448,0,748059.8321860385,False
3,titan_013449,0,792760.3707739414,False
3,titan_013450,0,837460.0136550455,False
3,titan_013451,0,882157.051581141,False
3,titan_013452,0,926849.8425519149,False
3,titan_013453,0,971537.0489748922,False
3,titan_013454,0,1016217.4710369972,False
3,titan_013455,0,1060889.8904537198,False
3,titan_013456,0,1105553.3397372477,False
3,titan_013457,0,1150206.749631327,False
3,titan_013458,0,1194849.269409773,False
3,titan_013459,2,1239479.921368043,False
3,titan_013460,2,1284097.884400953,False
3,titan_013461,2,1328486.7062080211,False
3,titan_013462,2,1371798.7312628806,False
3,titan_013463,2,1415129.3073247077,False
3,titan_013464,2,1458474.1778379052,False
3,titan_013465,2,1501829.6289064386,False
3,titan_013466,2,1545192.1094301397,False
3,titan_013467,2,1588558.468637866,False
3,titan_013468,2,1631087.069955692,False
3,titan_013469,2,1673234.101843026,False
3,titan_013473,2,1842019.0516725138,False
3,titan_013474,2,1884243.0813079514,False
3,titan_013475,2,1926470.6652691497,False
3,titan_013476,2,1968698.301483279,False
3,titan_013477,2,2010922.823041201,False
3,titan_013478,2,2053141.0607791224,False
3,titan_013479,2,2095350.1405788732,False
3,titan_013480,2,2137547.150487967,False
3,titan_013481,2,2177617.298840828,False
3,titan_013482,2,2216157.189301467,False
3,titan_013483,0,2254725.99839741,False
3,titan_013484,0,2293318.048097112,False
3,titan_013485,0,2331927.7605596804,False
3,titan_013496,0,2756412.51850838,False
3,titan_013497,4,2794867.7174791694,False
3,titan_013498,4,2833282.995597366,False
3,titan_013499,4,2857406.5539942663,False
3,titan_013770,0,44999.92504214017,True
3,titan_013771,0,71118.99952936015,True
3,titan_013772,0,109847.59716839487,False
3,titan_013773,0,152148.67301359086,False
3,titan_013774,0,195718.3807136011,False
3,titan_013775,0,239865.26386262022,False
3,titan_013776,0,284319.3699622986,False
3,titan_013777,0,328954.9304675647,False
3,titan_013778,0,373705.53427902574,False
3,titan_013779,0,418532.9433248251,False
3,titan_013780,0,463413.4723245048,False
3,titan_013781,0,508331.62810806365,False
3,titan_013782,0,553276.7996818821,False
3,titan_013783,0,598241.4303372628,False
3,titan_013784,0,643219.9522365107,False
3,titan_013785,0,688208.1368654366,False
3,titan_013786,0,733202.6836660171,False
3,titan_013787,0,778200.9932495848,False
3,titan_013788,0,823200.8166654857,False
3,titan_013789,0,868200.3846626605,False
3,titan_013790,0,913198.1499380119,False
3,titan_013791,0,958192.7660415405,False
3,titan_013792,0,1003183.0408812991,False
3,titan_013793,0,1048064.3363684992,False
3,titan_013794,0,1092482.4436528927,False
3,titan_013795,2,1136900.884936619,False
3,titan_013796,2,1181317.7006576485,False
3,titan_013797,2,1225731.1266221066,False
3,titan_013798,2,1270139.599897128,False
3,titan_013799,2,1314541.5627509383,False
3,titan_013800,2,1358935.690410542,False
3,titan_013801,2,1403320.7048416717,False
3,titan_013802,2,1447695.4010626362,False
3,titan_013803,2,1492058.6343045179,False
3,titan_013804,2,1536160.6924317651,False
3,titan_013805,2,1579219.292099877,False
3,titan_013810,2,1793206.858096907,False
3,titan_013811,2,1835108.9074590504,False
3,titan_013812,2,1877030.73088849,False
3,titan_013813,2,1918968.0662667851,False
3,titan_013814,2,1960916.9121843167,False
3,titan_013815,2,2002873.4981460264,False
3,titan_013816,2,2044834.2582342562,False
3,titan_013817,2,2086795.8077543874,False
3,titan_013818,2,2128754.922460036,False
3,titan_013819,2,2170708.5595264034,False
3,titan_013820,2,2212653.6828943854,False
3,titan_013821,2,2254587.4854629375,False
3,titan_013822,2,2293095.4069606247,False
3,titan_013834,0,2753420.845568996,False
3,titan_014111,0,44999.95364002433,True
3,titan_014112,0,89999.48430511047,True
3,titan_014113,0,134998.2967089404,False
3,titan_014114,0,179995.96718812935,False
3,titan_014115,0,224992.07139487096,False
3,titan_014116,0,269986.3119692654,False
3,titan_014117,0,314978.2198597328,False
3,titan_014118,0,359967.4951616679,False
3,titan_014119,0,404953.70845262345,False
3,titan_014120,0,449936.4284644087,False
3,titan_014121,0,494915.3497006488,False
3,titan_014122,0,539889.9938405771,False
3,titan_014123,0,584860.0504500561,False
3,titan_014124,0,629825.0784136817,False
3,titan_014125,0,674784.63355169,False
3,titan_014126,0,719738.3961471964,False
3,titan_014127,0,764685.9150775827,False
3,titan_014128,0,809626.7353810994,False
3,titan_014129,0,854560.5257121075,False
3,titan_014130,0,899486.7799981324,False
3,titan_014131,0,944405.1577736309,False
3,titan_014132,0,989315.1858875358,False
3,titan_014133,0,1034216.3859560831,False
3,titan_014134,2,1079108.401666405,False
3,titan_014135,2,1123990.7006694716,False
3,titan_014136,2,1168862.9145630042,False
3,titan_014137,2,1213724.5408492067,False
3,titan_014138,2,1258575.0702337928,False
3,titan_014139,2,1303414.1137353084,False
3,titan_014140,2,1348241.1048765865,False
3,titan_014141,2,1393055.6392204198,False
3,titan_014142,2,1437550.3446347327,False
3,titan_014143,2,1481698.512796931,False
3,titan_014150,2,1788271.4146925982,False
3,titan_014151,2,1831099.4317475636,False
3,titan_014152,2,1873933.0877124635,False
3,titan_014153,2,1915664.0045637114,False
3,titan_014154,2,1957316.7163372464,False
3,titan_014155,2,1998988.6650994949,False
3,titan_014156,2,2040675.8412438603,False
3,titan_014157,2,2082374.344235553,False
3,titan_014158,2,2124080.476157928,False
3,titan_014159,2,2165790.8381277462,False
3,titan_014160,2,2207502.033796309,False
3,titan_014161,2,2249210.9676892753,False
3,titan_014173,0,2715976.8698756937,False
3,titan_014174,0,2754108.855804813,False
3,titan_014453,0,44999.947757207556,True
3,titan_014454,0,89999.5580349693,True
3,titan_014455,0,134998.4931501294,False
3,titan_014456,0,178194.2860972196,False
3,titan_014457,0,221900.39060605306,False
3,titan_014458,0,265992.97226085543,False
3,titan_014459,0,310306.18164320104,False
3,titan_014460,0,354756.2724787152,False
3,titan_014461,0,399296.3231569676,False
3,titan_014462,0,443898.04349993035,False
3,titan_014463,0,488543.3071581473,False
3,titan_014464,0,533219.9194127206,False
3,titan_014465,0,577919.3335300758,False
3,titan_014466,0,622635.3448832138,False
3,titan_014467,0,667363.3074501249,False
3,titan_014468,0,712099.6443334755,False
3,titan_014469,0,756841.4885891082,False
3,titan_014470,0,801586.6428775444,False
3,titan_014471,0,846333.1794276207,False
3,titan_014472,0,891079.509650072,False
3,titan_014473,0,935824.2694168718,False
3,titan_014474,0,980566.2666136457,False
3,titan_014475,0,1025304.4423393242,False
3,titan_014476,2,1070037.8417609641,False
3,titan_014477,2,1114765.5919114617,False
3,titan_014478,2,1159486.8845538965,False
3,titan_014479,2,1204200.9627932652,False
3,titan_014480,2,1248907.0678968907,False
3,titan_014481,2,1293604.6012329797,False
3,titan_014482,2,1338292.8618299428,False
3,titan_014483,2,1382971.2112101084,False
3,titan_014491,2,1739291.1649437803,False
3,titan_014492,2,1783179.5865965562,False
3,titan_014493,2,1827059.893889786,False
3,titan_014494,2,1870930.6466092016,False
3,titan_014495,2,1913858.8139272102,False
3,titan_014496,2,1956442.6183047486,False
3,titan_014497,2,1999033.1934134306,False
3,titan_014498,2,2040621.6735381458,False
3,titan_014499,2,2082043.8363206447,False
3,titan_014500,2,2123484.174676974,False
3,titan_014501,2,2164938.785481921,False
3,titan_014502,2,2206403.92270603,False
3,titan_014514,0,2682560.7391993427,False
3,titan_014515,0,2720504.7366543394,False
3,titan_014797,0,44999.9591935469,True
3,titan_014798,0,89999.62077758469,True
3,titan_014799,0,134998.68696270543,False
3,titan_014800,0,179996.85959947165,False
3,titan_014801,0,224735.16390456268,False
3,titan_014802,0,268853.74093216803,False
3,titan_014803,0,313186.1252255449,False
3,titan_014804,0,357651.80087257084,False
3,titan_014805,0,401701.40104253264,False
3,titan_014806,3,445421.18923236127,False
3,titan_014807,3,489323.0854010439,False
3,titan_014808,0,533360.9305041685,False
3,titan_014809,0,577502.4445345587,False
3,titan_014810,0,621724.3489964722,False
3,titan_014811,0,666009.374209681,False
3,titan_014812,0,710344.5626098231,False
3,titan_014813,0,754719.795525232,False
3,titan_014814,0,799127.1448416482,False
3,titan_014815,0,843560.2680035657,False
3,titan_014816,0,888013.9699986712,False
3,titan_014817,0,932484.0903700505,False
3,titan_014818,2,976967.0410823284,False
3,titan_014819,2,1021459.823804793,False
3,titan_014820,2,1065959.8723302502,False
3,titan_014821,2,1110464.922380732,False
3,titan_014822,2,1154973.1146853846,False
3,titan_014823,2,1199482.6865967498,False
3,titan_014824,2,1243992.1012431132,False
3,titan_014825,2,1288499.9719978655,False
3,titan_014834,2,1688819.9183421272,False
3,titan_014835,2,1733255.2449290059,False
3,titan_014836,2,1777678.6436420735,False
3,titan_014837,2,1822089.4603599093,False
3,titan_014838,2,1866486.9241741532,False
3,titan_014839,2,1910870.3146388943,False
3,titan_014840,2,1954845.7440751009,False
3,titan_014841,2,1998497.9610974703,False
3,titan_014842,2,2042131.6945499831,False
3,titan_014843,2,2084488.414894087,False
3,titan_014844,2,2126852.370924598,False
3,titan_014845,2,2168106.943349285,False
3,titan_014858,0,2690910.7647385024,False
3,titan_014859,0,2728648.7683851784,False
3,titan_015143,2,44999.96364260928,True
3,titan_015144,0,89999.6666706284,True
3,titan_015145,0,134998.84831171017,False
3,titan_015146,0,179997.2041553411,False
3,titan_015147,0,224994.55928548638,False
3,titan_015148,2,269990.6081837214,False
3,titan_015149,0,314985.087862252,False
3,titan_015150,0,359977.7343798585,False
3,titan_015151,0,404968.28267997404,False
3,titan_015152,0,449738.0002474194,False
3,titan_015153,3,494407.22489187063,False
3,titan_015154,0,539107.4063176195,False
3,titan_015155,2,583345.1850648182,False
3,titan_015156,2,627025.108731805,False
3,titan_015157,0,670668.9366635198,False
3,titan_015158,0,714428.9384925815,False
3,titan_015159,0,758283.9280154464,False
3,titan_015160,0,802217.1277533838,False
3,titan_015161,0,846215.1788157905,False
3,titan_015162,2,890267.2756696516,False
3,titan_015163,2,934364.5709588344,False
3,titan_015164,2,978499.695736008,False
3,titan_015165,2,1022666.6035206448,False
3,titan_015166,2,1066860.069113584,False
3,titan_015167,2,1111075.67024335,False
3,titan_015168,2,1155309.5994691995,False
3,titan_015169,2,1199558.550378144,False
3,titan_015170,2,1243819.5851649314,False
3,titan_015171,2,1288090.233590976,False
3,titan_015172,2,1332368.1798833378,False
3,titan_015179,2,1642368.3988041598,False
3,titan_015180,2,1686644.685442852,False
3,titan_015181,2,1730915.0070475077,False
3,titan_015182,2,1775178.2878304191,False
3,titan_015183,2,1819433.6253884225,False
3,titan_015184,2,1863680.0280386328,False
3,titan_015185,2,1907916.579213996,False
3,titan_015186,2,1952142.3895241935,False
3,titan_015187,2,1996356.5920682412,False
3,titan_015188,0,2040558.3382807332,False
3,titan_015189,2,2084746.7516925237,False
3,titan_015190,0,2128921.0947695877,False
3,titan_015204,2,2702836.42416756,False
3,titan_015205,0,2740365.969651448,False
3,titan_015206,0,2777908.7898108917,False
3,titan_015491,2,44999.991089021874,True
3,titan_015492,0,89999.71225839341,True
3,titan_015493,0,134998.9805041883,False
3,titan_015494,0,179997.6125461315,False
3,titan_015495,0,224995.29411682696,False
3,titan_015496,0,269991.840973874,False
3,titan_015497,0,314573.84418694855,False
3,titan_015498,0,359260.68277171743,False
3,titan_015499,0,404036.03964278765,False
3,titan_015500,0,448872.7470921931,False
3,titan_015501,0,493753.28005311644,False
3,titan_015502,0,538301.5879133961,False
3,titan_015503,0,582892.0031078653,False
3,titan_015504,2,627563.807808762,False
3,titan_015505,0,672300.0903365272,False
3,titan_015506,0,717088.09523175,False
3,titan_015507,2,761917.8823757312,False
3,titan_015508,2,806781.7746283632,False
3,titan_015509,2,851673.6695034005,False
3,titan_015510,2,896588.5163248313,False
3,titan_015511,2,941391.1646216116,False
3,titan_015512,2,985097.6372513513,False
3,titan_015513,2,1028864.7863819788,False
3,titan_015514,2,1072684.071086679,False
3,titan_015515,2,1116548.2324473246,False
3,titan_015516,2,1160450.9260850376,False
3,titan_015517,2,1204386.7881495384,False
3,titan_015518,2,1248351.1586361697,False
3,titan_015519,2,1292339.834082769,False
3,titan_015520,2,1336349.2263435824,False
3,titan_015526,2,1600681.8103152923,False
3,titan_015527,2,1644762.1935150884,False
3,titan_015528,2,1688844.751557153,False
3,titan_015529,2,1732927.9975367042,False
3,titan_015530,2,1777010.5453766368,False
3,titan_015531,2,1821090.9683180577,False
3,titan_015532,2,1865168.043019968,False
3,titan_015533,2,1909240.6114455182,False
3,titan_015534,2,1953307.44411274,False
3,titan_015535,2,1997367.4880986065,False
3,titan_015536,2,2041419.7322823163,False
3,titan_015551,2,2675921.938845534,False
3,titan_015554,2,2792953.014335536,False
3,titan_015840,2,44999.997543838545,True
3,titan_015841,2,89999.7565194675,True
3,titan_015842,2,134999.12567052012,False
3,titan_015843,0,178919.12339782118,False
3,titan_015844,0,222847.96275630864,False
3,titan_015845,0,267162.9518314672,False
3,titan_015846,0,311698.9158791691,False
3,titan_015847,0,356372.36350764945,False
3,titan_015848,0,401136.7898240329,False
3,titan_015849,2,445964.18164980446,False
3,titan_015850,0,490836.70115051104,False
3,titan_015851,0,535742.2918545923,False
3,titan_015852,0,580672.6639849801,False
3,titan_015853,0,625621.8624492765,False
3,titan_015854,2,670585.355111442,False
3,titan_015855,2,715559.8072146719,False
3,titan_015856,2,760542.635203294,False
3,titan_015857,2,805531.6656120522,False
3,titan_015858,2,850525.2537194731,False
3,titan_015859,2,895522.0520713719,False
3,titan_015860,2,940520.8076512316,False
3,titan_015861,2,985520.5720447869,False
3,titan_015862,2,1030520.5317970528,False
3,titan_015863,2,1075519.8483703027,False
3,titan_015864,2,1120517.8984592776,False
3,titan_015865,2,1165514.0822049014,False
3,titan_015866,2,1210507.8974260339,False
3,titan_015867,2,1255498.7543929997,False
3,titan_015873,2,1519990.9245227366,False
3,titan_015874,2,1563818.9841740537,False
3,titan_015875,2,1607662.5666960375,False
3,titan_015876,2,1651519.1191863653,False
3,titan_015877,2,1695386.4243101939,False
3,titan_015878,2,1739262.4026678058,False
3,titan_015879,2,1783145.1746587283,False
3,titan_015880,2,1827032.8698771258,False
3,titan_015881,2,1870923.8655529548,False
3,titan_015882,2,1914816.6436424148,False
3,titan_015883,2,1958709.6498040324,False
3,titan_015899,2,2647463.15752411,False
3,titan_015900,2,2688144.3242146624,False
3,titan_016191,2,44999.95270828762,True
3,titan_016192,0,89999.78339649393,True
3,titan_016193,2,134999.23827380565,False
3,titan_016194,0,179998.23890680278,False
3,titan_016195,0,224996.53100176592,False
3,titan_016196,0,269993.9915285196,False
3,titan_016197,2,314990.4969471993,False
3,titan_016198,2,359985.7914489772,False
3,titan_016199,2,404979.7940568706,False
3,titan_016200,2,449972.24743731006,False
3,titan_016201,2,494963.06886833324,False
3,titan_016202,2,539951.9990710997,False
3,titan_016203,2,584938.9531507555,False
3,titan_016204,2,629923.6694526687,False
3,titan_016205,2,674906.0165982633,False
3,titan_016206,2,719885.86172959,False
3,titan_016207,2,764862.9387935536,False
3,titan_016208,2,809837.1555119271,False
3,titan_016209,2,854808.2423204893,False
3,titan_016210,2,899776.1031668467,False
3,titan_016211,2,944740.4644913548,False
3,titan_016212,2,989701.2259700131,False
3,titan_016213,2,1034658.109542194,False
3,titan_016214,2,1079610.966249864,False
3,titan_016215,2,1124559.644528158,False
3,titan_016216,2,1169503.8585631533,False
3,titan_016217,2,1214443.495018301,False
3,titan_016218,2,1259378.2622017276,False
3,titan_016219,2,1304308.0405639573,False
3,titan_016220,2,1349232.5319303174,False
3,titan_016221,2,1394151.6099125657,False
3,titan_016222,2,1439064.9692118394,False
3,titan_016223,2,1483972.4759365567,False
3,titan_016224,2,1528873.8169815005,False
3,titan_016225,2,1573768.80645944,False
3,titan_016226,2,1618657.2540850255,False
3,titan_016227,2,1662590.276016804,False
3,titan_016228,2,1706223.585001875,False
3,titan_016229,2,1749874.6298337274,False
3,titan_016230,2,1793541.0051263971,False
3,titan_016231,2,1837220.3274132013,False
3,titan_016232,2,1880910.552482974,False
3,titan_016233,2,1924609.6142871075,False
3,titan_016234,2,1968315.70552502,False
3,titan_016235,2,2012027.1343787408,False
3,titan_016236,2,2055742.1830136545,False
3,titan_016237,2,2099459.394068462,False
3,titan_016238,2,2143177.2190002673,False
3,titan_016239,2,2186894.349814737,False
3,titan_016240,2,2230609.3696068926,False
3,titan_016241,2,2274321.0862049023,False
3,titan_016242,2,2318028.184386847,False
3,titan_016243,2,2361729.518295774,False
3,titan_016244,0,2405423.9780635727,False
3,titan_016245,2,2449110.3570386013,False
3,titan_016246,0,2492787.6455738456,False
3,titan_016247,2,2536454.68603164,False
3,titan_016248,2,2580110.509782715,False
3,titan_016249,2,2623159.3195343176,False
3,titan_016250,2,2663646.1895877304,False
3,titan_016251,2,2704146.5867526326,False
3,titan_016252,2,2744657.27360299,False
3,titan_016253,2,2785175.1145073962,False
3,titan_016254,2,2825696.946813112,False
3,titan_016255,2,2866219.8479676135,False
3,titan_016256,2,2906740.8104626983,False
3,titan_016257,2,2944455.933256224,False
3,titan_016258,2,2981501.885493645,False
3,titan_016259,0,3018560.743457555,False
3,titan_016260,2,3055628.04678466,False
3,titan_016542,0,44999.97402038838,True
3,titan_016543,0,71043.73162719984,True
3,titan_016544,2,109560.86292651152,False
3,titan_016545,2,151641.47434743698,False
3,titan_016546,2,194991.6158885048,False
3,titan_016547,2,238920.823676641,False
3,titan_016548,2,283159.262103755,False
3,titan_016549,2,327581.1962269607,False
3,titan_016550,2,372120.42196626967,False
3,titan_016551,2,416738.82487692725,False
3,titan_016552,2,461412.91550633387,False
3,titan_016553,2,506127.4172545715,False
3,titan_016554,2,550871.9502133179,False
3,titan_016555,2,595639.1993098896,False
3,titan_016556,2,640423.846374219,False
3,titan_016557,0,685221.9189843287,False
3,titan_016558,2,730030.37807306,False
3,titan_016559,2,774846.8481074657,False
3,titan_016560,2,819669.4793768518,False
3,titan_016561,2,864496.6471991935,False
3,titan_016562,2,909327.1268612663,False
3,titan_016563,2,954159.8546006305,False
3,titan_016564,2,998993.925014416,False
3,titan_016565,2,1043828.5565195393,False
3,titan_016566,2,1088663.0653064845,False
3,titan_016567,2,1133496.845437225,False
3,titan_016568,2,1178329.3534518315,False
3,titan_016569,2,1223160.0963270573,False
3,titan_016570,2,1267988.621956904,False
3,titan_016571,2,1312814.5115516053,False
3,titan_016572,2,1357637.3735107437,False
3,titan_016573,2,1402456.8384395917,False
3,titan_016574,2,1447272.5550597378,False
3,titan_016575,2,1492084.2306902183,False
3,titan_016576,2,1536891.4529565594,False
3,titan_016577,2,1581693.9506198317,False
3,titan_016578,2,1626491.416084715,False
3,titan_016579,2,1671283.5475428882,False
3,titan_016580,2,1716070.0474830838,False
3,titan_016581,2,1760850.621393861,False
3,titan_016582,2,1805624.976624151,False
3,titan_016583,2,1850392.8213731647,False
3,titan_016584,2,1895082.1586788606,False
3,titan_016585,2,1938576.0623301622,False
3,titan_016586,2,1982084.3983334198,False
3,titan_016587,2,2025605.048957375,False
3,titan_016588,2,2069136.0320371273,False
3,titan_016589,2,2112675.485830294,False
3,titan_016590,2,2156221.6556226923,False
3,titan_016591,2,2199772.924478777,False
3,titan_016592,2,2243327.6321211834,False
3,titan_016593,2,2286884.32128609,False
3,titan_016594,2,2330441.5587241906,False
3,titan_016595,2,2373997.970219811,False
3,titan_016596,2,2417552.2337235957,False
3,titan_016597,2,2461103.0731356624,False
3,titan_016598,2,2504649.252657363,False
3,titan_016599,2,2548189.5716405683,False
3,titan_016600,2,2591722.8598726066,False
3,titan_016601,2,2635247.9732427835,False
3,titan_016602,2,2678763.789743152,False
3,titan_016603,2,2722269.2057618517,False
3,titan_016604,2,2764226.0400750265,False
3,titan_016605,2,2804577.108938531,False
3,titan_016606,2,2844938.5257855076,False
3,titan_016607,2,2885307.20650628,False
3,titan_016608,2,2925680.0310243615,False
3,titan_016609,2,2966054.0716911713,False
3,titan_016610,0,3006162.644998225,False
3,titan_016611,2,3043065.0153178116,False
3,titan_016612,2,3079982.212115915,False
3,titan_016895,2,45000.020391674494,True
3,titan_016896,2,86782.40078468494,True
3,titan_016897,2,127479.76134936123,False
3,titan_016898,2,170391.965494872,False
3,titan_016899,2,214191.6499501969,False
3,titan_016900,2,258427.6596316238,False
3,titan_016901,2,302908.5727667618,False
3,titan_016902,2,347540.031628281,False
3,titan_016903,2,392197.4819146291,False
3,titan_016904,2,435963.1085837242,False
3,titan_016905,2,479925.93098198494,False
3,titan_016906,2,524035.8729210399,False
3,titan_016907,2,568258.1866722995,False
3,titan_016908,2,612568.0390929817,False
3,titan_016909,2,656947.2138735335,False
3,titan_016910,2,701382.0422430059,False
3,titan_016911,2,745862.0614926812,False
3,titan_016912,2,790379.1201951758,False
3,titan_016913,2,834926.7662154773,False
3,titan_016914,2,879499.8625197731,False
3,titan_016915,2,924094.1067280141,False
3,titan_016916,2,968706.0721127831,False
3,titan_016917,2,1013332.8689050324,False
3,titan_016918,2,1057972.0655773655,False
3,titan_016919,2,1102621.5959083193,False
3,titan_016920,2,1147279.6876054802,False
3,titan_016921,2,1191944.806870142,False
3,titan_016922,2,1236615.6148963908,False
3,titan_016923,2,1281290.9334069458,False
3,titan_016924,2,1325969.7609902443,False
3,titan_016925,2,1370651.0753515037,False
3,titan_016926,2,1415334.0785833509,False
3,titan_016927,2,1460018.006864488,False
3,titan_016928,2,1504702.1621747667,False
3,titan_016929,2,1549385.90219918,False
3,titan_016930,2,1594068.6318973405,False
3,titan_016931,2,1638749.7964200778,False
3,titan_016932,2,1683428.8751221336,False
3,titan_016933,2,1728105.4203528021,False
3,titan_016934,2,1772778.877574829,False
3,titan_016935,2,1817448.8449170708,False
3,titan_016936,2,1862114.8944028812,False
3,titan_016937,2,1906776.613017386,False
3,titan_016938,2,1951433.600243142,False
3,titan_016939,2,1996085.4658914302,False
3,titan_016940,2,2040731.8281822216,False
3,titan_016941,2,2085372.3120338733,False
3,titan_016942,2,2129983.7986074733,False
3,titan_016943,2,2173351.7167945965,False
3,titan_016944,2,2216730.8089122106,False
3,titan_016945,2,2260119.279438817,False
3,titan_016946,2,2303515.3868898973,False
3,titan_016947,0,2346917.4761707913,False
3,titan_016948,2,2390323.969374114,False
3,titan_016949,2,2433733.357483131,False
3,titan_016950,2,2477144.1928686383,False
3,titan_016951,2,2520555.0824821116,False
3,titan_016952,2,2563964.6816602745,False
3,titan_016953,2,2607371.73110132,False
3,titan_016954,2,2650774.8811397674,False
3,titan_016955,2,2694172.942793926,False
3,titan_016956,2,2737564.712817164,False
3,titan_016957,2,2780949.012255508,False
3,titan_016958,2,2824324.6826516185,False
3,titan_016959,2,2867690.5824976666,False
3,titan_016960,2,2908102.299594355,False
3,titan_016961,0,2948328.746456211,False
3,titan_016962,2,2988562.222862729,False
3,titan_016963,2,3028799.655979488,False
3,titan_016964,2,3069038.157038581,False
3,titan_016965,2,3107717.065240527,False
3,titan_017250,2,44999.98015238842,True
3,titan_017251,2,89999.86636896715,True
3,titan_017252,2,134999.56465671846,False
3,titan_017253,2,179999.0252426222,False
3,titan_017254,2,224998.06517784574,False
3,titan_017255,2,269996.63428820553,False
3,titan_017256,2,314994.6377771834,False
3,titan_017257,2,359991.980502438,False
3,titan_017258,2,404988.56691703724,False
3,titan_017259,2,449984.30101018725,False
3,titan_017260,2,494979.08624734345,False
3,titan_017261,2,539972.8255096617,False
3,titan_017262,2,584965.4210326718,False
3,titan_017263,2,629956.7743441266,False
3,titan_017264,0,674946.8305256179,False
3,titan_017265,2,719935.4008481938,False
3,titan_017266,2,764922.4286596996,False
3,titan_017267,2,809907.8120153636,False
3,titan_017268,2,854891.447936192,False
3,titan_017269,2,899671.739714605,False
3,titan_017270,2,943946.0861070777,False
3,titan_017271,2,988261.2205584398,False
3,titan_017272,2,1032611.3930797945,False
3,titan_017273,2,1076991.7713039066,False
3,titan_017274,2,1121398.3037558303,False
3,titan_017275,2,1165827.405052651,False
3,titan_017276,2,1210276.1090568376,False
3,titan_017277,2,1254741.807522248,False
3,titan_017278,2,1299222.2250054078,False
3,titan_017279,2,1343715.3635667241,False
3,titan_017280,2,1388219.4579972003,False
3,titan_017281,2,1432732.9393041667,False
3,titan_017282,2,1477254.4047292166,False
3,titan_017283,2,1521782.5929710423,False
3,titan_017284,2,1566316.3635845731,False
3,titan_017285,2,1610854.7236353045,False
3,titan_017286,2,1655396.637686131,False
3,titan_017287,2,1699941.27883397,False
3,titan_017288,2,1744487.8427854206,False
3,titan_017289,2,1789035.5828493228,False
3,titan_017290,2,1833583.8023128377,False
3,titan_017291,2,1878131.8478694817,False
3,titan_017292,0,1922679.103927826,False
3,titan_017293,2,1967224.9876603726,False
3,titan_017294,2,2011768.944676814,False
3,titan_017295,2,2056310.4891078891,False
3,titan_017296,2,2100849.0247241347,False
3,titan_017297,2,2145384.105270119,False
3,titan_017298,2,2189915.2562859016,False
3,titan_017299,2,2234442.016629235,False
3,titan_017300,2,2278963.936351958,False
3,titan_017301,2,2323480.574781457,False
3,titan_017302,2,2367419.939446585,False
3,titan_017303,2,2410673.276214104,False
3,titan_017304,2,2453934.7487531877,False
3,titan_017305,2,2497202.7272422835,False
3,titan_017306,2,2540475.693401785,False
3,titan_017307,2,2583752.062740329,False
3,titan_017308,2,2627030.433777694,False
3,titan_017309,2,2670309.4114905233,False
3,titan_017310,2,2713587.6444147527,False
3,titan_017311,2,2756863.8195529403,False
3,titan_017312,2,2800136.6576673845,False
3,titan_017313,2,2843404.9089142038,False
3,titan_017314,2,2886667.348778566,False
3,titan_017315,2,2929922.77427553,False
3,titan_017316,2,2973170.04298871,False
3,titan_017317,2,3014750.504340555,False
3,titan_017318,0,3054855.9732154077,False
3,titan_017319,0,3094967.879199327,False
3,titan_017320,0,3135083.2776535647,False
3,titan_017605,2,44999.98170006242,True
3,titan_017606,0,78029.60361382032,True
3,titan_017607,2,117633.58092167713,False
3,titan_017608,2,160080.48314793923,False
3,titan_017609,2,203599.73943788462,False
3,titan_017610,2,247626.30783152135,False
3,titan_017611,2,291930.52162234084,False
3,titan_017612,2,336402.43490460835,False
3,titan_017613,2,380983.05063522,False
3,titan_017614,2,425637.93165377143,False
3,titan_017615,0,470345.6373069845,False
3,titan_017616,2,515092.16308390285,False
3,titan_017617,2,559867.8245593052,False
3,titan_017618,0,604665.8805835232,False
3,titan_017619,0,649481.3902187165,False
3,titan_017620,0,694310.6631266738,False
3,titan_017621,2,739150.8809821177,False
3,titan_017622,2,783999.8483466877,False
3,titan_017623,2,828855.8241690292,False
3,titan_017624,2,873717.4493609676,False
3,titan_017625,2,918583.4868823615,False
3,titan_017626,2,963453.028056087,False
3,titan_017627,2,1008325.2715566482,False
3,titan_017628,2,1053199.5351372927,False
3,titan_017629,2,1098075.2310028048,False
3,titan_017630,2,1142951.8469597946,False
3,titan_017631,2,1187828.9761533716,False
3,titan_017632,2,1232706.1282961972,False
3,titan_017633,2,1277448.2025723339,False
3,titan_017634,2,1321698.835041277,False
3,titan_017635,2,1365973.9083064934,False
3,titan_017636,2,1410270.6286349653,False
3,titan_017637,2,1454586.5209974304,False
3,titan_017638,2,1498919.38182926,False
3,titan_017639,2,1543267.2836368666,False
3,titan_017640,2,1587628.3669999945,False
3,titan_017641,2,1632001.0759768013,False
3,titan_017642,2,1676383.9596946614,False
3,titan_017643,2,1720775.6965134854,False
3,titan_017644,2,1765175.0772988515,False
3,titan_017645,2,1809580.991113592,False
3,titan_017646,2,1853992.4129251584,False
3,titan_017647,2,1898408.4368819562,False
3,titan_017648,2,1942828.0916036281,False
3,titan_017649,2,1987250.5954701481,False
3,titan_017650,2,2031675.1741309403,False
3,titan_017651,0,2076101.0982679883,False
3,titan_017652,2,2120527.6782161146,False
3,titan_017653,2,2164954.259211451,False
3,titan_017654,2,2209380.261067629,False
3,titan_017655,2,2253804.998868891,False
3,titan_017656,2,2298227.942957216,False
3,titan_017657,0,2342648.540367345,False
3,titan_017658,0,2387066.256008851,False
3,titan_017659,2,2431480.5702166148,False
3,titan_017660,2,2475890.976525171,False
3,titan_017661,2,2520296.9796374016,False
3,titan_017662,0,2564379.0132835866,False
3,titan_017663,2,2607521.2062618914,False
3,titan_017664,2,2650670.091950084,False
3,titan_017665,2,2693824.1388828973,False
3,titan_017666,2,2736981.8697401336,False
3,titan_017667,2,2780141.85559674,False
3,titan_017668,2,2823302.7106160265,False
3,titan_017669,2,2866463.1297746263,False
3,titan_017670,2,2909621.713741586,False
3,titan_017671,0,2952777.2204600195,False
3,titan_017672,0,2995928.3906072397,False
3,titan_017673,2,3039073.9864952755,False
3,titan_017674,2,3082212.788545365,False
3,titan_017675,2,3124555.8507554387,False
3,titan_017676,0,3164553.933427604,False
3,titan_017962,0,44999.99672237044,True
3,titan_017963,2,89999.9357156414,True
3,titan_017964,2,134999.7592155108,False
3,titan_017965,2,179999.36482337632,False
3,titan_017966,2,224998.78372662936,False
3,titan_017967,2,269997.9132793941,False
3,titan_017968,0,314996.6952229131,False
3,titan_017969,2,359995.0710855982,False
3,titan_017970,2,404992.98214688466,False
3,titan_017971,2,449990.36940072745,False
3,titan_017972,2,494987.1289579358,False
3,titan_017973,2,539983.2902528365,False
3,titan_017974,0,584978.7486386711,False
3,titan_017975,0,629973.4435944767,False
3,titan_017976,0,674922.0236534518,False
3,titan_017977,0,719425.9627915329,False
3,titan_017978,2,763972.6828097472,False
3,titan_017979,2,808554.7870196252,False
3,titan_017985,2,1076531.3291026934,False
3,titan_017986,2,1121246.4832603787,False
3,titan_017987,2,1165971.303881021,False
3,titan_017988,2,1210704.3718974157,False
3,titan_017989,2,1255444.4941142362,False
3,titan_017990,2,1300190.6274652004,False
3,titan_017991,2,1344941.8537901666,False
3,titan_017992,2,1389697.359453994,False
3,titan_017993,2,1434456.3744263654,False
3,titan_018017,2,2498909.567520168,False
3,titan_018026,2,2893475.9604337323,False
3,titan_018027,2,2936531.596727294,False
3,titan_018028,0,2979588.067956738,False
3,titan_018029,0,3022644.121898617,False
3,titan_018030,0,3065698.4068553313,False
3,titan_018031,0,3108749.6383622065,False
3,titan_018032,0,3151796.552911571,False
3,titan_018319,0,45000.01752280195,True
3,titan_018320,0,76952.5509258704,True
3,titan_018321,2,116506.47835977758,False
3,titan_018322,2,159007.17629176256,False
3,titan_018323,2,202608.60806042232,False
3,titan_018324,2,246727.73390316608,False
3,titan_018325,2,291129.199700494,False
3,titan_018326,2,335700.9211778559,False
3,titan_018327,2,380382.8603205105,False
3,titan_018328,2,425140.2183497632,False
3,titan_018329,0,469951.24512756447,False
3,titan_018330,0,514801.8748033422,False
3,titan_018331,0,559682.3776980888,False
3,titan_018332,0,604586.047752463,False
3,titan_018333,0,649507.8659287383,False
3,titan_018334,0,694444.2104668436,False
3,titan_018335,0,739392.3401353249,False
3,titan_018336,2,784350.0084887956,False
3,titan_018337,2,829315.6059505028,False
3,titan_018341,2,1009233.1023150441,False
3,titan_018342,2,1054222.0407014478,False
3,titan_018343,2,1099213.5856946176,False
3,titan_018344,2,1144207.3242089478,False
3,titan_018345,2,1189202.7712720002,False
3,titan_018346,2,1234199.6711411076,False
3,titan_018347,2,1279197.6310275807,False
3,titan_018348,2,1324196.4711270838,False
3,titan_018374,2,2481803.9614684503,False
3,titan_018677,0,45000.01321786304,True
3,titan_018678,0,89999.95119578697,True
3,titan_018679,2,134999.87289186713,False
3,titan_018680,2,179999.65827155972,False
3,titan_018681,0,224999.36619944373,False
3,titan_018682,2,269998.9212491035,False
3,titan_018683,2,314998.2479011554,False
3,titan_018684,2,359997.4047384104,False
3,titan_018685,0,404996.2712593509,False
3,titan_018687,2,494993.23216509155,False
3,titan_018688,2,539991.1741911629,False
3,titan_018689,0,584988.7895679402,False
3,titan_018690,0,629985.9568447028,False
3,titan_018691,0,674982.733265048,False
3,titan_018692,0,719979.0415920859,False
3,titan_018693,0,764974.8042976899,False
3,titan_018694,0,809970.0777429731,False
3,titan_018695,0,854964.739014409,False
3,titan_018696,2,899958.8437748095,False
3,titan_018697,2,944952.2683713421,False
3,titan_018698,2,989945.0676762034,False
3,titan_018699,2,1034937.1619340694,False
3,titan_018700,2,1079928.470937833,False
3,titan_018701,2,1124756.2859651581,False
3,titan_018702,2,1169527.9673621973,False
3,titan_018703,2,1214322.4447495379,False
3,titan_018704,2,1259137.178230607,False
3,titan_018730,2,2424858.4278166844,False
3,titan_018731,2,2468971.167674682,False
3,titan_018732,2,2513090.7190759955,False
3,titan_018733,2,2557216.300308756,False
3,titan_018734,2,2601346.994837076,False
3,titan_018735,2,2645482.098205102,False
3,titan_018736,2,2689620.8072405164,False
3,titan_018737,0,2733762.348295039,False
3,titan_019035,1,45000.019827145996,True
3,titan_019036,0,87917.68220137064,True
3,titan_019037,0,128624.40110793286,False
3,titan_019038,0,171473.25225751905,False
3,titan_019039,0,215188.37054181958,False
3,titan_019040,0,259331.91261144765,False
3,titan_019041,0,303717.076367759,False
3,titan_019044,0,434889.277131087,False
3,titan_019045,0,479055.16777108255,False
3,titan_019046,0,523371.7804067032,False
3,titan_019047,2,567803.7042708627,False
3,titan_019048,0,612325.8734321235,False
3,titan_019049,0,656919.8155627935,False
3,titan_019050,0,701571.8802035843,False
3,titan_019051,2,746271.5083089473,False
3,titan_019052,0,791010.6723449638,False
3,titan_019053,2,835782.8951984867,False
3,titan_019054,2,880583.1700721908,False
3,titan_019055,2,925407.2929927284,False
3,titan_019056,2,970251.9941981472,False
3,titan_019057,2,1015114.4149567434,False
3,titan_019058,2,1059992.3405085262,False
3,titan_019059,2,1104883.7485597667,False
3,titan_019060,2,1149787.0945114223,False
3,titan_019087,0,2364067.8894285406,False
3,titan_019088,2,2409067.189388515,False
3,titan_019089,2,2454066.8352100453,False
3,titan_019090,2,2499066.6466743303,False
3,titan_019091,2,2544066.6265106527,False
3,titan_019092,2,2589066.601528092,False
3,titan_019093,2,2634066.580675051,False
3,titan_019094,2,2679066.3962416225,False
3,titan_019095,2,2724066.061982183,False
3,titan_019096,0,2768643.3644855726,False
3,titan_019097,2,2812706.7260975703,False
3,titan_019098,0,2856774.592100713,False
3,titan_019099,0,2900846.3102549803,False
3,titan_019100,0,2944921.077726562,False
3,titan_019101,0,2988998.2456357926,False
3,titan_019102,2,3033077.1849962734,False
3,titan_019103,2,3077157.152775378,False
3,titan_019104,2,3121237.597000178,False
3,titan_019393,1,45000.00641258693,True
3,titan_019394,1,69941.12934581183,True
3,titan_019395,0,108349.79488885349,True
3,titan_019396,0,150470.44518343464,False
3,titan_019397,0,193898.90042325543,False
3,titan_019398,0,237920.0550195195,False
3,titan_019402,0,416148.59250476887,False
3,titan_019403,2,460930.8321216333,False
3,titan_019404,0,505755.2931565935,False
3,titan_019405,0,550611.588420657,False
3,titan_019406,2,595492.5719441593,False
3,titan_019407,0,640392.9858465048,False
3,titan_019408,0,685308.9787226263,False
3,titan_019409,2,730237.6432128116,False
3,titan_019410,2,775176.6982148613,False
3,titan_019411,0,820124.4845692829,False
3,titan_019412,2,865079.5698018654,False
3,titan_019413,2,910040.838232723,False
3,titan_019414,2,955007.3822127281,False
3,titan_019415,2,999978.4553771681,False
3,titan_019416,2,1044953.3931114253,False
3,titan_019417,2,1089931.7657673329,False
3,titan_019452,2,2664798.2345051155,False
3,titan_019453,0,2709793.962419578,False
3,titan_019454,0,2754789.1675103875,False
3,titan_019455,0,2799783.7711963574,False
3,titan_019456,2,2844777.7396377353,False
3,titan_019457,2,2889771.0387987723,False
3,titan_019458,0,2934763.6343679805,False
3,titan_019459,2,2979755.446830253,False
3,titan_019460,2,3024746.5307933185,False
3,titan_019461,2,3069736.8058084897,False
3,titan_019462,2,3114726.2357005337,False
3,titan_019463,2,3159598.588081023,False
3,titan_019464,0,3203623.2689451515,False
3,titan_019753,1,45000.01016332682,True
3,titan_019754,2,90000.01440262645,True
3,titan_019755,0,134999.96189196332,False
3,titan_019756,0,179999.9364930467,False
3,titan_019757,0,224999.88736180306,False
3,titan_019760,0,359999.4929784172,False
3,titan_019761,2,404999.2891146001,False
3,titan_019762,2,449999.0314980337,False
3,titan_019763,2,494998.66914229625,False
3,titan_019764,2,539998.2857179306,False
3,titan_019765,2,584997.8301606118,False
3,titan_019766,2,629997.2962592391,False
3,titan_019767,2,674996.6328562746,False
3,titan_019768,2,719995.9234343438,False
3,titan_019769,2,764995.1167259727,False
3,titan_019770,0,809994.2063002277,False
3,titan_019771,2,854993.1407634481,False
3,titan_019772,2,899992.0033439202,False
3,titan_019773,2,944990.7425036606,False
3,titan_019774,2,989989.3515231062,False
3,titan_019775,2,1034987.7787023841,False
3,titan_019776,2,1079986.1069434783,False
3,titan_019820,0,3059638.4538263897,False
3,titan_019821,0,3104620.42306463,False
3,titan_019822,0,3149601.7045118767,False
3,titan_019823,0,3194582.2317884425,False
3,titan_020112,1,45000.00193955604,True
3,titan_020113,1,90000.00189624736,True
3,titan_020114,1,134999.9529619694,False
3,titan_020115,0,179999.942998284,False
3,titan_020116,0,223955.18742653212,False
3,titan_020117,0,268178.2572315569,False
3,titan_020118,0,312619.72743050655,False
3,titan_020119,0,357198.07726439286,False
3,titan_020120,0,401867.7456609269,False
3,titan_020121,2,446601.31940444844,False
3,titan_020122,2,491381.33277989016,False
3,titan_020123,2,536196.1376873559,False
3,titan_020124,2,581037.6705706028,False
3,titan_020125,2,625900.1733238604,False
3,titan_020126,2,670779.4248311516,False
3,titan_020127,2,715672.260374811,False
3,titan_020128,2,760576.2606024238,False
3,titan_020129,0,805489.5441878252,False
3,titan_020130,0,850410.6260043159,False
3,titan_020131,2,895338.3178830446,False
3,titan_020132,2,940271.6577576237,False
3,titan_020133,2,985209.8581579727,False
3,titan_020134,2,1030152.22329129,False
3,titan_020135,2,1075098.2999890428,False
3,titan_020136,2,1120047.5868400263,False
3,titan_020137,2,1164999.6969942646,False
3,titan_020471,1,45000.02117976188,True
3,titan_020472,1,89999.99727664083,True
3,titan_020473,0,135000.01801575546,False
3,titan_020474,1,179999.99337792196,False
3,titan_020475,0,225000.01308780804,False
3,titan_020476,0,269999.98712560453,False
3,titan_020477,0,315000.0052151653,False
3,titan_020478,0,360000.02227171627,False
3,titan_020479,1,404875.3134678678,False
3,titan_020480,2,449619.46701426717,False
3,titan_020481,2,494409.1226493786,False
3,titan_020482,2,539233.0174351529,False
3,titan_020483,2,583650.5126797579,False
3,titan_020484,0,628136.2915376624,False
3,titan_020485,2,672688.4701229652,False
3,titan_020486,2,717294.7490846007,False
3,titan_020487,2,761945.5380074331,False
3,titan_020488,2,806633.5194405769,False
3,titan_020489,2,851352.7465655043,False
3,titan_020490,2,896098.6161937958,False
3,titan_020491,2,940867.2361298782,False
3,titan_020492,2,985655.5816335774,False
3,titan_020493,2,1030460.988839047,False
3,titan_020494,2,1075281.40057345,False
3,titan_020495,2,1120114.9679585018,False
3,titan_020496,2,1164960.1189000504,False
3,titan_020497,2,1209815.6413467838,False
3,titan_020830,1,44999.99638692132,True
3,titan_020831,1,89999.99236234554,True
3,titan_020832,1,134999.9875145253,False
3,titan_020833,1,179999.98143120535,False
3,titan_020834,1,224999.9736993816,False
3,titan_020835,1,269999.9639050373,False
3,titan_020836,1,314849.9958519352,False
3,titan_020837,1,359438.965910938,False
3,titan_020838,1,404117.578974462,False
3,titan_020839,2,448859.06253185763,False
3,titan_020840,2,493646.3174380991,False
3,titan_020841,2,538467.9178939833,False
3,titan_020842,2,583315.9418383103,False
3,titan_020843,2,628184.7250218607,False
3,titan_020844,2,673070.1108709929,False
3,titan_020845,2,717968.9805049074,False
3,titan_020847,2,807798.1575109415,False
3,titan_020848,2,852725.1879244393,False
3,titan_020849,2,897658.7768024247,False
3,titan_020850,2,942598.019366485,False
3,titan_020851,2,987542.1384360876,False
3,titan_020852,2,1032490.4917909583,False
3,titan_020853,2,1077442.5440451761,False
3,titan_020854,2,1122397.8452694344,False
3,titan_020855,2,1167356.0145457918,False
3,titan_020856,2,1212316.7271766765,False
3,titan_020857,2,1257279.7046348732,False
3,titan_020858,2,1302244.7065929556,False
3,titan_021189,1,45000.01478039761,True
3,titan_021190,1,90000.02678334664,True
3,titan_021191,1,134999.98831087016,False
3,titan_021192,1,179999.98641810473,False
3,titan_021193,1,224999.9733985674,False
3,titan_021194,1,269999.9015390077,False
3,titan_021195,1,314999.8578740579,False
3,titan_021196,1,359999.79467166064,False
3,titan_021197,1,404999.66418783815,False
3,titan_021198,2,449999.55342107057,False
3,titan_021199,2,494999.4145980514,False
3,titan_021200,2,539999.1999282413,False
3,titan_021201,2,584998.9963579187,False
3,titan_021202,0,629998.7560563472,False
3,titan_021206,2,809997.2786186041,False
3,titan_021208,2,899996.2868531526,False
3,titan_021209,2,944995.6608108093,False
3,titan_021210,2,989995.0186708485,False
3,titan_021211,2,1034994.3123253066,False
3,titan_021212,2,1079993.4936250106,False
3,titan_021213,2,1124992.6491311798,False
3,titan_021214,2,1169991.730604667,False
3,titan_021215,2,1214990.6897580533,False
3,titan_021216,2,1259989.6130063108,False
3,titan_021217,2,1304988.4519571986,False
3,titan_021218,2,1349987.1581624872,False
3,titan_021219,2,1394985.8178676136,False
3,titan_021547,1,45000.00772537439,True
3,titan_021548,1,68252.71020571423,True
3,titan_021549,1,106324.95333348874,True
3,titan_021550,1,148338.74235964025,False
3,titan_021551,1,191720.13354026375,False
3,titan_021552,1,235715.2140616029,False
3,titan_021553,1,280034.87655927293,False
3,titan_021554,1,324546.15960113733,False
3,titan_021555,1,369179.699615336,False
3,titan_021556,2,413896.005421903,False
3,titan_021557,2,458670.82304584567,False
3,titan_021558,2,503488.5258178137,False
3,titan_021559,0,548338.581395967,False
3,titan_021564,2,772876.3546148335,False
3,titan_021565,2,817819.1654468282,False
3,titan_021568,2,952688.0615119424,False
3,titan_021569,2,997654.7145454688,False
3,titan_021570,2,1042625.3524362464,False
3,titan_021571,2,1087599.545685122,False
3,titan_021572,2,1132576.8116895685,False
3,titan_021573,2,1177556.778616787,False
3,titan_021574,2,1222539.1284108579,False
3,titan_021575,2,1267523.5423630858,False
3,titan_021576,2,1312509.873017981,False
3,titan_021577,2,1357497.8688424362,False
3,titan_021578,2,1402487.348804196,False
3,titan_021579,2,1447478.1534974016,False
3,titan_021596,0,2212429.584450265,False
3,titan_021906,1,45000.02033329498,True
3,titan_021907,1,89840.32256605661,True
3,titan_021908,1,130720.29015732331,False
3,titan_021909,1,173635.72516490167,False
3,titan_021910,1,215435.0247517841,False
3,titan_021911,1,257046.63125709057,False
3,titan_021912,1,299651.4796055394,False
3,titan_021913,1,342879.4290054131,False
3,titan_021914,1,386521.5240778117,False
3,titan_021915,1,430451.71860320336,False
3,titan_021916,1,474590.0663778182,False
3,titan_021921,2,697013.6976420259,False
3,titan_021922,2,741699.2714465887,False
3,titan_021923,2,786425.0956758419,False
3,titan_021925,2,875972.8716246733,False
3,titan_021926,2,920785.4237419043,False
3,titan_021927,2,965520.4901390636,False
3,titan_021928,2,1010268.8978324803,False
3,titan_021929,2,1055032.6241809048,False
3,titan_021930,2,1099809.7910745337,False
3,titan_021931,2,1144598.6447678688,False
3,titan_021932,2,1189397.8113049197,False
3,titan_021933,0,1234206.1181091,False
3,titan_021934,2,1279022.4247119834,False
3,titan_021935,2,1323845.907233211,False
3,titan_021936,2,1368675.6784466149,False
3,titan_021937,2,1413511.1268010898,False
3,titan_021938,2,1458351.5440321718,False
3,titan_021939,2,1503196.4703140163,False
3,titan_021940,2,1548045.32658084,False
3,titan_021955,1,2221033.84670299,False
3,titan_021956,1,2265906.5271231467,False
3,titan_022265,1,44999.98666218669,True
3,titan_022266,1,87272.17055039224,True
3,titan_022267,1,127918.17269228869,False
3,titan_022268,1,170744.00393108572,False
3,titan_022269,1,214447.52890850155,False
3,titan_022270,1,258584.05088730328,False
3,titan_022271,1,302964.30382565485,False
3,titan_022272,1,347494.87162556883,False
3,titan_022273,1,392124.38210189453,False
3,titan_022274,1,436822.446496218,False
3,titan_022279,2,660850.9689327956,False
3,titan_022280,2,705715.8479648312,False
3,titan_022284,2,885269.8283037049,False
3,titan_022285,2,930174.5861669907,False
3,titan_022286,2,975083.8896779728,False
3,titan_022287,2,1019996.9442633977,False
3,titan_022288,2,1064913.2026167498,False
3,titan_022289,2,1109832.1629181209,False
3,titan_022290,2,1154753.3958993158,False
3,titan_022291,2,1199676.5758766776,False
3,titan_022292,2,1244601.291166659,False
3,titan_022293,2,1289527.3038751378,False
3,titan_022294,2,1334454.364259086,False
3,titan_022295,2,1379382.2499733428,False
3,titan_022296,2,1424310.8063517394,False
3,titan_022297,2,1469239.7638999058,False
3,titan_022298,2,1514169.0036193929,False
3,titan_022299,2,1559098.375652159,False
3,titan_022300,2,1604027.741929991,False
3,titan_022301,2,1648957.0191567165,False
3,titan_022313,2,2188059.582018501,False
3,titan_022314,2,2232978.050595978,False
3,titan_022315,2,2277895.149089652,False
3,titan_022316,1,2322810.7108387896,False
3,titan_022317,1,2367592.7889111023,False
3,titan_022623,1,44999.998624363005,True
3,titan_022624,1,89999.96380073487,True
3,titan_022625,0,134999.86206071102,False
3,titan_022626,0,179999.65989502915,False
3,titan_022627,0,224999.32373306973,False
3,titan_022628,0,269998.8199222931,False
3,titan_022629,1,314998.1147075491,False
3,titan_022630,1,359997.17421026406,False
3,titan_022631,1,404995.91968890146,False
3,titan_022632,1,449994.4063924029,False
3,titan_022633,1,494992.55522645323,False
3,titan_022634,1,539990.3316070398,False
3,titan_022635,1,584987.7007197007,False
3,titan_022636,1,629984.6274973167,False
3,titan_022637,1,674981.0765975851,False
3,titan_022638,2,719977.0123801229,False
3,titan_022640,2,809967.1997998636,False
3,titan_022641,2,854961.3784540547,False
3,titan_022642,2,899954.8530624803,False
3,titan_022643,2,944947.6755628078,False
3,titan_022644,2,989939.7633069186,False
3,titan_022645,2,1034931.0778891155,False
3,titan_022646,2,1079921.5804052565,False
3,titan_022647,2,1124911.2314250097,False
3,titan_022648,2,1169899.9909633694,False
3,titan_022649,2,1214887.818451397,False
3,titan_022650,2,1259874.6727061197,False
3,titan_022651,2,1304860.5118995726,False
3,titan_022652,2,1349845.2935269056,False
3,titan_022653,2,1394828.9296703401,False
3,titan_022654,2,1439811.4657789997,False
3,titan_022655,2,1484792.8124116035,False
3,titan_022656,2,1529772.92401624,False
3,titan_022657,0,1574751.7541887257,False
3,titan_022658,2,1619729.2556339065,False
3,titan_022659,2,1664705.380125605,False
3,titan_022660,0,1709680.078465133,False
3,titan_022661,0,1754653.300438279,False
3,titan_022662,0,1799624.9947707008,False
3,titan_022672,2,2246134.0867670425,False
3,titan_022673,2,2290711.3435307844,False
3,titan_022674,2,2335289.8569400874,False
3,titan_022675,1,2379869.2842044514,False
3,titan_022676,2,2424449.168559531,False
3,titan_022980,1,44999.99190800272,True
3,titan_022981,1,77564.76751692698,True
3,titan_022982,1,117203.14795786836,False
3,titan_022983,1,159733.0329613106,False
3,titan_022984,0,203348.08388423792,False
3,titan_022985,0,247475.10164742093,False
3,titan_022986,0,291881.85850717797,False
3,titan_022987,1,336457.4834941842,False
3,titan_022988,1,381142.60157841037,False
3,titan_022989,1,425902.61610365973,False
3,titan_022990,1,470716.0246202218,False
3,titan_022991,1,515568.7642995102,False
3,titan_022992,2,560451.2500468761,False
3,titan_022993,2,605356.7213594705,False
3,titan_022994,2,650280.2703200047,False
3,titan_022995,2,695218.2446739094,False
3,titan_022996,0,740167.8674776907,False
3,titan_022997,2,785126.9869437751,False
3,titan_022998,2,830093.9073263623,False
3,titan_022999,0,875067.2718034951,False
3,titan_023000,0,920045.9796206712,False
3,titan_023001,2,965029.1263493892,False
3,titan_023002,0,1010015.9600723331,False
3,titan_023003,0,1055005.848751766,False
3,titan_023004,0,1099998.2555856162,False
3,titan_023005,0,1144992.7201578575,False
3,titan_023006,0,1189988.8438517973,False
3,titan_023007,0,1234986.2784404214,False
3,titan_023008,0,1279984.717072642,False
3,titan_023009,0,1324963.5805689585,False
3,titan_023010,0,1369547.2115745908,False
3,titan_023011,2,1414142.7836783987,False
3,titan_023012,2,1458748.8953607283,False
3,titan_023013,0,1503364.2986068393,False
3,titan_023014,2,1547987.8765611427,False
3,titan_023015,0,1592618.624901418,False
3,titan_023016,2,1637255.6362278692,False
3,titan_023017,0,1681898.086910184,False
3,titan_023018,0,1726545.2259499733,False
3,titan_023019,0,1771196.3655044192,False
3,titan_023020,0,1815850.8727860865,False
3,titan_023021,1,1860508.163108242,False
3,titan_023022,0,1905167.693887812,False
3,titan_023031,2,2307129.9721230986,False
3,titan_023032,2,2351781.348086033,False
3,titan_023033,2,2395779.3189618583,False
3,titan_023034,2,2439783.842912986,False
3,titan_023035,2,2483793.9224687875,False
3,titan_023036,2,2527808.606601636,False
3,titan_023337,1,44999.96967971854,True
3,titan_023338,1,89999.87756890416,True
3,titan_023339,0,134999.7063774986,False
3,titan_023340,0,179999.3051253749,False
3,titan_023341,0,224998.70087166777,False
3,titan_023342,0,269997.7423726946,False
3,titan_023343,0,314996.45634594257,False
3,titan_023344,1,359994.6911319638,False
3,titan_023345,1,404992.4729524302,False
3,titan_023346,1,449989.6495777667,False
3,titan_023347,1,494986.2465770921,False
3,titan_023348,1,539982.1109933769,False
3,titan_023349,2,584544.7733302347,False
3,titan_023350,2,628925.7605382921,False
3,titan_023351,0,673371.5039630821,False
3,titan_023352,0,717869.763480022,False
3,titan_023353,0,762410.967840087,False
3,titan_023354,0,806987.7881137795,False
3,titan_023355,0,851594.247982965,False
3,titan_023356,2,896225.698341407,False
3,titan_023357,0,940878.1924891329,False
3,titan_023358,0,985548.5968803884,False
3,titan_023359,0,1030234.3115084397,False
3,titan_023360,0,1074933.0264233185,False
3,titan_023361,0,1119642.9469855286,False
3,titan_023362,0,1164362.3749017084,False
3,titan_023363,0,1209090.011526853,False
3,titan_023364,0,1253824.5638722037,False
3,titan_023365,0,1298565.06703851,False
3,titan_023366,0,1343310.5046011917,False
3,titan_023367,0,1388060.1423274628,False
3,titan_023368,0,1432813.157176311,False
3,titan_023369,0,1477568.9336222545,False
3,titan_023370,2,1522326.919489816,False
3,titan_023371,2,1567086.483654532,False
3,titan_023372,0,1611847.2182930086,False
3,titan_023373,0,1656608.5778875158,False
3,titan_023374,0,1701370.2280640302,False
3,titan_023375,0,1746131.6864413086,False
3,titan_023376,0,1790892.6730048608,False
3,titan_023377,2,1835652.7522177894,False
3,titan_023378,1,1880411.6401389153,False
3,titan_023379,0,1925169.0689139727,False
3,titan_023380,0,1969924.6516216772,False
3,titan_023389,2,2368310.9853112097,False
3,titan_023390,2,2412429.6035681153,False
3,titan_023391,2,2456549.8217345173,False
3,titan_023392,2,2500670.916852483,False
3,titan_023393,0,2544792.021863641,False
3,titan_023394,0,2588574.0691288803,False
3,titan_023395,0,2631814.4045021976,False
3,titan_023692,2,45000.00144822962,True
3,titan_023693,1,77411.31841367576,True
3,titan_023694,1,116931.66692527672,False
3,titan_023695,1,159349.48868248452,False
3,titan_023696,1,202854.96435343803,False
3,titan_023697,1,246873.55536044043,False
3,titan_023698,1,291172.3486159778,False
3,titan_023699,1,335640.0912574912,False
3,titan_023700,1,380217.2914628775,False
3,titan_023701,1,424869.16880236834,False
3,titan_023702,1,469574.07087857754,False
3,titan_023703,1,514317.9365933972,False
3,titan_023704,2,559091.061587872,False
3,titan_023705,0,603886.5729922118,False
3,titan_023706,1,648699.5876453196,False
3,titan_023707,1,693526.3482168664,False
3,titan_023708,0,738363.9744445146,False
3,titan_023709,0,783210.3451579323,False
3,titan_023710,0,828063.6630870069,False
3,titan_023711,0,872922.4701762507,False
3,titan_023712,2,917785.6973744549,False
3,titan_023713,0,962652.3389744008,False
3,titan_023714,0,1007521.54149701,False
3,titan_023715,0,1052392.703848146,False
3,titan_023716,2,1097265.186782929,False
3,titan_023717,0,1142138.426856693,False
3,titan_023718,0,1187012.054672571,False
3,titan_023719,0,1231885.6175871857,False
3,titan_023720,0,1276758.703537409,False
3,titan_023721,0,1321631.066696318,False
3,titan_023722,1,1366502.355820115,False
3,titan_023723,0,1411372.286711274,False
3,titan_023724,0,1456240.5497325987,False
3,titan_023725,2,1501106.9837852158,False
3,titan_023726,2,1545971.3078551148,False
3,titan_023727,0,1590833.2516767392,False
3,titan_023728,0,1635692.6867076647,False
3,titan_023729,0,1680549.358775981,False
3,titan_023730,0,1725403.0195894402,False
3,titan_023731,2,1770124.7634968509,False
3,titan_023732,1,1814302.1662629384,False
3,titan_023733,0,1858490.154137657,False
3,titan_023734,1,1902687.4285092843,False
3,titan_023735,1,1946892.6619387395,False
3,titan_023736,1,1991104.617025908,False
3,titan_023745,2,2388939.093584667,False
3,titan_023746,2,2432280.3862489653,False
3,titan_023747,2,2475630.631846399,False
3,titan_023748,2,2518988.234989141,False
3,titan_023749,2,2562351.7956007817,False
3,titan_023750,2,2605719.845197342,False
3,titan_023751,1,2649090.96900406,False
3,titan_023752,0,2692463.928683909,False
3,titan_023753,0,2735837.400142063,False
3,titan_023754,0,2779210.0971183255,False
3,titan_023761,0,3077418.272441949,False
3,titan_023762,0,3119107.775223704,False
3,titan_024047,1,45000.00002734127,True
3,titan_024048,1,89999.8565994579,True
3,titan_024049,1,134999.55910796893,False
3,titan_024050,1,179998.9196145623,False
3,titan_024051,1,224997.92720761808,False
3,titan_024052,1,269996.4378272482,False
3,titan_024053,1,314994.30711209547,False
3,titan_024054,1,359991.5232369461,False
3,titan_024055,1,404987.9410478705,False
3,titan_024056,1,449983.4149045614,False
3,titan_024057,1,494977.93150786083,False
3,titan_024058,1,539971.2997517345,False
3,titan_024059,1,584963.5050349189,False
3,titan_024060,1,629954.399120527,False
3,titan_024061,1,674943.8329633431,False
3,titan_024062,0,719931.7895127939,False
3,titan_024063,0,764918.1178911468,False
3,titan_024064,0,809902.6662071067,False
3,titan_024065,0,854885.4143391753,False
3,titan_024066,0,899866.1638560526,False
3,titan_024067,0,944844.8922258327,False
3,titan_024068,0,989821.4427499877,False
3,titan_024069,0,1034795.6573459241,False
3,titan_024070,2,1079767.5092890188,False
3,titan_024071,0,1124736.8374677107,False
3,titan_024072,0,1169703.4791422097,False
3,titan_024073,0,1214667.4026562106,False
3,titan_024074,0,1259628.3974671683,False
3,titan_024075,0,1304586.4281904188,False
3,titan_024076,0,1349541.3246492154,False
3,titan_024077,2,1394492.914584288,False
3,titan_024078,0,1438914.7293999593,False
3,titan_024079,2,1483190.1778369504,False
3,titan_024080,2,1527480.1251372814,False
3,titan_024081,0,1571782.7834038439,False
3,titan_024082,2,1616096.4137590292,False
3,titan_024083,2,1660419.4325818976,False
3,titan_024084,2,1704750.5217033147,False
3,titan_024085,2,1749088.3052733706,False
3,titan_024086,1,1793431.6838151645,False
3,titan_024087,1,1837779.5157334039,False
3,titan_024088,1,1882130.7370785922,False
3,titan_024089,1,1926484.4828901687,False
3,titan_024090,1,1970839.8168075823,False
3,titan_024091,1,2015195.8547187636,False
3,titan_024101,2,2453123.3622562876,False
3,titan_024102,1,2496617.617087744,False
3,titan_024103,2,2540113.0910169543,False
3,titan_024104,2,2583608.464177646,False
3,titan_024105,0,2627102.5871824212,False
3,titan_024106,0,2670594.219228837,False
3,titan_024107,0,2714082.152008165,False
3,titan_024108,1,2757565.3339213785,False
3,titan_024109,1,2801042.5664885757,False
3,titan_024110,1,2842940.706479309,False
3,titan_024111,1,2884745.428984725,False
3,titan_024112,2,2926552.750400421,False
3,titan_024113,2,2968360.6001857836,False
3,titan_024114,2,3010166.8331184993,False
3,titan_024115,0,3051969.3467519036,False
3,titan_024116,0,3091260.3111106358,False
3,titan_024117,0,3130514.771603701,False
3,titan_024400,0,44999.987920257896,True
3,titan_024401,1,87433.96012439296,True
3,titan_024402,1,128193.68467544163,False
3,titan_024403,1,171129.44797919053,False
3,titan_024404,1,214940.8585840088,False
3,titan_024405,0,259183.92823329868,False
3,titan_024406,1,303669.6605710639,False
3,titan_024407,0,348304.80495830637,False
3,titan_024408,0,393038.0664362183,False
3,titan_024409,1,437838.99751513306,False
3,titan_024410,1,482688.37321005564,False
3,titan_024411,2,527573.4489296797,False
3,titan_024412,0,572485.3877300331,False
3,titan_024413,0,617418.004636649,False
3,titan_024414,0,662366.6499405575,False
3,titan_024415,0,707327.8567528338,False
3,titan_024416,0,752298.9570692023,False
3,titan_024417,0,797277.8123855254,False
3,titan_024418,0,842262.8369881985,False
3,titan_024419,0,887252.6262962675,False
3,titan_024420,0,932246.0574706743,False
3,titan_024421,0,976864.234334491,False
3,titan_024422,0,1021171.5377529138,False
3,titan_024423,0,1065509.4669708372,False
3,titan_024424,0,1109873.679675066,False
3,titan_024425,0,1154260.5050450207,False
3,titan_024426,2,1198666.7842315524,False
3,titan_024427,0,1243089.7788912982,False
3,titan_024428,0,1287527.0548290485,False
3,titan_024429,2,1331976.5981252491,False
3,titan_024430,0,1376436.5063092927,False
3,titan_024431,0,1420905.1244017005,False
3,titan_024432,0,1465380.9698275297,False
3,titan_024433,1,1509862.6627755621,False
3,titan_024434,0,1554349.0792482726,False
3,titan_024435,0,1598839.0710995197,False
3,titan_024436,2,1643331.6255071273,False
3,titan_024437,2,1687825.8085260082,False
3,titan_024438,0,1732320.7542238517,False
3,titan_024439,0,1776815.611740155,False
3,titan_024440,2,1821309.7120067389,False
3,titan_024441,2,1865802.298880147,False
3,titan_024442,2,1910292.6978794723,False
3,titan_024443,2,1954780.2673511975,False
3,titan_024456,2,2521889.2557391995,False
3,titan_024457,0,2565510.1576873413,False
3,titan_024458,0,2609125.5012147906,False
3,titan_024459,0,2652734.2052798676,False
3,titan_024460,0,2694898.8761057314,False
3,titan_024461,0,2736831.80911882,False
3,titan_024462,1,2778768.7348428504,False
3,titan_024463,1,2820707.438927373,False
3,titan_024464,1,2862645.7668713117,False
3,titan_024465,1,2904581.57599737,False
3,titan_024466,1,2946512.8936601346,False
3,titan_024467,1,2985955.610625839,False
3,titan_024468,1,3025330.8674138943,False
3,titan_024469,0,3064711.585907572,False
3,titan_024470,0,3104094.4525900767,False
3,titan_024752,0,44999.963481415034,True
3,titan_024753,0,89912.51381068901,True
3,titan_024754,1,130897.74535372615,False
3,titan_024755,5,173920.03986325668,False
3,titan_024756,0,214791.90139073905,False
3,titan_024757,0,256182.946526742,False
3,titan_024758,0,298566.84649787634,False
3,titan_024759,0,341573.6131870036,False
3,titan_024760,0,384994.0440269251,False
3,titan_024761,0,428701.89842375147,False
3,titan_024764,0,560871.1089667777,False
3,titan_024765,0,605147.3514077486,False
3,titan_024766,0,649495.0468320437,False
3,titan_024767,0,693899.9002149943,False
3,titan_024768,0,738350.9612568613,False
3,titan_024769,0,782839.7572081543,False
3,titan_024770,0,827359.4688066172,False
3,titan_024771,0,871904.7383548528,False
3,titan_024772,0,916471.1735285246,False
3,titan_024773,0,961055.2011749758,False
3,titan_024774,0,1005653.7211322084,False
3,titan_024775,0,1050264.2395608886,False
3,titan_024776,0,1094884.6410230137,False
3,titan_024777,0,1139512.983020038,False
3,titan_024778,2,1184147.7000875347,False
3,titan_024779,0,1228787.3839830207,False
3,titan_024780,0,1273430.8351812903,False
3,titan_024781,0,1318076.8596269856,False
3,titan_024782,0,1362724.5076981855,False
3,titan_024783,1,1407372.9245374403,False
3,titan_024784,1,1452021.2037578134,False
3,titan_024785,1,1496668.636868714,False
3,titan_024786,1,1541314.528162332,False
3,titan_024787,0,1585958.273329949,False
3,titan_024788,0,1630599.1774861345,False
3,titan_024789,1,1675236.7109638788,False
3,titan_024790,1,1719870.3293909873,False
3,titan_024791,1,1763695.7469253687,False
3,titan_024792,1,1807419.8032804525,False
3,titan_024793,2,1851157.3684700017,False
3,titan_024794,2,1894906.4389287538,False
3,titan_024795,2,1938665.0267920333,False
3,titan_024806,1,2420198.679020727,False
3,titan_024807,0,2463957.9674560274,False
3,titan_024808,0,2507709.637050871,False
3,titan_024809,0,2549848.0860513896,False
3,titan_024810,0,2591922.939053292,False
3,titan_024811,0,2634002.8830929887,False
3,titan_024812,1,2676085.6786466534,False
3,titan_024813,1,2718169.034338257,False
3,titan_024814,1,2760250.8459981615,False
3,titan_024815,1,2802329.024708736,False
3,titan_024816,1,2844209.1104639918,False
3,titan_024817,1,2883708.751749325,False
3,titan_024818,1,2923218.093357534,False
3,titan_024819,1,2962733.682500017,False
3,titan_024820,1,3002252.185932566,False
3,titan_024821,1,3040925.7938759276,False
3,titan_024822,1,3079161.093211555,False
3,titan_025103,0,44999.98728469666,True
3,titan_025104,1,68268.87691218744,True
3,titan_025105,1,106247.86246649697,True
3,titan_025106,5,148155.71788232424,False
3,titan_025107,0,191428.86037584228,False
3,titan_025108,0,235314.74880641873,False
3,titan_025109,0,279524.32455254707,False
3,titan_025110,0,323924.5658825213,False
3,titan_025111,0,368445.9149074692,False
3,titan_025112,0,413048.54364857305,False
3,titan_025113,0,457708.1261900132,False
3,titan_025114,0,502408.79143602983,False
3,titan_025115,0,547139.7644185907,False
3,titan_025121,0,815853.0174692555,False
3,titan_025122,0,860664.7157275516,False
3,titan_025123,0,905479.0874229226,False
3,titan_025124,0,950295.1023957055,False
3,titan_025125,0,995111.7170067759,False
3,titan_025126,0,1039928.188086294,False
3,titan_025127,0,1084743.7405900098,False
3,titan_025128,0,1129557.6782475295,False
3,titan_025129,2,1174369.4988154876,False
3,titan_025130,2,1219178.6197712803,False
3,titan_025131,0,1263984.49959268,False
3,titan_025132,0,1308786.7609503707,False
3,titan_025133,0,1353584.9224929023,False
3,titan_025134,1,1398378.524739495,False
3,titan_025135,1,1443167.2568121667,False
3,titan_025136,1,1487487.4662874036,False
3,titan_025137,1,1531344.7390977356,False
3,titan_025138,1,1575220.5018688417,False
3,titan_025139,1,1619112.100316109,False
3,titan_025140,1,1663017.2408378774,False
3,titan_025141,1,1706933.7031311193,False
3,titan_025142,1,1750859.4421913614,False
3,titan_025143,1,1794792.6942720816,False
3,titan_025144,2,1838731.6579090017,False
3,titan_025145,0,1882674.819651215,False
3,titan_025146,2,1926620.6398713705,False
3,titan_025156,1,2365506.917004374,False
3,titan_025157,1,2407729.8471193663,False
3,titan_025158,0,2449961.0732111875,False
3,titan_025159,0,2492198.235238267,False
3,titan_025160,0,2534438.9437976126,False
3,titan_025161,0,2576680.893581185,False
3,titan_025162,0,2618921.977734887,False
3,titan_025163,0,2661159.9913500086,False
3,titan_025164,0,2703392.952993383,False
3,titan_025165,0,2744842.834287737,False
3,titan_025166,1,2784489.8694199324,False
3,titan_025167,1,2824147.155115793,False
3,titan_025168,1,2863811.1324672815,False
3,titan_025169,1,2903478.333544883,False
3,titan_025170,1,2942584.2587647466,False
3,titan_025171,1,2980962.624745307,False
3,titan_025172,1,3019342.791028847,False
3,titan_025173,1,3057721.0470610503,False
3,titan_025454,1,45000.005750723794,True
3,titan_025455,1,89999.76527827697,True
3,titan_025456,1,134999.11957414768,False
3,titan_025457,1,179997.86571526184,False
3,titan_025458,1,224995.8004093165,False
3,titan_025459,1,269992.71987097285,False
3,titan_025460,0,314988.4196974441,False
3,titan_025461,0,359982.69474328146,False
3,titan_025462,0,404975.3389942428,False
3,titan_025463,0,449966.1454400498,False
3,titan_025464,0,494954.94960258104,False
3,titan_025465,0,539941.4547768241,False
3,titan_025466,0,584925.4938462358,False
3,titan_025467,0,629906.8545161478,False
3,titan_025481,0,1257272.2383486258,False
3,titan_025482,0,1301298.547700626,False
3,titan_025483,1,1345345.7702819027,False
3,titan_025484,0,1389410.7892769983,False
3,titan_025485,0,1433490.8659599943,False
3,titan_025486,0,1477583.417809478,False
3,titan_025487,0,1521686.233082052,False
3,titan_025488,0,1565797.2646256944,False
3,titan_025489,1,1609914.6432195872,False
3,titan_025490,1,1654036.6527627101,False
3,titan_025491,1,1698161.7092471856,False
3,titan_025492,2,1742288.342849739,False
3,titan_025493,0,1786415.1826046042,False
3,titan_025494,0,1830540.9432234399,False
3,titan_025495,0,1874664.4137085518,False
3,titan_025496,1,1918784.4902828617,False
3,titan_025497,0,1962899.996517474,False
3,titan_025498,2,2007009.9326745865,False
3,titan_025499,0,2051113.2978032285,False
3,titan_025506,0,2353305.081621125,False
3,titan_025507,0,2395718.1480088406,False
3,titan_025508,0,2438132.8380758683,False
3,titan_025509,0,2480546.9233183074,False
3,titan_025510,0,2522958.2521317923,False
3,titan_025511,0,2565364.7409964576,False
3,titan_025512,0,2607764.3663970116,False
3,titan_025513,0,2648465.704502816,False
3,titan_025514,0,2688274.763114816,False
3,titan_025515,0,2728094.1737046335,False
3,titan_025516,0,2767920.352384557,False
3,titan_025517,1,2807749.854957917,False
3,titan_025518,1,2847167.0077779726,False
3,titan_025519,1,2885701.366181882,False
3,titan_025520,1,2924238.445042311,False
3,titan_025521,1,2962774.39434667,False
3,titan_025522,1,3001305.442320631,False
3,titan_025802,1,44999.98266013915,True
3,titan_025803,1,89999.68708178958,True
3,titan_025804,1,134998.96531361018,False
3,titan_025805,0,179997.49521496083,False
3,titan_025806,0,224995.12812014075,False
3,titan_025807,0,269991.5408935187,False
3,titan_025808,0,314986.583579788,False
3,titan_025809,0,359979.93147386174,False
3,titan_025810,0,404815.9548187312,False
3,titan_025811,0,449654.97928985604,False
3,titan_025812,0,494537.59315569396,False
3,titan_025813,1,539452.0620196917,False
3,titan_025814,0,584390.3275241613,False
3,titan_025815,0,629346.4135662542,False
3,titan_025816,0,674316.0231509332,False
3,titan_025817,0,719295.7207944882,False
3,titan_025818,0,764282.9753430746,False
3,titan_025819,0,808677.4887746082,False
3,titan_025832,0,1383487.8985747434,False
3,titan_025833,0,1427806.0258600735,False
3,titan_025834,0,1472126.7052241482,False
3,titan_025835,0,1516448.3753266276,False
3,titan_025836,0,1560769.7636865908,False
3,titan_025837,1,1605089.5266534402,False
3,titan_025838,1,1649406.5772529005,False
3,titan_025839,0,1693719.7301633018,False
3,titan_025840,0,1738028.0336156208,False
3,titan_025841,0,1782330.4177835903,False
3,titan_025842,2,1826626.0293979205,False
3,titan_025843,0,1870913.8825292904,False
3,titan_025844,0,1915193.1950314287,False
3,titan_025845,2,1959463.0410488925,False
3,titan_025846,0,2003722.6886891418,False
3,titan_025847,0,2046945.1936475148,False
3,titan_025848,1,2089514.590175661,False
3,titan_025849,0,2132095.6572109046,False
3,titan_025850,0,2174685.7479697093,False
3,titan_025854,0,2345085.8364912528,False
3,titan_025855,0,2387684.234347442,False
3,titan_025856,0,2430277.723487979,False
3,titan_025857,0,2472864.1960945143,False
3,titan_025858,0,2515086.860643631,False
3,titan_025859,0,2555059.001927495,False
3,titan_025860,0,2595045.033797406,False
3,titan_025861,0,2635041.115616669,False
3,titan_025862,0,2675043.6843364243,False
3,titan_025863,0,2715049.133153554,False
3,titan_025864,1,2754652.261275377,False
3,titan_025865,1,2793356.1131026186,False
3,titan_025866,1,2832063.2259641164,False
3,titan_025867,0,2870769.611313335,False
3,titan_025868,1,2909471.51822759,False
3,titan_025869,0,2948165.1245641885,False
3,titan_025870,0,2985123.699973115,False
3,titan_026149,0,44999.98426007564,True
3,titan_026150,1,89999.65557560265,True
3,titan_026151,1,134998.7873821155,False
3,titan_026152,1,179997.1527865094,False
3,titan_026153,0,224994.39459585957,False
3,titan_026154,0,269990.28477284487,False
3,titan_026155,0,314984.59445495973,False
3,titan_026156,0,359758.4464420818,False
3,titan_026157,0,404322.0941325321,False
3,titan_026158,1,448945.6749384612,False
3,titan_026159,1,493530.8111013176,False
3,titan_026160,1,537592.6941209558,False
3,titan_026161,1,581756.1336606949,False
3,titan_026162,0,625998.4667214425,False
3,titan_026163,0,670302.9977383128,False
3,titan_026164,0,714657.0800259004,False
3,titan_026165,0,759050.8147161424,False
3,titan_026166,0,803476.5175696654,False
3,titan_026167,0,847928.0045329571,False
3,titan_026168,0,892400.2941652085,False
3,titan_026169,0,936889.1616713515,False
3,titan_026170,0,981391.1947503741,False
3,titan_026171,0,1025903.5164621284,False
3,titan_026172,0,1070423.5447392552,False
3,titan_026180,0,1426650.0413845296,False
3,titan_026181,0,1471166.810443848,False
3,titan_026182,0,1515677.5751393735,False
3,titan_026183,0,1560181.5261618928,False
3,titan_026184,0,1604677.7665708582,False
3,titan_026185,0,1649165.561671942,False
3,titan_026186,1,1693644.2047279293,False
3,titan_026187,1,1738112.8836514137,False
3,titan_026188,1,1782570.933280335,False
3,titan_026189,0,1827017.7032421841,False
3,titan_026190,0,1870187.457189375,False
3,titan_026191,0,1912946.747687602,False
3,titan_026192,0,1955720.4272482197,False
3,titan_026193,0,1998505.4405510544,False
3,titan_026194,0,2041299.0325805706,False
3,titan_026195,1,2084098.6051589223,False
3,titan_026196,0,2126901.575621626,False
3,titan_026197,0,2169705.607913494,False
3,titan_026198,0,2212508.4749987056,False
3,titan_026199,0,2255307.922737915,False
3,titan_026200,0,2298101.905493479,False
3,titan_026201,5,2340888.452403875,False
3,titan_026202,5,2383665.5347329937,False
3,titan_026203,5,2424445.279228987,False
3,titan_026204,5,2464610.2564931987,False
3,titan_026205,5,2504788.4023947082,False
3,titan_026206,5,2544975.936164508,False
3,titan_026207,0,2585169.210549763,False
3,titan_026208,0,2625364.5824578158,False
3,titan_026209,0,2665023.4285630067,False
3,titan_026210,0,2703910.7818939015,False
3,titan_026211,0,2742801.41934576,False
3,titan_026212,0,2781691.404568437,False
3,titan_026213,0,2820576.8988752,False
3,titan_026214,0,2859454.0385559476,False
3,titan_026215,0,2897389.16575795,False
3,titan_026216,0,2932825.2471153247,False
3,titan_026217,0,2967762.8611280313,False
3,titan_026494,1,44999.917152809525,True
3,titan_026495,0,89999.56997614002,True
3,titan_026496,0,134998.60784834364,False
3,titan_026497,0,179996.72282912256,False
3,titan_026498,1,223961.02678265874,False
3,titan_026499,1,268072.7479114116,False
3,titan_026500,1,312400.12779220566,False
3,titan_026501,1,356861.76197088516,False
3,titan_026502,0,401411.9174000185,False
3,titan_026503,1,446023.0342052141,False
3,titan_026504,0,490677.32433928474,False
3,titan_026505,0,535362.7926051127,False
3,titan_026506,0,580071.1426679486,False
3,titan_026507,0,624796.2465822373,False
3,titan_026508,0,669533.5498987288,False
3,titan_026509,0,714279.5068254634,False
3,titan_026510,2,759031.4410837168,False
3,titan_026511,2,803787.081983443,False
3,titan_026512,0,848544.5939051594,False
3,titan_026513,0,893302.3913834181,False
3,titan_026514,0,938059.2394160446,False
3,titan_026515,0,982813.9448595928,False
3,titan_026516,0,1027565.4894658683,False
3,titan_026517,0,1072312.9155060865,False
3,titan_026518,0,1117055.475107677,False
3,titan_026519,0,1161792.356474178,False
3,titan_026520,2,1206522.841922405,False
3,titan_026521,2,1251246.2118400666,False
3,titan_026522,0,1295961.907486887,False
3,titan_026523,0,1340669.2675228724,False
3,titan_026524,0,1385367.6509096643,False
3,titan_026525,0,1430056.560634821,False
3,titan_026526,0,1474735.3833490333,False
3,titan_026527,0,1519403.5572584444,False
3,titan_026528,0,1564060.4839385222,False
3,titan_026529,0,1608705.6969065468,False
3,titan_026530,0,1652808.221687355,False
3,titan_026531,0,1695753.6878882737,False
3,titan_026532,1,1738719.2785417712,False
3,titan_026533,0,1781701.5706173275,False
3,titan_026534,0,1824697.27276411,False
3,titan_026535,0,1867703.3586519123,False
3,titan_026536,0,1910716.957678122,False
3,titan_026537,0,1953735.4959670196,False
3,titan_026538,0,1996756.4287447073,False
3,titan_026539,0,2039777.386728397,False
3,titan_026540,0,2082796.0777356494,False
3,titan_026541,0,2125810.4370577508,False
3,titan_026542,0,2168818.3678331636,False
3,titan_026543,0,2211817.853229698,False
3,titan_026544,0,2254807.0696929484,False
3,titan_026545,5,2296382.582305103,False
3,titan_026546,5,2336740.042311713,False
3,titan_026547,1,2377113.557422048,False
3,titan_026548,5,2417499.186205869,False
3,titan_026549,5,2457893.0303832996,False
3,titan_026550,5,2498291.373443721,False
3,titan_026551,5,2538690.588820931,False
3,titan_026552,0,2578269.4586070743,False
3,titan_026553,0,2617354.5585035644,False
3,titan_026554,0,2656442.644287002,False
3,titan_026555,0,2695529.6516974256,False
3,titan_026556,0,2734611.735603047,False
3,titan_026557,0,2773685.034227856,False
3,titan_026558,0,2812274.1698654285,False
3,titan_026559,0,2847888.299658719,False
3,titan_026560,0,2883411.259397921,False
3,titan_026561,0,2917936.3260333952,False
3,titan_026562,0,2952461.8302594107,False
3,titan_026837,1,44999.95884873164,True
3,titan_026838,1,89999.52688183979,True
3,titan_026839,0,134998.4415369943,False
3,titan_026840,0,179996.3113679082,False
3,titan_026841,0,224992.74430133117,False
3,titan_026842,1,269987.47587537195,False
3,titan_026843,1,314980.06930446747,False
3,titan_026844,0,359970.2577955179,False
3,titan_026845,0,404957.6446264394,False
3,titan_026846,0,449941.83138424705,False
3,titan_026847,2,494922.5461530339,False
3,titan_026848,0,539899.3436555447,False
3,titan_026849,0,584871.9474519953,False
3,titan_026850,0,629839.9501076542,False
3,titan_026851,0,674802.941380169,False
3,titan_026852,0,719760.6363245365,False
3,titan_026853,0,764712.5755639093,False
3,titan_026854,0,809658.4672953376,False
3,titan_026855,0,854597.8875992447,False
3,titan_026856,0,899530.4085428871,False
3,titan_026857,0,944455.7261677947,False
3,titan_026858,0,989373.360943911,False
3,titan_026859,0,1034282.9995028238,False
3,titan_026860,0,1079184.195143477,False
3,titan_026861,0,1124076.4958166115,False
3,titan_026862,0,1168959.5719575083,False
3,titan_026863,0,1213832.917179465,False
3,titan_026864,0,1258696.1896499016,False
3,titan_026865,0,1303548.9128486684,False
3,titan_026866,0,1348390.6033953452,False
3,titan_026867,2,1393220.8986864402,False
3,titan_026868,0,1437272.929917977,False
3,titan_026869,0,1480414.669310791,False
3,titan_026870,0,1523582.977427583,False
3,titan_026871,0,1566773.5625700946,False
3,titan_026872,0,1609982.631856676,False
3,titan_026873,0,1653206.5941247772,False
3,titan_026874,0,1696442.140164246,False
3,titan_026875,1,1739686.3294243105,False
3,titan_026877,0,1826189.422526291,False
3,titan_026878,0,1869443.2845424132,False
3,titan_026879,0,1912695.4973430082,False
3,titan_026880,0,1955943.9495403203,False
3,titan_026881,0,1999186.4736190327,False
3,titan_026882,0,2042421.161305874,False
3,titan_026883,0,2085646.0632607946,False
3,titan_026884,1,2128859.3016904807,False
3,titan_026885,0,2170824.0241149054,False
3,titan_026886,0,2211388.7665408826,False
3,titan_026887,5,2251972.249000069,False
3,titan_026888,5,2292570.1968977884,False
3,titan_026889,5,2333178.523439593,False
3,titan_026890,5,2373793.426644097,False
3,titan_026891,5,2414411.1015670905,False
3,titan_026892,5,2455028.0337293255,False
3,titan_026893,5,2494385.009679511,False
3,titan_026894,5,2533682.385551507,False
3,titan_026895,0,2572981.9859884637,False
3,titan_026896,0,2612279.6665109196,False
3,titan_026897,0,2651571.5478570764,False
3,titan_026898,0,2690853.741905671,False
3,titan_026899,0,2729765.9830481685,False
3,titan_026900,0,2765571.1545687774,False
3,titan_026901,0,2801381.087889419,False
3,titan_026902,0,2836304.5659320867,False
3,titan_026903,0,2871017.2568820044,False
3,titan_026904,0,2905726.7724781022,False
3,titan_027178,0,44999.95365418226,True
3,titan_027179,0,69519.98127191392,True
3,titan_027180,1,107947.42623923036,True
3,titan_027181,0,150151.2864149972,False
3,titan_027182,0,193677.50035615618,False
3,titan_027183,1,237799.9980646513,False
3,titan_027184,0,282238.1066640719,False
3,titan_027185,1,326862.0199041952,False
3,titan_027186,1,371603.52159747825,False
3,titan_027187,0,416423.5319502166,False
3,titan_027188,0,461297.81603182066,False
3,titan_027189,0,506210.71032349113,False
3,titan_027190,0,551151.3762301273,False
3,titan_027191,0,596112.2637037061,False
3,titan_027192,0,641087.7225315935,False
3,titan_027193,0,686073.465874151,False
3,titan_027194,0,731066.2782118693,False
3,titan_027195,0,776063.443083429,False
3,titan_027196,0,821062.89922076,False
3,titan_027197,0,866062.7728445455,False
3,titan_027198,0,911061.628676251,False
3,titan_027199,0,956058.0649293306,False
3,titan_027200,0,1001051.0067805322,False
3,titan_027201,0,1046039.3307355533,False
3,titan_027202,0,1091022.178724926,False
3,titan_027203,0,1135998.6398818365,False
3,titan_027204,0,1180170.6655612949,False
3,titan_027205,0,1223482.3483423977,False
3,titan_027206,0,1266833.6423138406,False
3,titan_027207,0,1310218.6412669872,False
3,titan_027208,0,1353631.9515593913,False
3,titan_027209,0,1397068.9147568846,False
3,titan_027210,0,1440525.1919994461,False
3,titan_027211,0,1483997.0206546646,False
3,titan_027212,0,1527480.8664696156,False
3,titan_027213,0,1570973.4965297265,False
3,titan_027214,0,1614472.0603623772,False
3,titan_027215,0,1657973.765971955,False
3,titan_027216,0,1701476.178534244,False
3,titan_027223,0,2005830.0319247718,False
3,titan_027224,0,2047727.7471858847,False
3,titan_027225,0,2088515.9645327753,False
3,titan_027226,1,2129325.1077251616,False
3,titan_027227,5,2170150.7863039616,False
3,titan_027228,5,2210988.675638699,False
3,titan_027229,5,2251834.8031401765,False
3,titan_027230,5,2292685.257251882,False
3,titan_027231,5,2333536.2847364973,False
3,titan_027232,5,2373851.620119025,False
3,titan_027233,5,2413370.827958622,False
3,titan_027234,5,2452895.2053748076,False
3,titan_027235,5,2492420.441241486,False
3,titan_027236,5,2531942.511831487,False
3,titan_027237,0,2571457.367319796,False
3,titan_027238,0,2610961.2176770233,False
3,titan_027239,0,2649856.452517113,False
3,titan_027240,0,2685866.217339576,False
3,titan_027241,0,2721881.6165593998,False
3,titan_027242,0,2757210.9395501697,False
3,titan_027243,0,2792123.0777004864,False
3,titan_027244,0,2827033.226671996,False
3,titan_027245,0,2861112.1391968965,False
3,titan_027518,0,44999.92672227957,True
3,titan_027519,0,88669.40070403379,True
3,titan_027520,0,129338.60649375521,False
3,titan_027521,0,172099.91255381829,False
3,titan_027522,0,215711.49468448304,False
3,titan_027523,0,259744.08303456966,False
3,titan_027524,0,303839.17295740946,False
3,titan_027525,0,347328.1712652812,False
3,titan_027526,0,391216.5491379022,False
3,titan_027527,0,435382.22123858694,False
3,titan_027528,0,479747.25268411584,False
3,titan_027529,0,524259.6483179234,False
3,titan_027530,0,568883.4072503985,False
3,titan_027531,0,613592.8008648849,False
3,titan_027532,0,658368.9308799376,False
3,titan_027533,0,703197.5781396029,False
3,titan_027534,1,748067.8127689444,False
3,titan_027535,0,792971.0698437874,False
3,titan_027536,0,837623.5423224111,False
3,titan_027537,0,880942.288309278,False
3,titan_027538,2,924343.9556010643,False
3,titan_027539,0,967815.3700543633,False
3,titan_027540,0,1011345.4975791418,False
3,titan_027541,0,1054925.0083010022,False
3,titan_027542,0,1098545.9418145795,False
3,titan_027543,0,1142201.4473532194,False
3,titan_027544,0,1185885.58011567,False
3,titan_027547,0,1317060.720043355,False
3,titan_027548,0,1360813.0272461225,False
3,titan_027549,0,1404573.18408465,False
3,titan_027550,0,1448338.2136229647,False
3,titan_027551,0,1492105.3966983464,False
3,titan_027552,0,1535872.2331717042,False
3,titan_027553,0,1579636.4094749165,False
3,titan_027554,0,1623395.7712748789,False
3,titan_027555,0,1667148.30031852,False
3,titan_027556,2,1710892.094712082,False
3,titan_027568,5,2214583.8932975796,False
3,titan_027569,5,2255681.753734007,False
3,titan_027570,5,2295471.526695665,False
3,titan_027571,5,2335234.110648051,False
3,titan_027572,5,2375000.0337486574,False
3,titan_027573,5,2414765.041068981,False
3,titan_027574,5,2454525.023193237,False
3,titan_027575,5,2494276.000814926,False
3,titan_027576,0,2534014.110580676,False
3,titan_027577,0,2572541.8154346393,False
3,titan_027578,0,2608770.441503342,False
3,titan_027579,0,2645004.9872786566,False
3,titan_027580,0,2680651.1975587825,False
3,titan_027581,0,2715775.7368082413,False
3,titan_027582,0,2750899.0360426554,False
3,titan_027583,0,2786015.6238725632,False
3,titan_027584,0,2817280.5351397027,False
3,titan_027585,0,2848184.939673673,False
3,titan_027856,0,44999.90965224273,True
3,titan_027857,0,89999.33087410453,True
3,titan_027858,0,134997.77494202164,False
3,titan_027859,0,179994.79459059963,False
3,titan_027860,0,224989.81553684355,False
3,titan_027861,0,269982.38845978497,False
3,titan_027862,2,314972.0205190516,False
3,titan_027863,0,359958.25913672324,False
3,titan_027864,0,404940.523557324,False
3,titan_027865,0,449918.356759178,False
3,titan_027866,0,494891.25700215134,False
3,titan_027867,0,539662.3580764865,False
3,titan_027868,1,582844.5910962643,False
3,titan_027869,0,626202.9891360964,False
3,titan_027870,0,669701.3733065749,False
3,titan_027871,0,713312.1113167142,False
3,titan_027872,0,757013.7366776242,False
3,titan_027873,0,800789.337084896,False
3,titan_027874,1,844625.2384162536,False
3,titan_027875,0,888510.4310204689,False
3,titan_027876,0,932435.8135529553,False
3,titan_027877,0,976393.8393540464,False
3,titan_027878,0,1020378.0272618833,False
3,titan_027879,0,1064382.9625430375,False
3,titan_027880,0,1108403.944757806,False
3,titan_027881,0,1152436.883450925,False
3,titan_027885,0,1328622.0440980252,False
3,titan_027886,0,1372667.9917827554,False
3,titan_027887,0,1416709.2321176652,False
3,titan_027888,0,1460743.6930560279,False
3,titan_027889,0,1504769.5616729932,False
3,titan_027890,0,1548785.0979337671,False
3,titan_027891,0,1592788.6988162783,False
3,titan_027892,0,1636778.7185239177,False
3,titan_027893,0,1680753.7021604176,False
3,titan_027909,5,2340028.9336933573,False
3,titan_027910,5,2380040.163464733,False
3,titan_027911,5,2420040.0230745864,False
3,titan_027912,5,2460024.706812014,False
3,titan_027913,5,2497823.3423458505,False
3,titan_027914,0,2534285.5146902553,False
3,titan_027915,0,2570753.4399808142,False
3,titan_027916,0,2606625.41979735,False
3,titan_027917,0,2641975.919480428,False
3,titan_027918,0,2677325.395281039,False
3,titan_027919,0,2712668.2705701445,False
3,titan_027920,0,2744956.226694934,False
3,titan_027921,0,2776056.778430296,False
3,titan_027922,0,2807163.5302644684,False
3,titan_028190,0,44999.89606415716,True
3,titan_028191,0,76070.03914336908,True
3,titan_028192,0,115603.00867690332,False
3,titan_028193,0,158172.71695764354,False
3,titan_028194,0,201865.7393058902,False
3,titan_028195,0,244832.5092360454,False
3,titan_028196,0,286843.5594186316,False
3,titan_028197,1,329550.76965147315,False
3,titan_028198,1,372713.08383044845,False
3,titan_028199,0,416186.9353063,False
3,titan_028200,0,459882.0304096705,False
3,titan_028201,0,503738.8174684686,False
3,titan_028202,0,547716.3251269344,False
3,titan_028203,0,591785.5789085844,False
3,titan_028204,1,635925.4229953899,False
3,titan_028205,0,680119.8887429676,False
3,titan_028206,0,724356.8351656583,False
3,titan_028207,0,768626.7673381646,False
3,titan_028208,0,812921.9958028769,False
3,titan_028209,0,857236.3859014866,False
3,titan_028210,0,901564.8826187656,False
3,titan_028211,0,945903.1332084107,False
3,titan_028212,0,990247.5478298218,False
3,titan_028213,0,1034595.0374427593,False
3,titan_028214,0,1078942.7855327493,False
3,titan_028215,0,1123288.4149121847,False
3,titan_028216,0,1167629.8021715158,False
3,titan_028217,0,1211964.905643196,False
3,titan_028218,0,1256291.9739006974,False
3,titan_028219,0,1300609.3915739222,False
3,titan_028220,0,1344915.531250013,False
3,titan_028221,0,1389208.9801478118,False
3,titan_028222,0,1433488.4001718445,False
3,titan_028223,0,1477752.3910334522,False
3,titan_028224,0,1521999.725457136,False
3,titan_028225,0,1566229.2162654663,False
3,titan_028226,0,1609851.4038192835,False
3,titan_028227,0,1651353.6918273822,False
3,titan_028243,5,2308507.1026266115,False
3,titan_028244,5,2348768.164911416,False
3,titan_028245,5,2389007.4553359863,False
3,titan_028246,5,2425707.544762002,False
3,titan_028247,0,2462418.389049738,False
3,titan_028248,0,2499134.159955067,False
3,titan_028249,0,2535138.4122536015,False
3,titan_028250,0,2570728.935935985,False
3,titan_028251,0,2606318.0862173736,False
3,titan_028252,0,2641900.2195061534,False
3,titan_028253,0,2674850.7667288547,False
3,titan_028254,0,2706159.885094575,False
3,titan_028255,0,2737476.855182934,False
3,titan_028256,0,2768795.1694678515,False
3,titan_028523,0,44999.92343997033,True
3,titan_028524,0,81585.38560740624,True
3,titan_028525,0,121523.44906907236,False
3,titan_028526,0,164009.28300413236,False
3,titan_028527,0,207481.96886995668,False
3,titan_028528,0,251428.41439253185,False
3,titan_028529,0,295635.4593504039,False
3,titan_028530,0,339999.55055429443,False
3,titan_028531,0,384464.20862056524,False
3,titan_028532,0,428996.088468499,False
3,titan_028533,0,473574.119686659,False
3,titan_028534,0,518184.13270929066,False
3,titan_028535,0,562816.3736467086,False
3,titan_028536,0,607463.6173986357,False
3,titan_028537,0,652120.575374648,False
3,titan_028538,0,696782.997826089,False
3,titan_028539,0,741447.6392105505,False
3,titan_028540,0,786111.6886965143,False
3,titan_028541,0,830772.8952437054,False
3,titan_028542,0,875429.3307828514,False
3,titan_028543,0,920079.1862827821,False
3,titan_028544,0,964721.0015245276,False
3,titan_028545,0,1009353.2929980737,False
3,titan_028546,0,1053974.850854151,False
3,titan_028547,0,1098584.3854339095,False
3,titan_028548,0,1143180.8373927835,False
3,titan_028549,0,1187763.0341272524,False
3,titan_028550,0,1232329.9658536273,False
3,titan_028551,0,1276880.652943469,False
3,titan_028552,0,1321414.0152789531,False
3,titan_028553,0,1365929.1534114021,False
3,titan_028554,0,1410425.015123285,False
3,titan_028555,0,1453965.4083813548,False
3,titan_028556,1,1495725.5103323157,False
3,titan_028557,0,1537528.967683651,False
3,titan_028558,0,1579368.8202461544,False
3,titan_028559,0,1621238.8011761343,False
3,titan_028576,5,2319241.059805662,False
3,titan_028577,5,2356206.378633553,False
3,titan_028578,5,2393181.1907382114,False
3,titan_028579,0,2430159.5761025627,False
3,titan_028580,0,2466199.9336579572,False
3,titan_028581,0,2502044.799512867,False
3,titan_028582,0,2537887.4746061326,False
3,titan_028583,0,2573722.124710381,False
3,titan_028584,0,2606967.2830773112,False
3,titan_028585,0,2638498.2103957883,False
3,titan_028586,1,2670038.1064613434,False
3,titan_028587,1,2701580.323717384,False
3,titan_028588,1,2733118.2440468553,False
3,titan_028854,0,44999.86318254411,True
3,titan_028855,5,89999.1077842933,True
3,titan_028856,5,134997.0325103781,False
3,titan_028857,5,179992.9352833195,False
3,titan_028858,0,224986.23631154824,False
3,titan_028859,0,269976.18960551266,False
3,titan_028860,0,314962.2118075774,False
3,titan_028861,0,359943.5937284764,False
3,titan_028862,0,404919.6234157087,False
3,titan_028863,0,449889.7091422882,False
3,titan_028864,0,494853.13216707704,False
3,titan_028865,0,539809.1697620983,False
3,titan_028866,0,584757.2181253899,False
3,titan_028867,0,629696.5452368747,False
3,titan_028868,0,674626.4138235748,False
3,titan_028869,0,719546.2041749489,False
3,titan_028870,0,764455.1671235429,False
3,titan_028871,0,809352.5469266301,False
3,titan_028874,0,943968.2602899068,False
3,titan_028875,0,988812.2174947031,False
3,titan_028876,0,1033640.9436268586,False
3,titan_028877,0,1078453.6333881044,False
3,titan_028878,0,1123249.5944155883,False
3,titan_028879,0,1168028.000817686,False
3,titan_028880,0,1212788.0156683624,False
3,titan_028881,0,1257528.9131986634,False
3,titan_028882,0,1299805.361334254,False
3,titan_028883,0,1341841.4882452982,False
3,titan_028884,0,1383928.2751598174,False
3,titan_028885,1,1426057.6952442157,False
3,titan_028886,0,1468222.4937462192,False
3,titan_028887,0,1510416.195121211,False
3,titan_028888,0,1552632.779917065,False
3,titan_028889,0,1594866.7226900219,False
3,titan_028898,0,1970076.9014130405,False
3,titan_028899,0,2010961.6811320558,False
3,titan_028900,0,2051840.9859125197,False
3,titan_028906,5,2289337.510490766,False
3,titan_028907,5,2326591.699871105,False
3,titan_028908,1,2363713.2227849443,False
3,titan_028909,1,2399824.750288114,False
3,titan_028910,1,2435938.6255835877,False
3,titan_028911,1,2472048.791858262,False
3,titan_028912,1,2508149.368287149,False
3,titan_028913,0,2541313.027255572,False
3,titan_028914,0,2573079.654158859,False
3,titan_028915,1,2604855.852582493,False
3,titan_028916,1,2636634.805235125,False
3,titan_028917,1,2668409.7670836863,False
3,titan_028918,1,2699033.044251498,False
3,titan_029181,0,44999.873036560224,True
3,titan_029182,5,82949.72005731275,True
3,titan_029183,0,123359.53665202095,False
3,titan_029184,5,166240.04793178072,False
3,titan_029185,0,210081.88315253472,False
3,titan_029186,0,254386.50118578074,False
3,titan_029187,0,298946.07604700036,False
3,titan_029188,0,343659.2123981203,False
3,titan_029189,0,388470.57985053735,False
3,titan_029190,0,433347.33686965134,False
3,titan_029191,0,478268.6982457334,False
3,titan_029192,0,523220.64148278267,False
3,titan_029193,0,568193.4378658532,False
3,titan_029194,0,613179.9627787697,False
3,titan_029195,0,658174.8327956378,False
3,titan_029196,0,703173.8475092239,False
3,titan_029197,0,748173.6320360666,False
3,titan_029198,0,793171.4416159077,False
3,titan_029199,0,838164.8378442328,False
3,titan_029212,0,1402019.684068349,False
3,titan_029213,0,1444579.9533479668,False
3,titan_029221,0,1782429.6825174573,False
3,titan_029222,0,1823634.1964679372,False
3,titan_029223,0,1864841.9002558794,False
3,titan_029224,0,1906048.061815631,False
3,titan_029225,0,1947248.2334475764,False
3,titan_029226,0,1988438.0727808764,False
3,titan_029227,0,2029613.5409978996,False
3,titan_029233,1,2262673.4117368404,False
3,titan_029234,1,2299635.8694421262,False
3,titan_029235,1,2336033.1122617377,False
3,titan_029236,1,2372430.6234346027,False
3,titan_029237,1,2408822.3045499306,False
3,titan_029238,1,2445202.2767392998,False
3,titan_029239,1,2477899.4600651427,False
3,titan_029240,1,2509916.3119664937,False
3,titan_029241,1,2541942.7825609734,False
3,titan_029242,1,2573971.828722252,False
3,titan_029243,1,2605996.580715498,False
3,titan_029244,1,2637136.80711173,False
3,titan_029245,1,2665033.1393143316,False
3,titan_029506,1,44999.857763225664,True
3,titan_029507,0,75035.40521194061,True
3,titan_029508,5,114099.83008979421,False
3,titan_029509,0,156275.3310618721,False
3,titan_029510,0,199597.34701742933,False
3,titan_029511,0,243452.30818151776,False
3,titan_029512,0,287593.97560613614,False
3,titan_029513,0,331905.4071194219,False
3,titan_029514,0,376323.9542501195,False
3,titan_029515,0,420812.98086203483,False
3,titan_029516,0,465349.3856550682,False
3,titan_029517,0,509917.9132009339,False
3,titan_029518,0,554507.9010731054,False
3,titan_029519,0,599111.6396430001,False
3,titan_029520,0,643723.2026596743,False
3,titan_029521,0,688338.0699324715,False
3,titan_029522,0,732952.5734618803,False
3,titan_029523,0,777563.7193607202,False
3,titan_029524,0,822168.8526690503,False
3,titan_029525,0,866765.7773874002,False
3,titan_029526,0,911352.5102624052,False
3,titan_029527,2,953867.612121107,False
3,titan_029528,0,996452.2983916441,False
3,titan_029541,0,1553709.8857456686,False
3,titan_029542,0,1595826.3171718323,False
3,titan_029543,0,1637352.5029121155,False
3,titan_029544,0,1678891.0672003904,False
3,titan_029545,0,1720436.6149250888,False
3,titan_029546,0,1761984.0647501217,False
3,titan_029547,0,1803528.642444567,False
3,titan_029548,0,1845065.8798906673,False
3,titan_029549,1,1886591.431977385,False
3,titan_029550,1,1928101.271473277,False
3,titan_029551,1,1969591.5135108903,False
3,titan_029552,1,2011058.4673428927,False
3,titan_029558,1,2238152.5622964483,False
3,titan_029559,1,2274850.743018662,False
3,titan_029560,1,2311546.4908204586,False
3,titan_029561,0,2348233.5872685285,False
3,titan_029562,0,2384477.074956459,False
3,titan_029563,1,2416742.7781466316,False
3,titan_029564,1,2449024.9274125197,False
3,titan_029565,1,2481316.0554743344,False
3,titan_029566,1,2513608.985579308,False
3,titan_029567,1,2545896.699271932,False
3,titan_029568,1,2577218.1199692884,False
3,titan_029569,1,2605343.731285566,False
3,titan_029570,1,2633474.091097459,False
3,titan_029829,1,44999.835323604,True
3,titan_029830,1,89998.8441443057,True
3,titan_029831,0,134996.07897400932,False
3,titan_029832,0,179990.75192380877,False
3,titan_029833,0,224981.91294592628,False
3,titan_029834,0,269968.7705421801,False
3,titan_029835,0,314950.3700452612,False
3,titan_029836,0,359925.91426617466,False
3,titan_029837,0,404894.4418374104,False
3,titan_029838,0,449855.14777202456,False
3,titan_029839,2,494807.0618913856,False
3,titan_029840,0,539749.3692683055,False
3,titan_029841,0,584681.0887622198,False
3,titan_029842,0,629601.3933184638,False
3,titan_029843,0,674509.2886339448,False
3,titan_029844,0,718704.0141582087,False
3,titan_029845,0,761415.6879962216,False
3,titan_029846,0,804253.8321639947,False
3,titan_029847,0,847195.5451794686,False
3,titan_029848,0,890222.2223870647,False
3,titan_029849,0,933318.3126131247,False
3,titan_029850,0,976470.9283150431,False
3,titan_029851,0,1019669.0127559644,False
3,titan_029852,0,1062903.2475115368,False
3,titan_029853,0,1106165.4352548968,False
3,titan_029854,0,1149448.5677443654,False
3,titan_029855,0,1192746.3276800122,False
3,titan_029856,0,1236053.2473961601,False
3,titan_029857,0,1279364.2794372346,False
3,titan_029858,0,1322675.0085909797,False
3,titan_029859,0,1365981.2637058196,False
3,titan_029860,0,1409279.3621676802,False
3,titan_029861,0,1452049.0109701839,False
3,titan_029862,0,1493923.3958920052,False
3,titan_029863,0,1535813.8078489632,False
3,titan_029864,0,1577714.4267000253,False
3,titan_029865,0,1619619.7208453326,False
3,titan_029866,0,1661524.6876238715,False
3,titan_029867,0,1703424.503777461,False
3,titan_029868,0,1745314.7811843052,False
3,titan_029869,0,1787191.2301740404,False
3,titan_029870,0,1829049.9259308304,False
3,titan_029871,0,1870886.981061299,False
3,titan_029872,1,1912698.8194671588,False
3,titan_029873,1,1952099.5931527356,False
3,titan_029884,1,2357864.022859093,False
3,titan_029885,1,2390426.807695484,False
3,titan_029886,1,2422997.343235042,False
3,titan_029887,1,2455568.2112173242,False
3,titan_029888,1,2488132.310754661,False
3,titan_029889,1,2519292.542775775,False
3,titan_029890,1,2547660.701106647,False
3,titan_029891,1,2576033.632958562,False
3,titan_029892,1,2604403.9580380092,False
3,titan_030148,1,44999.850394212925,True
3,titan_030149,0,89784.63454257319,True
3,titan_030150,0,130874.31800771861,False
3,titan_030151,0,174012.45825645668,False
3,titan_030152,0,217983.84504010892,False
3,titan_030153,0,262367.1597190725,False
3,titan_030154,2,306981.0167982138,False
3,titan_030155,2,351734.7292073714,False
3,titan_030156,2,396577.910494898,False
3,titan_030157,0,441480.18076563335,False
3,titan_030158,0,484279.1605731816,False
3,titan_030159,2,526961.940455759,False
3,titan_030160,0,569879.064054137,False
3,titan_030161,0,612977.6800176604,False
3,titan_030162,0,656218.3424343411,False
3,titan_030163,0,699570.9352971624,False
3,titan_030164,0,743012.1504318045,False
3,titan_030165,0,786523.4408191518,False
3,titan_030166,0,830089.9132504301,False
3,titan_030167,0,873699.3977270382,False
3,titan_030168,0,917341.7658390958,False
3,titan_030169,0,961008.6142041961,False
3,titan_030170,0,1004692.6826980674,False
3,titan_030171,0,1048387.7449135929,False
3,titan_030172,0,1092088.3681422526,False
3,titan_030173,0,1135789.7191828194,False
3,titan_030174,0,1179487.597537126,False
3,titan_030175,0,1223178.1077673018,False
3,titan_030176,0,1266857.7379053216,False
3,titan_030177,0,1309874.4049743118,False
3,titan_030178,0,1352118.3815957063,False
3,titan_030179,0,1394381.2134629325,False
3,titan_030180,0,1436656.4875854622,False
3,titan_030181,0,1478938.3714692974,False
3,titan_030182,0,1521221.4969133567,False
3,titan_030183,0,1563500.8561687288,False
3,titan_030184,0,1605771.8952262267,False
3,titan_030185,0,1648030.2415401426,False
3,titan_030186,0,1690271.8126336457,False
3,titan_030187,0,1732492.743488335,False
3,titan_030188,0,1774689.3188317835,False
3,titan_030189,0,1816858.0960258339,False
3,titan_030190,0,1856165.250766972,False
3,titan_030191,0,1894657.2814177414,False
3,titan_030192,0,1933168.6258841914,False
3,titan_030203,1,2334148.293810037,False
3,titan_030204,1,2367013.10571449,False
3,titan_030205,1,2399876.1277682646,False
3,titan_030206,1,2432730.071928205,False
3,titan_030207,1,2463379.911474879,False
3,titan_030208,1,2492004.295191909,False
3,titan_030209,1,2520632.920890396,False
3,titan_030210,1,2549258.1443023887,False
3,titan_030211,1,2574760.8199083013,False
3,titan_030464,0,44999.81106206155,True
3,titan_030465,0,89998.63421680013,True
3,titan_030466,0,133262.17964957078,False
3,titan_030467,0,171210.08042074114,False
3,titan_030468,0,210416.3576651094,False
3,titan_030469,0,251405.26535541224,False
3,titan_030470,0,293427.5086797621,False
3,titan_030471,0,336092.4082429028,False
3,titan_030472,0,379179.66482837324,False
3,titan_030473,0,422556.4558609278,False
3,titan_030474,0,466138.35606747324,False
3,titan_030475,0,509868.958875122,False
3,titan_030476,2,553709.2867356077,False
3,titan_030477,0,597631.2512813617,False
3,titan_030478,0,641614.229181439,False
3,titan_030479,0,685642.4322258484,False
3,titan_030480,0,729703.7208956424,False
3,titan_030481,0,773788.3049890934,False
3,titan_030482,0,817888.339753898,False
3,titan_030483,0,861997.3409354523,False
3,titan_030484,0,906109.7353940951,False
3,titan_030485,0,950220.8903687216,False
3,titan_030486,0,994326.6267152982,False
3,titan_030487,0,1038423.3954063344,False
3,titan_030488,0,1082507.8678412843,False
3,titan_030489,0,1126577.167762198,False
3,titan_030490,0,1169294.43704204,False
3,titan_030491,0,1211932.9046564468,False
3,titan_030492,0,1254591.5624336961,False
3,titan_030493,0,1297263.5159523832,False
3,titan_030494,0,1339942.6852422825,False
3,titan_030495,0,1382623.3997598148,False
3,titan_030496,0,1425300.6101664312,False
3,titan_030497,0,1467969.5166765768,False
3,titan_030498,0,1510625.8076637515,False
3,titan_030499,0,1553265.3097620783,False
3,titan_030500,0,1595884.2439341757,False
3,titan_030501,0,1638478.890156985,False
3,titan_030502,0,1681045.8177523806,False
3,titan_030503,0,1723425.2956438055,False
3,titan_030504,0,1762246.8948665438,False
3,titan_030505,0,1801097.278791242,False
3,titan_030506,0,1839968.4545924522,False
3,titan_030507,0,1878853.0198187176,False
3,titan_030508,0,1917743.840373057,False
3,titan_030519,1,2313394.757974464,False
3,titan_030520,1,2346564.0734483367,False
3,titan_030521,1,2379721.262607883,False
3,titan_030522,1,2409504.258718523,False
3,titan_030523,1,2438399.0517926733,False
3,titan_030524,1,2467296.774228653,False
3,titan_030525,1,2496189.6729479376,False
3,titan_030526,1,2521533.0163810863,False
3,titan_030777,0,44999.80330364508,True
3,titan_030778,0,66903.67168083387,True
3,titan_030779,0,104468.91853102206,True
3,titan_030780,0,146149.68190553327,False
3,titan_030781,0,189243.15216325104,False
3,titan_030782,0,232963.45893003076,False
3,titan_030783,0,277010.56916945835,False
3,titan_030784,0,321246.4952610916,False
3,titan_030785,0,365599.02169442846,False
3,titan_030786,0,410026.41831525567,False
3,titan_030787,0,454502.83961570123,False
3,titan_030788,0,499011.22313833964,False
3,titan_030789,0,543539.5911743153,False
3,titan_030790,0,588079.3172091037,False
3,titan_030791,0,632623.832091648,False
3,titan_030792,0,677168.009705952,False
3,titan_030793,0,721707.5759445755,False
3,titan_030794,0,766239.0558680919,False
3,titan_030795,0,810759.4278351101,False
3,titan_030796,0,855266.0689716885,False
3,titan_030797,0,899756.5078033053,False
3,titan_030798,0,944228.5891156128,False
3,titan_030799,0,987299.1841590726,False
3,titan_030800,0,1030333.0698056484,False
3,titan_030801,0,1073394.2939283713,False
3,titan_030802,0,1116474.7770302847,False
3,titan_030803,0,1159567.4454709687,False
3,titan_030804,0,1202665.9055864646,False
3,titan_030805,0,1245764.5276540038,False
3,titan_030806,0,1288858.220980672,False
3,titan_030807,0,1331942.2304689863,False
3,titan_030808,0,1375012.2865468252,False
3,titan_030809,0,1418064.3944445646,False
3,titan_030810,0,1461094.858335861,False
3,titan_030811,0,1504100.089883636,False
3,titan_030812,0,1547076.7969605965,False
3,titan_030813,0,1590021.8044943376,False
3,titan_030814,0,1631144.560963206,False
3,titan_030815,0,1670345.149792834,False
3,titan_030816,0,1709575.543178163,False
3,titan_030817,0,1748827.4864188326,False
3,titan_030818,0,1788093.1373350946,False
3,titan_030819,0,1827365.2117990588,False
3,titan_030820,0,1866622.2536638805,False
3,titan_030833,1,2328523.914755575,False
3,titan_030834,1,2357694.274034229,False
3,titan_030835,1,2386873.8113576286,False
3,titan_030836,1,2416054.2867112695,False
3,titan_030837,1,2444778.898016149,False
3,titan_030838,1,2470107.740296895,False
3,titan_030839,1,2495442.9574986314,False
3,titan_031088,0,44999.807179799864,True
3,titan_031089,0,89998.36697131305,True
3,titan_031090,0,134994.54723126304,False
3,titan_031091,0,179987.09845060357,False
3,titan_031093,0,269956.45901784237,False
3,titan_031094,0,314930.79457114777,False
3,titan_031095,0,359896.6679499034,False
3,titan_031096,0,404852.8119164981,False
3,titan_031097,0,449797.99215441255,False
3,titan_031098,0,494730.9293138474,False
3,titan_031099,0,539650.4526376422,False
3,titan_031100,0,584555.2676480844,False
3,titan_031101,0,629444.1097789039,False
3,titan_031102,0,674315.7050107854,False
3,titan_031103,0,718993.9970124874,False
3,titan_031104,0,762705.1269552158,False
3,titan_031105,0,806119.8914170219,False
3,titan_031106,0,849578.7038611835,False
3,titan_031107,0,893070.13217696,False
3,titan_031108,0,936584.6881034946,False
3,titan_031109,0,980114.1957059809,False
3,titan_031110,0,1023651.6357771911,False
3,titan_031111,0,1067190.87711317,False
3,titan_031112,0,1110726.4614481113,False
3,titan_031113,0,1154253.6150464367,False
3,titan_031114,0,1197767.9160468006,False
3,titan_031115,0,1241265.3582201158,False
3,titan_031116,0,1284742.2449155054,False
3,titan_031117,0,1328195.0963381648,False
3,titan_031118,0,1371620.753723149,False
3,titan_031119,0,1415016.1183941718,False
3,titan_031120,0,1458378.2704825879,False
3,titan_031121,0,1501301.0808385874,False
3,titan_031122,0,1540865.5522406192,False
3,titan_031123,0,1580469.136250423,False
3,titan_031124,0,1620102.5543322104,False
3,titan_031125,0,1659757.1860130432,False
3,titan_031126,0,1699424.9550199353,False
3,titan_031127,0,1739098.3960407467,False
3,titan_031128,0,1778711.5327385927,False
3,titan_031129,0,1817161.7937049128,False
3,titan_031130,0,1855618.7581793487,False
3,titan_031147,1,2420512.5380922114,False
3,titan_031148,1,2446106.7757893475,False
3,titan_031395,0,44999.81155602194,True
3,titan_031396,0,89998.27684655246,True
3,titan_031397,0,134994.12533615387,False
3,titan_031398,0,179986.04672097368,False
3,titan_031401,0,314925.1445232803,False
3,titan_031402,0,359888.1971944824,False
3,titan_031403,0,404840.72156541183,False
3,titan_031404,0,449289.8923915042,False
3,titan_031405,0,493765.8300552505,False
3,titan_031406,0,538117.9580611312,False
3,titan_031407,0,581936.3785946786,False
3,titan_031408,0,625818.5278969429,False
3,titan_031409,0,669746.8147281521,False
3,titan_031410,0,713707.6933637316,False
3,titan_031411,0,757690.3778384594,False
3,titan_031412,0,801686.1497881168,False
3,titan_031413,0,845687.6789976644,False
3,titan_031414,0,889688.8737238843,False
3,titan_031415,0,933684.4619965008,False
3,titan_031416,0,977669.8319678025,False
3,titan_031417,0,1021640.9227304178,False
3,titan_031418,0,1065593.964267189,False
3,titan_031419,0,1109525.6171178927,False
3,titan_031420,0,1153432.757407084,False
3,titan_031421,0,1197312.5002135048,False
3,titan_031422,0,1241162.0097998197,False
3,titan_031423,0,1284978.6908613886,False
3,titan_031424,0,1328760.0130414024,False
3,titan_031425,0,1372273.1900230877,False
3,titan_031426,0,1412613.1735737347,False
3,titan_031427,0,1452606.7203254618,False
3,titan_031428,0,1492638.5117787714,False
3,titan_031429,0,1532698.9530642317,False
3,titan_031455,1,2422946.6428519073,False
3,titan_031699,0,44999.76974616543,True
3,titan_031700,0,89998.12597824422,True
3,titan_031701,0,134993.6543628059,False
3,titan_031702,0,179984.90110950547,False
3,titan_031705,0,313575.6659971936,False
3,titan_031706,0,357875.1568685166,False
3,titan_031707,0,402252.85630643973,False
3,titan_031708,2,446680.5281274133,False
3,titan_031709,0,491139.55034034065,False
3,titan_031710,0,535617.0740372015,False
3,titan_031711,0,580103.6323734737,False
3,titan_031712,0,624592.0445072838,False
3,titan_031713,0,669076.6275473911,False
3,titan_031714,0,713552.7256552462,False
3,titan_031715,0,758016.4043584137,False
3,titan_031716,0,802464.208758043,False
3,titan_031722,0,1068664.368297285,False
3,titan_031723,0,1112927.6931320562,False
3,titan_032000,0,44999.746954672046,True
3,titan_032001,0,89997.96827951743,True
3,titan_032002,0,134993.13746418516,False
3,titan_032003,0,179983.72623642537,False
3,titan_032005,0,269945.03534378647,False
3,titan_032006,0,314912.6823629805,False
3,titan_032007,0,359869.60055519146,False
3,titan_032008,0,404814.2395268895,False
3,titan_032009,0,449745.04176753317,False
3,titan_032010,0,494660.4417377232,False
3,titan_032011,2,539558.8649494746,False
3,titan_032012,0,584438.7270376999,False
3,titan_032013,0,629298.4328219601,False
3,titan_032014,0,674136.375357597,False
3,titan_032015,0,718950.8977423728,False
3,titan_032296,0,44999.719494106066,True
3,titan_032297,0,67705.33196126916,True
3,titan_032298,0,105890.89883954792,True
3,titan_032299,0,148118.02076363727,False
3,titan_032303,0,325231.87224995537,False
3,titan_032304,0,370071.7538455534,False
3,titan_032305,0,414981.45909011643,False
3,titan_032306,0,459935.04619243887,False
3,titan_032307,0,504915.09961217624,False
3,titan_032308,0,549909.4297117006,False
3,titan_032309,0,594908.991904968,False
3,titan_032310,0,639906.8022223916,False
3,titan_032311,0,684897.2563077541,False
3,titan_032312,0,729875.7363568639,False
3,titan_032590,0,44999.68377187921,True
3,titan_032591,0,89997.63247373475,True
3,titan_032592,0,132239.4437925569,False
3,titan_032593,0,174771.77252385055,False
3,titan_032597,0,343910.4826560549,False
3,titan_032598,0,388007.6827315536,False
3,titan_032599,0,431345.05671096354,False
3,titan_032600,0,474789.63805754785,False
3,titan_032601,0,518365.05426975584,False
3,titan_032602,2,562034.3354461163,False
3,titan_032603,0,605770.6715642259,False
3,titan_032604,0,649553.8279626755,False
3,titan_032605,0,693368.1571173719,False
3,titan_032606,0,737201.3473322646,False
3,titan_032607,0,781043.2676785623,False
3,titan_032608,0,824885.6322674736,False
3,titan_032880,0,44999.68252573546,True
3,titan_032881,0,89272.58753833458,True
3,titan_032882,0,129847.15420509821,False
3,titan_032887,0,348097.760421284,False
3,titan_032890,0,481146.7464659934,False
3,titan_032893,0,614359.7966995136,False
3,titan_032894,0,658754.1181656081,False
3,titan_032895,0,703133.4687843511,False
3,titan_032896,0,746335.5435295568,False
3,titan_032897,0,788596.5513449417,False
3,titan_032898,0,830946.9235381855,False
3,titan_032899,0,873366.0136359301,False
3,titan_033166,0,44999.65049467141,True
3,titan_033167,0,89997.2509923676,True
3,titan_033168,0,134990.78589497815,False
3,titan_033173,0,359824.7827815979,False
3,titan_033180,0,667269.571571338,False
3,titan_033181,0,710221.624650529,False
3,titan_033182,0,753237.3701723514,False
3,titan_033183,0,796298.5072312236,False
3,titan_033184,0,839389.9586106893,False
3,titan_033185,0,882499.1454970601,False
3,titan_033186,0,925615.2756743548,False
3,titan_033448,0,44999.62200975762,True
3,titan_033449,0,75114.13429448604,True
3,titan_033450,0,114650.69818742195,False
3,titan_033451,0,157326.05056607278,False
3,titan_033456,0,373973.30376869126,False
3,titan_033464,0,722059.1801621054,False
3,titan_033465,0,765772.2271182025,False
3,titan_033466,0,809480.6301349509,False
3,titan_033467,0,853176.399071173,False
3,titan_033468,0,896395.5131672386,False
3,titan_033469,0,938733.566095871,False
3,titan_033470,0,981094.3381276802,False
3,titan_033727,0,44999.60896740457,True
3,titan_033728,0,83275.34534804669,True
3,titan_033729,0,123244.00886644646,False
3,titan_033744,0,781793.6298827673,False
3,titan_033745,0,824755.3964594835,False
3,titan_033746,2,867732.5356361553,False
3,titan_033747,0,910713.4484610008,False
3,titan_033748,0,953688.1150931303,False
3,titan_033749,0,996647.7484048598,False
3,titan_033750,0,1039584.5324364981,False
3,titan_034002,0,44999.558508318,True
3,titan_034003,0,89996.61131068008,True
3,titan_034004,0,134988.5831367443,False
3,titan_034020,0,843158.357622636,False
3,titan_034021,0,886727.0077808268,False
3,titan_034022,0,930264.3161829591,False
3,titan_034023,0,973764.3919968056,False
3,titan_034024,0,1017221.7079033684,False
3,titan_034025,0,1060106.312781109,False
3,titan_034026,0,1101557.3138537835,False
3,titan_034272,0,44999.54198946892,True
3,titan_034273,0,79549.3357839704,True
3,titan_034274,0,119069.57522421396,False
3,titan_034292,0,910601.0084409668,False
3,titan_034293,0,952685.2966862608,False
3,titan_034294,0,994775.7143308199,False
3,titan_034295,0,1036860.4559664361,False
3,titan_034296,0,1078929.0013984719,False
3,titan_034297,0,1118455.172380732,False
3,titan_034298,0,1157279.628384288,False
3,titan_034538,0,44999.534843974434,True
3,titan_034539,0,89996.11289847395,True
3,titan_034540,0,134986.84184454565,False
3,titan_034559,0,974751.1672200839,False
3,titan_034560,0,1014642.9779014165,False
3,titan_034561,0,1054062.9998480366,False
3,titan_034562,0,1093553.4465087168,False
3,titan_034563,0,1133094.9160452196,False
3,titan_034564,0,1172670.1727233499,False
3,titan_034565,0,1212263.7216971235,False
3,titan_034799,0,44999.47155982355,True
3,titan_034800,0,84604.51285952907,True
3,titan_034801,0,125364.25244615474,False
3,titan_034822,0,1031919.0075380317,False
3,titan_034823,0,1072146.4706199463,False
3,titan_034824,0,1112394.101336809,False
3,titan_034825,0,1152646.904277816,False
3,titan_034826,0,1192891.3586913536,False
3,titan_034827,0,1233115.200994159,False
3,titan_034828,0,1273307.1074381364,False
3,titan_035056,0,44999.45437542523,True
3,titan_035057,0,74411.80592224516,True
3,titan_035058,0,113193.61954464574,False
3,titan_035059,0,155127.85442453536,False
3,titan_035081,0,1095329.9165694178,False
3,titan_035082,0,1136238.3019180822,False
3,titan_035083,0,1177112.0665507745,False
3,titan_035084,0,1217940.798159123,False
3,titan_035085,0,1258714.758237603,False
3,titan_035086,0,1295060.556080117,False
3,titan_035087,0,1330650.6324059844,False
3,titan_035310,0,44999.40460720712,True
3,titan_035311,0,89995.202562702,True
3,titan_035312,0,134983.78530027912,False
3,titan_035335,0,1123575.6602179534,False
3,titan_035336,0,1165047.8642419782,False
3,titan_035337,0,1202768.6559375972,False
3,titan_035338,0,1238962.9068284018,False
3,titan_035339,0,1275209.5280051045,False
3,titan_035340,0,1311489.597877173,False
3,titan_035341,0,1347785.7018062514,False
3,titan_035342,0,1384081.7341317118,False
3,titan_035346,0,1521008.82565157,False
3,titan_035558,0,44999.363103706215,True
3,titan_035559,0,89994.85814553872,True
3,titan_035560,0,131341.10376673314,False
3,titan_035585,0,1184729.8245282427,False
3,titan_035586,0,1221667.0594009478,False
3,titan_035587,0,1258627.0037310936,False
3,titan_035588,0,1295592.126097036,False
3,titan_035589,0,1332546.2490230105,False
3,titan_035590,0,1369474.4601045942,False
3,titan_035591,0,1405329.9782888151,False
3,titan_035592,0,1437369.48874272,False
3,titan_035593,0,1469443.7015671744,False
3,titan_035594,0,1501535.2760346346,False
3,titan_035595,0,1533627.8128622724,False
3,titan_035802,0,44999.30172862253,True
3,titan_035803,0,89994.48468407436,True
3,titan_035804,0,133079.9433548681,False
3,titan_035831,0,1245449.478084952,False
3,titan_035832,0,1283086.7094624247,False
3,titan_035833,0,1320685.0516012802,False
3,titan_035834,0,1354211.8920127538,False
3,titan_035835,0,1386879.3468347897,False
3,titan_035836,0,1419574.752296309,False
3,titan_035837,0,1452280.10047223,False
3,titan_035838,0,1484978.5444907579,False
3,titan_035839,0,1515614.3006860828,False
3,titan_035840,0,1545216.3327042698,False
3,titan_035841,0,1574819.4470164203,False
3,titan_036041,0,44999.25207961215,True
3,titan_036042,0,68084.01101755649,True
3,titan_036043,0,105692.33151161308,True
3,titan_036071,0,1271503.482605254,False
3,titan_036072,0,1304794.2181619827,False
3,titan_036073,0,1338123.6647130614,False
3,titan_036074,0,1371472.0520684507,False
3,titan_036075,0,1404820.9419348703,False
3,titan_036076,0,1437678.3373201618,False
3,titan_036077,0,1467856.0576105292,False
3,titan_036078,0,1498044.7880737884,False
3,titan_036079,0,1528227.3803597684,False
3,titan_036080,0,1558387.572990815,False
3,titan_036081,0,1588509.9271372878,False
3,titan_036276,0,44999.20393908736,True
3,titan_036277,0,89993.63050751796,True
3,titan_036278,0,134978.49992320605,False
3,titan_036304,0,1223159.3738241058,False
3,titan_036305,0,1257156.9407568641,False
3,titan_036306,0,1291182.2349913272,False
3,titan_036307,0,1325215.0606638414,False
3,titan_036308,0,1359236.647364614,False
3,titan_036309,0,1390947.3054728785,False
3,titan_036310,0,1421749.9412056627,False
3,titan_036311,0,1452555.0022030408,False
3,titan_036312,0,1483344.7763775901,False
3,titan_036313,0,1514102.5105682793,False
3,titan_036314,0,1544812.31445501,False
3,titan_036315,0,1575459.0745922085,False
3,titan_036316,0,1597930.4728663566,False
3,titan_036317,0,1619724.8356032225,False
3,titan_036318,0,1641535.116735006,False
3,titan_036319,0,1663346.6607593594,False
3,titan_036320,0,1685145.3066169522,False
3,titan_036321,0,1706917.3613137733,False
3,titan_036506,0,44999.1606420111,True
3,titan_036507,0,89993.16352061872,True
3,titan_036508,0,134976.905254884,False
3,titan_036533,0,1176651.444497189,False
3,titan_036534,0,1211391.5414525238,False
3,titan_036535,0,1246145.5822555248,False
3,titan_036536,0,1280893.102144764,False
3,titan_036537,0,1314462.8637509965,False
3,titan_036538,0,1345911.090782306,False
3,titan_036539,0,1377370.335821613,False
3,titan_036540,0,1408821.219207337,False
3,titan_036541,0,1440245.5901139155,False
3,titan_036542,0,1471626.2447468725,False
3,titan_036543,0,1502946.9567075411,False
3,titan_036544,0,1530813.245290149,False
3,titan_036545,0,1553048.89323172,False
3,titan_036546,0,1575312.0719528485,False
3,titan_036547,0,1597586.7397485098,False
3,titan_036548,0,1619857.4940869398,False
3,titan_036549,0,1642109.4259659585,False
3,titan_036550,0,1664328.2012007853,False
3,titan_036731,0,44999.067084070164,True
3,titan_036732,0,89992.65209491184,True
3,titan_036733,0,134975.18672393286,False
3,titan_036758,0,1167601.604158676,False
3,titan_036759,0,1203115.3087043674,False
3,titan_036760,0,1238375.0821990874,False
3,titan_036761,0,1270504.4140527193,False
3,titan_036762,0,1302653.2142800123,False
3,titan_036763,0,1334800.2810091334,False
3,titan_036764,0,1366925.8738978368,False
3,titan_036765,0,1399011.397123817,False
3,titan_036766,0,1431039.4198148989,False
3,titan_036767,0,1462566.2814223173,False
3,titan_036768,0,1486684.6859801637,False
3,titan_036769,0,1509421.0840196933,False
3,titan_036770,0,1532179.9186902442,False
3,titan_036771,0,1554944.3035122997,False
3,titan_036772,0,1577698.0013050407,False
3,titan_036773,0,1600425.4270686258,False
3,titan_036774,0,1623111.512238777,False
3,titan_036951,0,44999.013521736044,True
3,titan_036952,0,89992.10470853963,True
3,titan_036953,0,134973.3483870768,False
3,titan_036978,0,1162204.5254027026,False
3,titan_036979,0,1195506.9293741332,False
3,titan_036980,0,1228384.727294425,False
3,titan_036981,0,1261266.907499626,False
3,titan_036982,0,1294131.9440732645,False
3,titan_036983,0,1326959.7732543105,False
3,titan_036984,0,1359731.615881125,False
3,titan_036985,0,1392429.8231461137,False
3,titan_036986,2,1420563.7621802774,False
3,titan_036987,0,1443840.8718630653,False
3,titan_036988,0,1467107.4002292163,False
3,titan_036989,0,1490389.5130538503,False
3,titan_036990,0,1513669.4655900316,False
3,titan_036991,0,1536930.2342151492,False
3,titan_036992,0,1560155.4695334714,False
3,titan_036993,0,1582211.0793783066,False
3,titan_037166,0,44998.92574695302,True
3,titan_037167,0,89991.50803305117,True
3,titan_037168,0,134971.32061354193,False
3,titan_037192,0,1120897.6848532436,False
3,titan_037193,0,1154548.4533508597,False
3,titan_037194,0,1188208.8403192125,False
3,titan_037195,0,1221855.463011899,False
3,titan_037196,0,1255466.6073111675,False
3,titan_037197,0,1289022.1580968164,False
3,titan_037198,0,1322503.2442450444,False
3,titan_037199,0,1353428.488894641,False
3,titan_037200,2,1378548.0737856268,False
3,titan_037201,0,1402348.6397930558,False
3,titan_037202,0,1426175.417347005,False
3,titan_037203,0,1450008.959042722,False
3,titan_037204,0,1473830.6183223936,False
3,titan_037205,0,1497622.6025640815,False
3,titan_037206,0,1521367.8048638408,False
3,titan_037207,0,1541916.7040957871,False
3,titan_037376,4,44998.85789069478,True
3,titan_037377,0,89990.85864132116,True
3,titan_037378,0,134969.11602039076,False
3,titan_037401,0,1081132.0940683878,False
3,titan_037402,0,1115618.3354458523,False
3,titan_037403,0,1150092.7686871504,False
3,titan_037404,0,1184532.016000925,False
3,titan_037405,0,1218914.5128949385,False
3,titan_037406,0,1253220.2384519605,False
3,titan_037407,0,1285719.823984342,False
3,titan_037408,2,1313517.1791692914,False
3,titan_037409,0,1337881.1937086016,False
3,titan_037410,0,1362282.7309406535,False
3,titan_037411,0,1386700.3397561808,False
3,titan_037412,0,1411113.5937752908,False
3,titan_037413,0,1435503.0150195654,False
3,titan_037414,0,1459850.0030769475,False
3,titan_037415,0,1482446.431998443,False
3,titan_037416,0,1501246.1868539918,False
3,titan_037581,0,44998.75871975489,True
3,titan_037582,0,89990.15455291173,True
3,titan_037583,0,134966.74536588613,False
3,titan_037607,0,1114163.4931511907,False
3,titan_037608,0,1149419.5183948425,False
3,titan_037609,0,1184594.5214718839,False
3,titan_037610,0,1218371.3772799165,False
3,titan_037611,0,1247748.1691271472,False
3,titan_037612,0,1273680.958211115,False
3,titan_037613,0,1298690.8437123564,False
3,titan_037614,0,1323726.5215964895,False
3,titan_037615,3,1348765.5244851948,False
3,titan_037616,0,1373786.5187658623,False
3,titan_037617,0,1398769.1713712576,False
3,titan_037618,0,1423309.1403662274,False
3,titan_037619,0,1444312.6041670726,False
3,titan_037620,0,1461359.9664280433,False
3,titan_037780,0,44998.69242019304,True
3,titan_037781,0,68468.06324352647,True
3,titan_037782,0,107097.45368067235,True
3,titan_037783,0,149674.19449682703,False
3,titan_037807,0,1116649.5664112135,False
3,titan_037809,0,1182185.1345920188,False
3,titan_037810,0,1209721.8694492474,False
3,titan_037811,0,1235377.612205174,False
3,titan_037812,0,1261069.2939452054,False
3,titan_037813,0,1286772.0916217659,False
3,titan_037814,3,1312462.5451123046,False
3,titan_037815,3,1338118.439360594,False
3,titan_037816,0,1363718.6968678643,False
3,titan_037817,0,1386063.3047335783,False
3,titan_037818,3,1405195.589550186,False
3,titan_037819,0,1421980.7979392286,False
3,titan_037974,0,44998.56537034367,True
3,titan_037975,0,89988.52624037044,True
3,titan_037976,0,132566.4082241824,False
3,titan_037977,0,174906.64357170078,False
3,titan_038000,0,1084506.54272077,False
3,titan_038002,0,1145976.0516690598,False
3,titan_038003,0,1172319.6467826567,False
3,titan_038004,0,1198709.667876997,False
3,titan_038005,0,1225118.6181971347,False
3,titan_038006,0,1251520.6489125772,False
3,titan_038007,3,1277891.4050255357,False
3,titan_038008,0,1304207.8860646272,False
3,titan_038009,3,1328158.599971615,False
3,titan_038010,0,1349283.5608452326,False
3,titan_038011,0,1367175.4997154828,False
3,titan_038012,0,1381926.1692359275,False
3,titan_038163,0,44998.43328297554,True
3,titan_038164,0,89987.58679929093,True
3,titan_038165,0,130802.8353039625,False
3,titan_038166,0,173067.21839477486,False
3,titan_038188,0,1051456.6214385503,False
3,titan_038189,0,1081862.0221343054,False
3,titan_038190,0,1109492.4475353365,False
3,titan_038191,0,1136628.1297656458,False
3,titan_038192,0,1163790.4397089342,False
3,titan_038193,0,1190950.8273026352,False
3,titan_038194,0,1218082.5294203067,False
3,titan_038195,0,1245160.4441632652,False
3,titan_038199,0,1328878.8080108317,False
3,titan_038347,0,44998.331237695296,True
3,titan_038348,0,88856.90355310372,True
3,titan_038349,0,129015.82945330355,False
3,titan_038350,0,171200.15832976732,False
3,titan_038370,0,986541.4437109778,False
3,titan_038371,0,1017937.3043439827,False
3,titan_038372,0,1046870.665565275,False
3,titan_038373,0,1074804.9792776168,False
3,titan_038374,0,1102773.2835632476,False
3,titan_038375,0,1130744.0055840178,False
3,titan_038376,0,1158687.697690025,False
3,titan_038377,0,1186576.9103519311,False
3,titan_038378,0,1213348.0209705997,False
3,titan_038525,0,44998.17074406898,True
3,titan_038526,0,89985.43998902121,True
3,titan_038527,0,134950.8362838397,False
3,titan_038528,0,179883.46802987484,False
3,titan_038547,0,954288.091854217,False
3,titan_038548,0,984428.6106063463,False
3,titan_038549,0,1013220.9545813274,False
3,titan_038550,0,1042054.0656254253,False
3,titan_038551,0,1070892.8793015915,False
3,titan_038552,0,1099705.0414040345,False
3,titan_038553,0,1128460.477018588,False
3,titan_038554,0,1156424.4011603722,False
3,titan_038555,0,1180624.0769036836,False
3,titan_038556,0,1202477.8374454058,False
3,titan_038697,0,44998.029050255725,True
3,titan_038698,0,74666.44176478518,True
3,titan_038699,0,114498.82385762996,False
3,titan_038700,0,157524.76707762582,False
3,titan_038701,0,201680.5380652831,False
3,titan_038719,0,922141.0531064091,False
3,titan_038720,0,951858.2144128381,False
3,titan_038721,0,981621.7821516319,False
3,titan_038722,0,1011392.9037717943,False
3,titan_038723,0,1041135.9248207202,False
3,titan_038724,0,1070818.0053214557,False
3,titan_038725,0,1099810.4295126095,False
3,titan_038726,0,1124795.9115220956,False
3,titan_038727,0,1148077.7013138868,False
3,titan_038728,0,1168248.5199584172,False
3,titan_038864,0,44997.84068977758,True
3,titan_038865,0,85174.70310937821,True
3,titan_038866,0,124903.75565660135,False
3,titan_038867,0,166863.48572904523,False
3,titan_038868,0,209685.33664873123,False
3,titan_038882,0,793803.1437845149,False
3,titan_038883,0,827803.4825010886,False
3,titan_038884,0,859984.723067149,False
3,titan_038885,0,890701.8387346625,False
3,titan_038886,0,921469.3135745584,False
3,titan_038887,0,952243.9831084494,False
3,titan_038888,0,982986.6911406207,False
3,titan_038889,0,1013661.6596203377,False
3,titan_038890,0,1043498.5228556455,False
3,titan_038891,0,1069328.5906617828,False
3,titan_038892,0,1093909.8003325227,False
3,titan_038893,0,1114761.3106539198,False
3,titan_038894,0,1134138.180184329,False
3,titan_039026,0,44997.66436444499,True
3,titan_039027,0,89981.21988966482,True
3,titan_039028,0,134936.61322255793,False
3,titan_039029,0,179849.7031095056,False
3,titan_039030,0,224706.3954449544,False
3,titan_039043,0,764992.3819023948,False
3,titan_039044,0,797940.3222402752,False
3,titan_039045,0,829742.1113327269,False
3,titan_039046,0,861595.4471721475,False
3,titan_039047,0,893452.5857691655,False
3,titan_039048,0,925270.6389836234,False
3,titan_039049,0,957010.7555583323,False
3,titan_039050,2,987482.3912586131,False
3,titan_039051,0,1014222.6145640417,False
3,titan_039052,0,1039962.8868846786,False
3,titan_039053,0,1061548.8053540213,False
3,titan_039054,0,1082421.5550239051,False
3,titan_039055,0,1098755.6108801994,False
3,titan_039181,0,44997.43249489601,True
3,titan_039182,0,78126.51057662614,True
3,titan_039183,0,118533.37702496024,False
3,titan_039184,0,161799.89860132543,False
3,titan_039185,0,206093.17545243035,False
3,titan_039186,0,250257.91923658797,False
3,titan_039198,0,735996.4826766055,False
3,titan_039199,0,768978.3259690964,False
3,titan_039200,0,802008.8351362939,False
3,titan_039201,0,835035.3992059414,False
3,titan_039202,0,868011.3334221225,False
3,titan_039203,0,900894.8261789727,False
3,titan_039204,0,931758.2334993511,False
3,titan_039205,0,959481.6889304896,False
3,titan_039206,0,986225.3998209068,False
3,titan_039207,0,1008606.2093846393,False
3,titan_039208,0,1030865.5971826963,False
3,titan_039209,0,1047795.4973937363,False
3,titan_039332,0,44997.193165850935,True
3,titan_039333,0,89977.48172907,True
3,titan_039334,0,134924.0125295202,False
3,titan_039335,0,179819.86906735422,False
3,titan_039336,0,224648.12311970085,False
3,titan_039348,0,708424.9771914418,False
3,titan_039349,0,742733.6005528634,False
3,titan_039350,0,777024.4747150165,False
3,titan_039351,0,811247.3560035282,False
3,titan_039352,0,845357.7867446787,False
3,titan_039353,0,876326.0056670328,False
3,titan_039354,0,905114.1657761701,False
3,titan_039355,0,932685.6525292948,False
3,titan_039356,0,955929.6374880872,False
3,titan_039357,0,979162.1877725929,False
3,titan_039358,0,997035.7350747767,False
3,titan_039476,0,44996.91325877712,True
3,titan_039477,0,80030.2954341263,True
3,titan_039478,0,120439.92019921108,False
3,titan_039479,0,162078.65179132854,False
3,titan_039480,0,204639.66703875858,False
3,titan_039481,0,247595.41506645107,False
3,titan_039492,0,683818.6171156777,False
3,titan_039493,0,719475.4325271203,False
3,titan_039494,0,755039.3833187589,False
3,titan_039495,0,790464.0268511865,False
3,titan_039496,0,821191.6791876627,False
3,titan_039497,0,851135.142115643,False
3,titan_039498,0,879332.216940184,False
3,titan_039499,0,903516.6801362557,False
3,titan_039500,0,927687.8215576565,False
3,titan_039501,0,946470.4784628204,False
3,titan_039615,4,44996.588991147204,True
3,titan_039616,0,89972.70418328785,True
3,titan_039617,0,134907.86859789444,False
3,titan_039618,0,179781.5989395362,False
3,titan_039619,0,224573.4025428079,False
3,titan_039620,0,269262.7744458254,False
3,titan_039629,0,625352.4991931375,False
3,titan_039630,0,662480.3238385759,False
3,titan_039631,0,699480.9494415926,False
3,titan_039632,0,735118.6046283916,False
3,titan_039633,0,766370.4664497396,False
3,titan_039634,0,797569.5605968281,False
3,titan_039635,0,826154.616859193,False
3,titan_039636,0,851367.2495328966,False
3,titan_039637,0,876562.1403894462,False
3,titan_039638,0,896093.9098678348,False
3,titan_039747,0,44996.224854853426,True
3,titan_039748,2,79372.75822113206,True
3,titan_039749,0,118214.9900856328,False
3,titan_039750,0,159663.59313140006,False
3,titan_039751,0,202063.5697010026,False
3,titan_039752,0,244857.67476888906,False
3,titan_039753,0,287802.5782072626,False
3,titan_039760,0,567488.7438520313,False
3,titan_039761,0,606188.1036865147,False
3,titan_039762,0,644715.1443421309,False
3,titan_039763,0,679252.1054532268,False
3,titan_039764,0,711891.9954048181,False
3,titan_039765,0,744456.8833962351,False
3,titan_039766,0,773144.314589336,False
3,titan_039767,0,799484.8674797817,False
3,titan_039768,0,825799.7084403329,False
3,titan_039769,0,845900.4501861418,False
3,titan_039770,0,865850.2966319388,False
3,titan_039771,0,882849.6146347668,False
3,titan_039874,2,44995.790375140845,True
3,titan_039875,0,89966.41742733556,True
3,titan_039876,0,134886.68540679672,False
3,titan_039877,0,179731.4116585598,False
3,titan_039878,0,224475.3945137122,False
3,titan_039879,0,267231.43782335625,False
3,titan_039885,0,510488.570349002,False
3,titan_039886,0,550838.2801883451,False
3,titan_039887,0,589457.8593116059,False
3,titan_039888,0,623651.8780770808,False
3,titan_039889,0,657808.5228800786,False
3,titan_039890,0,691858.2129654526,False
3,titan_039891,0,720296.5763865607,False
3,titan_039892,0,747878.663557558,False
3,titan_039893,0,775040.9375021769,False
3,titan_039894,0,795885.1080567845,False
3,titan_039895,0,816776.4175547991,False
3,titan_039896,0,834594.256530766,False
3,titan_039995,0,44995.32072535148,True
3,titan_039996,0,77456.15879467409,True
3,titan_039997,0,115938.50555071048,False
3,titan_039998,0,157167.70062078472,False
3,titan_039999,0,199376.44677746357,False
3,titan_040000,0,241974.56258892032,False
3,titan_040001,0,284704.11851127085,False
3,titan_040005,2,454796.1682704626,False
3,titan_040006,0,496627.4202734707,False
3,titan_040007,0,532508.4591159939,False
3,titan_040008,0,568397.6842970627,False
3,titan_040009,0,604208.2341014388,False
3,titan_040010,0,638676.9744321989,False
3,titan_040011,0,667613.5273781006,False
3,titan_040012,0,696566.5375742249,False
3,titan_040013,0,724158.8743868982,False
3,titan_040014,0,746044.1585610551,False
3,titan_040015,0,767977.7158269063,False
3,titan_040016,0,786461.0008523691,False
3,titan_040017,0,801245.2463093317,False
3,titan_040111,0,44994.748474742846,True
3,titan_040112,0,89957.9800461313,True
3,titan_040113,0,134858.18066591318,False
3,titan_040114,0,179663.84210384736,False
3,titan_040115,0,224343.46512601274,False
3,titan_040116,0,268865.56299569225,False
3,titan_040117,0,313198.6654033535,False
3,titan_040119,2,400371.2653288164,False
3,titan_040120,2,438103.0262520538,False
3,titan_040121,0,475894.37962901697,False
3,titan_040122,0,513634.97011734877,False
3,titan_040123,0,551237.0289412305,False
3,titan_040124,0,584634.3857401282,False
3,titan_040125,0,615109.1093202766,False
3,titan_040126,0,645579.9927759198,False
3,titan_040127,0,673329.5887390503,False
3,titan_040128,0,696375.8519342965,False
3,titan_040129,0,719468.413525465,False
3,titan_040130,0,738444.3242417611,False
3,titan_040131,0,754009.5289620524,False
3,titan_040132,0,769635.7039268445,False
3,titan_040220,0,44994.07210637162,True
3,titan_040221,0,85906.25989451469,True
3,titan_040222,0,127544.14652426168,False
3,titan_040223,0,171424.86772525538,False
3,titan_040224,0,216091.46639926932,False
3,titan_040225,0,260815.79963870722,False
3,titan_040226,0,300311.4090441617,False
3,titan_040227,0,340114.875031139,False
3,titan_040228,0,380021.65126348403,False
3,titan_040229,0,419892.0114632035,False
3,titan_040230,0,459623.38009390846,False
3,titan_040231,0,498507.1265063164,False
3,titan_040232,0,530626.5008801263,False
3,titan_040233,0,562818.0567916717,False
3,titan_040234,0,594972.2751259356,False
3,titan_040235,0,622534.3349858661,False
3,titan_040236,0,646882.1869211876,False
3,titan_040237,0,671269.5062101639,False
3,titan_040238,0,690538.5808828146,False
3,titan_040239,0,706979.9581251133,False
3,titan_040240,0,723485.32268734,False
3,titan_040323,0,44993.268474154116,True
3,titan_040324,0,75556.8462484223,True
3,titan_040325,0,113549.59074186727,False
3,titan_040326,0,154417.99879254837,False
3,titan_040327,0,196274.19126967888,False
3,titan_040328,0,238487.77014568084,False
3,titan_040329,0,280779.4959158008,False
3,titan_040330,0,322995.61795102013,False
3,titan_040331,0,365035.7135982366,False
3,titan_040332,0,406825.1149638562,False
3,titan_040333,0,442622.24934630847,False
3,titan_040334,0,476701.51456266193,False
3,titan_040335,0,510811.56631945743,False
3,titan_040336,0,544831.7100807894,False
3,titan_040337,0,571756.2366420471,False
3,titan_040338,0,597571.5166296382,False
3,titan_040339,0,623411.9231773649,False
3,titan_040340,3,642738.1535876825,False
3,titan_040341,0,660168.6840363758,False
3,titan_040421,0,44992.31463812306,True
3,titan_040422,0,89938.52165879183,True
3,titan_040423,0,134792.53260217965,False
3,titan_040424,4,179508.29755571747,False
3,titan_040425,0,224039.82500639238,False
3,titan_040426,0,268341.2023836898,False
3,titan_040427,0,312366.61751707335,False
3,titan_040428,0,350520.5720780843,False
3,titan_040429,0,386688.817967859,False
3,titan_040430,0,422978.2615670481,False
3,titan_040431,0,459225.7531676816,False
3,titan_040432,4,493631.7558695955,False
3,titan_040433,4,520984.15226374177,False
3,titan_040434,0,548463.2417034168,False
3,titan_040435,3,575941.6008414858,False
3,titan_040436,3,595037.8848770942,False
3,titan_040438,0,632209.2917407654,False
3,titan_040512,0,44991.142089115274,True
3,titan_040513,0,87967.870130665,True
3,titan_040514,0,130015.23482441796,False
3,titan_040515,0,174143.14367964823,False
3,titan_040516,0,215738.23153265144,False
3,titan_040517,0,253676.31756239448,False
3,titan_040518,0,292202.09786499105,False
3,titan_040519,2,330958.4012085273,False
3,titan_040520,0,369716.15497054957,False
3,titan_040521,0,408315.15344868205,False
3,titan_040522,0,440949.75016867917,False
3,titan_040523,4,470220.38925088546,False
3,titan_040524,4,499596.1292449706,False
3,titan_040525,3,527753.6101683461,False
3,titan_040526,3,547433.8702724074,False
3,titan_040597,0,44989.69833948006,True
3,titan_040598,0,73718.82038833559,True
3,titan_040599,0,111104.6178817317,False
3,titan_040600,0,151475.10555871317,False
3,titan_040601,0,192814.25632507537,False
3,titan_040602,0,234442.87857192667,False
3,titan_040603,0,276051.90357981436,False
3,titan_040604,0,317463.6761347665,False
3,titan_040605,0,356792.34664464614,False
3,titan_040606,0,388007.6122986743,False
3,titan_040607,0,419496.764107191,False
3,titan_040608,0,451043.52748387813,False
3,titan_040609,0,478763.67576144397,False
3,titan_040610,0,499925.0861534506,False
3,titan_040676,0,44987.88162158187,True
3,titan_040677,4,89903.0683590828,True
3,titan_040678,0,134672.93857847934,False
3,titan_040679,0,179225.01768486138,False
3,titan_040680,0,223487.05298211213,False
3,titan_040681,0,267387.09012003173,False
3,titan_040682,0,300991.97337393,False
3,titan_040683,0,334841.5108116227,False
3,titan_040684,4,368908.7053274415,False
3,titan_040685,0,402942.48472076986,False
3,titan_040686,0,429619.7952407284,False
3,titan_040748,0,44985.55894441626,True
3,titan_040749,0,89884.50752631508,True
3,titan_040750,0,132641.47704694857,False
3,titan_040751,0,172805.12332308653,False
3,titan_040752,0,208154.87255239164,False
3,titan_040753,0,244657.4376200414,False
3,titan_040754,0,281637.1980210551,False
3,titan_040755,0,318690.54274992674,False
3,titan_040756,4,355550.61585322756,False
3,titan_040757,4,380272.29983005614,False
3,titan_040758,4,405227.2999368796,False
3,titan_040814,0,44982.528139514434,True
3,titan_040815,0,71749.02215371412,True
3,titan_040816,0,108279.88655638622,True
3,titan_040817,0,147872.49385386443,False
3,titan_040818,0,188356.8330571376,False
3,titan_040819,0,228982.93445252764,False
3,titan_040820,0,269391.99699202605,False
3,titan_040821,0,303653.59849228093,False
3,titan_040822,0,330675.68727658526,False
3,titan_040823,0,358102.17459180683,False
3,titan_040824,0,385614.4079998145,False
3,titan_040825,0,412959.82781964884,False
3,titan_040826,0,439933.2856867398,False
3,titan_040875,0,44978.46137988385,True
3,titan_040876,0,89827.73310628188,True
3,titan_040877,0,134418.9398865682,False
3,titan_040878,0,178623.77155631996,False
3,titan_040879,0,221632.77456235825,False
3,titan_040880,0,250753.64074283233,False
3,titan_040881,0,280815.1838162916,False
3,titan_040882,0,311246.9893553229,False
3,titan_040883,0,341643.4679226485,False
3,titan_040884,0,371702.29162001214,False
3,titan_040885,0,401187.4847655107,False
3,titan_040929,0,44972.82288018996,True
3,titan_040930,0,89782.68426321883,True
3,titan_040931,0,133447.9282009727,False
3,titan_040932,0,163978.66798092556,False
3,titan_040933,0,196889.29930214075,False
3,titan_040934,0,230790.74430267143,False
3,titan_040935,0,264904.3408342939,False
3,titan_040936,0,298744.2696083971,False
3,titan_040937,0,331974.04472133017,False
3,titan_040938,0,361378.9526252806,False
3,titan_040977,3,44964.69915348082,True
3,titan_040978,0,69141.95277037835,True
3,titan_040979,0,104195.76438462918,True
3,titan_040980,0,142319.07529566568,False
3,titan_040981,0,181099.9810272282,False
3,titan_040982,0,219652.91035722496,False
3,titan_040983,0,257513.6879416284,False
3,titan_040984,0,292422.81208048586,False
3,titan_040985,0,316055.962583024,False
3,titan_041019,0,44952.36402689405,True
3,titan_041020,0,89619.2444126919,True
3,titan_041021,2,133716.78954560368,False
3,titan_041022,0,176964.43662227585,False
3,titan_041023,0,216829.9635520605,False
3,titan_041024,0,253046.01038842314,False
3,titan_041025,0,270729.3580458518,False
3,titan_041054,2,44932.32700722541,True
3,titan_041055,2,89459.31825583584,True
3,titan_041056,2,133179.0532768742,False
3,titan_041057,2,175696.4327340598,False
3,titan_041058,0,212615.34434412362,False
3,titan_041059,0,225382.61441649133,False
3,titan_041083,0,44896.54211983256,True
3,titan_041084,0,89173.9879914732,True
3,titan_041085,0,132221.41497103084,False
3,titan_041086,0,166984.8134115464,False
3,titan_041087,0,179987.0523013827,False
3,titan_041106,0,44822.84624545392,True
3,titan_041107,0,88587.68189732243,True
3,titan_041108,0,117519.89815411206,False
3,titan_041109,0,134490.93291068322,False
3,titan_041122,0,44630.247258043724,True
3,titan_041123,4,64386.39342848052,True
3,titan_041124,0,88826.1825214749,True
3,titan_041133,0,43806.0628136108,True
4,titan_000011,0,44171.63067886327,True
4,titan_000025,3,44700.964491137056,True
4,titan_000026,3,81508.58161476071,True
4,titan_000027,3,106474.38369821651,True
4,titan_000046,0,44847.46283724402,True
4,titan_000047,3,87672.77914768152,True
4,titan_000048,0,119630.15557751362,False
4,titan_000073,0,44907.84454725091,True
4,titan_000074,3,89264.0417460075,True
4,titan_000075,0,125581.72212317462,False
4,titan_000076,3,158394.0247516973,False
4,titan_000106,0,44938.42128224531,True
4,titan_000107,3,89507.93732567735,True
4,titan_000108,3,129277.9943308757,False
4,titan_000109,3,166057.1262122557,False
4,titan_000112,2,237230.22722236952,False
4,titan_000148,3,131848.1387443293,False
4,titan_000149,3,169897.45206416067,False
4,titan_000150,3,204861.63726270426,False
4,titan_000153,2,277398.59002604196,False
4,titan_000194,3,147458.0890103301,False
4,titan_000195,3,178627.20106983674,False
4,titan_000196,3,211238.05658432536,False
4,titan_000197,3,244255.4940905939,False
4,titan_000200,0,316436.872198568,False
4,titan_000247,3,199478.89118254962,False
4,titan_000248,0,226435.39549028198,False
4,titan_000249,3,254802.35660211998,False
4,titan_000250,0,283826.6973270409,False
4,titan_000253,2,356174.6028522412,False
4,titan_000306,3,250610.27353154385,False
4,titan_000307,0,274451.3008401618,False
4,titan_000308,0,299533.7594917523,False
4,titan_000312,2,395555.800519627,False
4,titan_000371,3,301028.5651038086,False
4,titan_000372,0,322461.36789275066,False
4,titan_000373,0,344955.38573207246,False
4,titan_000377,2,435452.22655544104,False
4,titan_000378,0,451363.0036678187,False
4,titan_000442,3,332621.69604808657,False
4,titan_000443,3,350911.566557102,False
4,titan_000444,3,370421.3062057127,False
4,titan_000445,3,390832.5181489262,False
4,titan_000450,0,491822.066580574,False
4,titan_000520,0,383462.85279194353,False
4,titan_000521,4,400401.64298737387,False
4,titan_000522,3,418337.7887120523,False
4,titan_000527,0,515721.65489605913,False
4,titan_000528,0,532719.7316785911,False
4,titan_000603,0,419029.0347885223,False
4,titan_000604,0,433812.3076538827,False
4,titan_000605,4,449608.38217294903,False
4,titan_000606,3,466232.2162038004,False
4,titan_000611,0,556237.0805361755,False
4,titan_000612,0,573546.4348304198,False
4,titan_000693,0,469817.32586003124,False
4,titan_000694,0,483798.91538787045,False
4,titan_000695,0,498615.87702863436,False
4,titan_000696,0,514128.5030578007,False
4,titan_000701,0,597819.5001638174,False
4,titan_000702,0,615042.1423292283,False
4,titan_000788,0,501634.3759318145,False
4,titan_000789,3,520250.4875149277,False
4,titan_000790,0,533520.3608900612,False
4,titan_000791,0,547489.35908146,False
4,titan_000797,0,640292.5746088863,False
4,titan_000798,0,656426.5288844726,False
4,titan_000890,0,524369.9107727738,False
4,titan_000891,0,569360.3267461623,False
4,titan_000892,0,583052.223795335,False
4,titan_000893,0,596280.1664244286,False
4,titan_000899,0,683520.9166462861,False
4,titan_000900,0,698692.4275776288,False
4,titan_000998,3,552403.3623659835,False
4,titan_000999,3,597180.2951798622,False
4,titan_001000,4,632454.1003775914,False
4,titan_001001,0,645029.3320543447,False
4,titan_001007,0,727399.6965668516,False
4,titan_001008,0,741717.3311195237,False
4,titan_001111,3,540552.6795805439,False
4,titan_001112,0,584985.8834851563,False
4,titan_001113,0,629110.496932348,False
4,titan_001114,4,672877.2620553776,False
4,titan_001121,0,771847.0875294514,False
4,titan_001122,0,785404.2339240805,False
4,titan_001230,2,534027.7140867512,False
4,titan_001231,2,577902.7456998032,False
4,titan_001232,2,621445.6444932376,False
4,titan_001233,4,664624.2794288693,False
4,titan_001234,2,707407.6391545384,False
4,titan_001241,0,816798.5500849439,False
4,titan_001242,0,829675.6807268905,False
4,titan_001356,2,576021.4677393653,False
4,titan_001357,2,618785.3729647445,False
4,titan_001358,2,661205.6799477183,False
4,titan_001359,4,703257.8405515343,False
4,titan_001367,0,862203.0076418665,False
4,titan_001368,0,874469.6440228997,False
4,titan_001487,2,576907.618748013,False
4,titan_001488,2,619891.4361294997,False
4,titan_001489,2,662565.1487704722,False
4,titan_001490,2,703784.9657846974,False
4,titan_001491,2,744613.5448886398,False
4,titan_001499,0,908019.6529944784,False
4,titan_001500,0,919736.04481419,False
4,titan_001611,0,44996.665410171576,True
4,titan_001615,0,196204.97709566218,False
4,titan_001616,0,239056.32170736583,False
4,titan_001617,0,282097.6707892259,False
4,titan_001624,3,581541.8740136081,False
4,titan_001625,3,623573.1354307596,False
4,titan_001626,3,665336.5130015045,False
4,titan_001627,2,706809.2303778534,False
4,titan_001628,2,747969.2084594714,False
4,titan_001637,0,954215.7287461774,False
4,titan_001638,0,965434.2491156299,False
4,titan_001754,0,44996.99000725934,True
4,titan_001755,0,89975.8412556167,True
4,titan_001768,0,632115.3996559735,False
4,titan_001769,3,672819.869146317,False
4,titan_001770,3,713292.8909953074,False
4,titan_001771,2,753508.6467461175,False
4,titan_001772,2,793443.0001938426,False
4,titan_001780,0,990055.8444593955,False
4,titan_001781,0,1000764.8167007399,False
4,titan_001782,0,1008053.8128086039,False
4,titan_001902,0,44997.253954122236,True
4,titan_001903,0,77228.76094922508,True
4,titan_001904,0,115949.07948861016,False
4,titan_001905,0,157484.09405238027,False
4,titan_001917,2,645313.3607802561,False
4,titan_001918,0,684839.9596741777,False
4,titan_001919,0,724206.0207245881,False
4,titan_001920,0,763379.8077687346,False
4,titan_001921,2,802332.7378259769,False
4,titan_001930,0,1037343.2605395621,False
4,titan_001931,0,1047645.5264494374,False
4,titan_002056,0,44997.497491725415,True
4,titan_002057,0,89979.91759814693,True
4,titan_002058,0,134932.23687063777,False
4,titan_002059,0,179839.34615258366,False
4,titan_002060,0,224686.20126095728,False
4,titan_002071,0,662895.6268289004,False
4,titan_002072,0,701161.3029932564,False
4,titan_002073,0,739342.7034572257,False
4,titan_002074,0,777401.4429824661,False
4,titan_002075,0,815303.7014344868,False
4,titan_002085,0,1084909.8300301635,False
4,titan_002086,0,1094840.4867627076,False
4,titan_002215,0,44997.704757075335,True
4,titan_002217,0,119325.02686075254,False
4,titan_002218,0,161069.46764577375,False
4,titan_002219,0,203779.65750459177,False
4,titan_002220,0,246915.95510637196,False
4,titan_002221,0,290246.93552081846,False
4,titan_002223,0,377064.71369894757,False
4,titan_002224,0,419511.9177239768,False
4,titan_002226,0,499441.0242007982,False
4,titan_002231,0,684546.9094690972,False
4,titan_002232,0,721506.1388762693,False
4,titan_002233,0,758456.6860052133,False
4,titan_002234,4,795354.1105529988,False
4,titan_002235,0,832159.5411302393,False
4,titan_002236,0,868838.4931841497,False
4,titan_002241,0,1049338.5590650183,False
4,titan_002246,0,1132745.772348114,False
4,titan_002247,0,1137379.6789269766,False
4,titan_002384,0,179865.13266228905,False
4,titan_002385,0,224736.56277450008,False
4,titan_002386,0,269544.6842819125,False
4,titan_002387,0,314276.83552935533,False
4,titan_002388,0,358920.26822443586,False
4,titan_002389,0,401568.3577108389,False
4,titan_002390,0,443470.01846831,False
4,titan_002391,0,485420.80118170986,False
4,titan_002392,0,526689.475804488,False
4,titan_002393,0,565293.2466261664,False
4,titan_002394,0,603995.9138199026,False
4,titan_002398,0,745573.2015060531,False
4,titan_002399,0,781276.9344918679,False
4,titan_002400,0,816993.0833116826,False
4,titan_002401,0,852678.6253655535,False
4,titan_002402,0,888295.5843910027,False
4,titan_002406,0,1029443.4263648493,False
4,titan_002407,0,1064264.966326677,False
4,titan_002408,0,1098852.940857205,False
4,titan_002412,0,1171616.5689853455,False
4,titan_002413,0,1180843.1667580572,False
4,titan_002555,0,207467.15334875346,False
4,titan_002556,0,250718.78581599708,False
4,titan_002557,2,294164.44611644023,False
4,titan_002559,0,381236.91920228174,False
4,titan_002560,0,424753.79607729975,False
4,titan_002561,0,468211.31354927283,False
4,titan_002562,0,511584.46209776,False
4,titan_002563,0,552553.2245194161,False
4,titan_002564,0,593147.2004887087,False
4,titan_002565,0,632196.690912648,False
4,titan_002566,0,669640.6740548909,False
4,titan_002569,0,773055.0678801585,False
4,titan_002570,0,807522.605924709,False
4,titan_002571,0,842061.2846039882,False
4,titan_002572,0,876625.2493250655,False
4,titan_002573,0,911173.8931811434,False
4,titan_002577,0,1048539.3511678001,False
4,titan_002578,0,1082529.8650270656,False
4,titan_002579,0,1116330.2548865243,False
4,titan_002580,0,1149918.518127111,False
4,titan_002583,0,1211364.9048579086,False
4,titan_002584,0,1220252.5352084273,False
4,titan_002585,0,1225358.1210850878,False
4,titan_002735,2,367582.3092504844,False
4,titan_002736,2,409583.9016371911,False
4,titan_002737,2,451711.8966767157,False
4,titan_002738,0,493897.8041034794,False
4,titan_002739,0,536091.2866194042,False
4,titan_002740,0,578253.5406962753,False
4,titan_002741,0,620353.3141171228,False
4,titan_002742,0,660506.7494943372,False
4,titan_002743,0,699846.8055089901,False
4,titan_002744,0,736174.1297700979,False
4,titan_002745,0,770563.690795061,False
4,titan_002746,0,803652.059388395,False
4,titan_002747,0,836915.5959686069,False
4,titan_002748,0,870300.5983176561,False
4,titan_002749,0,903759.7131377641,False
4,titan_002750,0,937250.7532860837,False
4,titan_002751,0,970735.9528666188,False
4,titan_002755,0,1103979.5824504602,False
4,titan_002756,0,1136978.9080594536,False
4,titan_002757,0,1169805.5753754044,False
4,titan_002758,0,1202438.2745195492,False
4,titan_002759,0,1234856.8870015428,False
4,titan_002760,0,1251913.0041717775,False
4,titan_002761,0,1260485.611943199,False
4,titan_002762,0,1269118.148938884,False
4,titan_002916,2,362889.2942584656,False
4,titan_002917,2,402735.9016440032,False
4,titan_002918,2,443011.1784878115,False
4,titan_002919,0,483575.818731824,False
4,titan_002920,0,524329.7215972869,False
4,titan_002922,0,606125.0178290304,False
4,titan_002923,0,647063.8996764111,False
4,titan_002924,0,687978.2892729251,False
4,titan_002925,0,728837.2771643244,False
4,titan_002926,0,767262.3670134871,False
4,titan_002927,0,803516.5918856757,False
4,titan_002928,0,837082.2288133183,False
4,titan_002929,0,869190.1659953648,False
4,titan_002930,0,901460.9260743229,False
4,titan_002931,0,933846.7856891253,False
4,titan_002932,0,966305.0905940837,False
4,titan_002933,2,998797.3849112481,False
4,titan_002937,0,1128453.588203578,False
4,titan_002938,0,1160648.8732861716,False
4,titan_002939,0,1192707.547378078,False
4,titan_002940,0,1224607.8442924318,False
4,titan_002941,0,1256329.3114894931,False
4,titan_002942,0,1287852.5341440318,False
4,titan_002943,0,1301473.329131566,False
4,titan_002944,0,1309816.711562064,False
4,titan_002945,0,1309643.5178944287,False
4,titan_003104,2,404167.91397571535,False
4,titan_003105,2,442124.2907832216,False
4,titan_003106,0,480665.36235357367,False
4,titan_003107,0,519631.7086837725,False
4,titan_003108,0,558904.4087156629,False
4,titan_003111,0,677745.8369165519,False
4,titan_003112,0,717507.760644781,False
4,titan_003113,0,757272.5273009111,False
4,titan_003114,0,797007.3652834964,False
4,titan_003115,0,835787.1145295503,False
4,titan_003116,0,871591.4012550291,False
4,titan_003117,0,904099.4442938999,False
4,titan_003118,0,935306.7009420393,False
4,titan_003119,0,966662.2323807877,False
4,titan_003120,0,998123.7159078667,False
4,titan_003121,0,1029652.7748986433,False
4,titan_003126,0,1187186.8601464457,False
4,titan_003127,0,1218480.0987317276,False
4,titan_003128,0,1249647.0943124208,False
4,titan_003129,0,1280667.1688397469,False
4,titan_003130,0,1311520.7831835342,False
4,titan_003131,0,1342189.400629031,False
4,titan_003132,0,1351230.0680406555,False
4,titan_003133,0,1357619.9227841112,False
4,titan_003298,2,484937.32858115225,False
4,titan_003299,0,521836.16807602515,False
4,titan_003300,0,559257.9486876742,False
4,titan_003301,0,597077.0298092003,False
4,titan_003302,0,635194.6023156203,False
4,titan_003305,0,750618.5755352395,False
4,titan_003306,0,789271.1442105649,False
4,titan_003307,0,827943.8151124093,False
4,titan_003308,0,866603.9822876236,False
4,titan_003309,0,905223.1057603871,False
4,titan_003310,0,940356.0066535057,False
4,titan_003311,0,971621.1654793606,False
4,titan_003312,0,1001997.1380870917,False
4,titan_003313,0,1032505.769840938,False
4,titan_003314,0,1063109.454556221,False
4,titan_003320,0,1246978.2679866308,False
4,titan_003321,0,1277418.635835097,False
4,titan_003322,0,1307740.6181700034,False
4,titan_003323,0,1337924.6307730102,False
4,titan_003324,0,1367952.1522502208,False
4,titan_003325,0,1393304.1138835072,False
4,titan_003326,0,1401186.2120138116,False
4,titan_003496,0,530563.2897594296,False
4,titan_003497,0,565958.8703439668,False
4,titan_003498,0,601938.5985478909,False
4,titan_003499,0,638378.7067407108,False
4,titan_003500,2,675179.19978037,False
4,titan_003504,0,824542.7984779023,False
4,titan_003505,0,862158.295455691,False
4,titan_003506,0,899803.1532383476,False
4,titan_003507,0,937446.111265929,False
4,titan_003508,0,975059.3759488154,False
4,titan_003509,0,1009789.547166966,False
4,titan_003510,3,1039660.5939195475,False
4,titan_003511,0,1069265.7859923693,False
4,titan_003512,0,1098987.7163337322,False
4,titan_003519,0,1307786.4711121288,False
4,titan_003520,0,1337419.9766672798,False
4,titan_003521,0,1366940.8035421807,False
4,titan_003522,0,1396330.5054856848,False
4,titan_003523,0,1425571.5967816329,False
4,titan_003524,0,1443644.3948923436,False
4,titan_003525,0,1434051.5985781124,False
4,titan_003699,0,544397.9001882137,False
4,titan_003700,0,578549.8955879838,False
4,titan_003701,0,612596.2743790643,False
4,titan_003702,0,647258.1392602101,False
4,titan_003703,2,682418.8291318545,False
4,titan_003704,2,717981.6416986315,False
4,titan_003705,0,753865.8752269185,False
4,titan_003708,0,862816.2802623791,False
4,titan_003709,0,899398.887082988,False
4,titan_003710,0,936047.2234089122,False
4,titan_003711,0,972728.2578760101,False
4,titan_003712,0,1009412.6109727133,False
4,titan_003713,0,1046073.9433413328,False
4,titan_003714,0,1079480.8271771562,False
4,titan_003715,3,1108235.0986773826,False
4,titan_003716,3,1137122.4825588195,False
4,titan_003723,0,1340618.3472045544,False
4,titan_003724,0,1369578.2698814818,False
4,titan_003725,0,1398447.5840436136,False
4,titan_003726,0,1427208.1221103817,False
4,titan_003727,0,1455842.6058538915,False
4,titan_003728,0,1484334.495045388,False
4,titan_003729,0,1479288.2171487971,False
4,titan_003908,2,594299.0647814537,False
4,titan_003909,0,628566.2824364551,False
4,titan_003910,0,661415.244814889,False
4,titan_003911,0,694888.6044661519,False
4,titan_003912,0,728879.3001172466,False
4,titan_003913,0,763296.6700706951,False
4,titan_003914,0,798063.6106821976,False
4,titan_003918,0,939433.4079822846,False
4,titan_003919,2,975117.3221836981,False
4,titan_003920,2,1010863.2174707957,False
4,titan_003921,3,1046640.889858559,False
4,titan_003922,0,1082423.1205378897,False
4,titan_003923,0,1118185.2430570559,False
4,titan_003924,0,1149262.6086190294,False
4,titan_003925,0,1177364.542047686,False
4,titan_003926,3,1205580.519490812,False
4,titan_003931,0,1347429.8602081821,False
4,titan_003932,0,1375788.0105732975,False
4,titan_003933,0,1404093.3335513307,False
4,titan_003934,0,1432327.1097960793,False
4,titan_003935,0,1460471.496056387,False
4,titan_003936,0,1488509.535756995,False
4,titan_003937,0,1516425.014720191,False
4,titan_003938,0,1523557.3263484198,False
4,titan_004125,0,744574.266237258,False
4,titan_004126,0,777505.0311509777,False
4,titan_004127,0,810873.2365072469,False
4,titan_004128,0,844606.7956255048,False
4,titan_004133,2,1016813.467279305,False
4,titan_004134,2,1051660.1358542717,False
4,titan_004135,0,1086562.206683473,False
4,titan_004136,0,1121492.187910015,False
4,titan_004137,0,1156425.050541292,False
4,titan_004138,2,1191337.8931455512,False
4,titan_004139,0,1219580.4569853584,False
4,titan_004140,0,1247069.7748859557,False
4,titan_004145,0,1385466.4923031786,False
4,titan_004146,0,1413176.47795687,False
4,titan_004147,0,1440849.3231018048,False
4,titan_004148,0,1468466.76647297,False
4,titan_004149,2,1496011.4663727246,False
4,titan_004150,0,1523466.856859298,False
4,titan_004151,0,1550817.0938094014,False
4,titan_004152,0,1566904.7303518234,False
4,titan_004344,0,796117.576591005,False
4,titan_004345,0,828093.7856666015,False
4,titan_004346,0,860507.6197278604,False
4,titan_004347,0,893292.6680800241,False
4,titan_004348,0,926390.4795364164,False
4,titan_004352,0,1060956.4099934748,False
4,titan_004353,3,1094945.9246083398,False
4,titan_004354,0,1129009.671605592,False
4,titan_004355,2,1163120.421983804,False
4,titan_004356,2,1197253.1941251366,False
4,titan_004357,2,1231385.1052673627,False
4,titan_004358,0,1263652.1982639579,False
4,titan_004359,0,1290460.3300793956,False
4,titan_004360,0,1317371.8086125539,False
4,titan_004363,0,1398489.5636262952,False
4,titan_004364,0,1425584.1392301146,False
4,titan_004365,0,1452673.0200423256,False
4,titan_004366,0,1479737.650668488,False
4,titan_004367,0,1506760.4259490692,False
4,titan_004368,2,1533724.5005523982,False
4,titan_004369,0,1560613.7701553986,False
4,titan_004370,0,1587412.8581224107,False
4,titan_004371,0,1609370.9426240262,False
4,titan_004568,0,849367.1948158073,False
4,titan_004569,0,880486.6753411612,False
4,titan_004570,0,912036.1583373601,False
4,titan_004571,0,943955.1347305804,False
4,titan_004572,0,976189.6074824244,False
4,titan_004575,0,1074327.5636594533,False
4,titan_004576,0,1107387.8936064646,False
4,titan_004577,2,1140565.9792288512,False
4,titan_004578,2,1173832.6880153432,False
4,titan_004579,2,1207161.3610828584,False
4,titan_004580,2,1240527.477547923,False
4,titan_004581,0,1273908.4655839023,False
4,titan_004582,0,1307283.3425403095,False
4,titan_004584,0,1361927.1763727537,False
4,titan_004585,0,1388291.2540058566,False
4,titan_004586,0,1414718.3029209082,False
4,titan_004587,0,1441187.6474091439,False
4,titan_004588,0,1467679.6520152893,False
4,titan_004589,0,1494175.6221891702,False
4,titan_004590,0,1520657.7937732157,False
4,titan_004592,0,1573513.4907164734,False
4,titan_004593,0,1599855.220409548,False
4,titan_004594,0,1626119.4297228015,False
4,titan_004595,0,1650992.0054212953,False
4,titan_004797,0,904208.0913854263,False
4,titan_004798,0,934560.0159857525,False
4,titan_004799,0,965328.8155957176,False
4,titan_004800,0,996459.6163310846,False
4,titan_004801,0,1027902.9677181187,False
4,titan_004804,0,1123682.8532467815,False
4,titan_004805,0,1155970.0277993851,False
4,titan_004806,0,1188384.1336753897,False
4,titan_004807,2,1220897.1591759038,False
4,titan_004808,0,1253483.3870540631,False
4,titan_004809,2,1286119.0057990476,False
4,titan_004810,0,1318781.960699291,False
4,titan_004811,0,1351451.7304578838,False
4,titan_004814,0,1434004.5222428334,False
4,titan_004815,0,1459847.850184833,False
4,titan_004816,0,1485739.0764165812,False
4,titan_004817,0,1511659.5100272377,False
4,titan_004818,0,1537591.3055768178,False
4,titan_004819,0,1563517.4645059756,False
4,titan_004821,0,1615288.3287483384,False
4,titan_004822,0,1641102.440585647,False
4,titan_004823,0,1666849.6137006362,False
4,titan_004824,0,1688636.3694828204,False
4,titan_005031,0,960553.9376912963,False
4,titan_005032,2,990218.5539146757,False
4,titan_005033,0,1020283.1191124283,False
4,titan_005034,2,1050698.051770721,False
4,titan_005035,2,1081418.3527725493,False
4,titan_005037,0,1143614.4916043354,False
4,titan_005038,0,1175018.6468316722,False
4,titan_005039,0,1206584.0588574484,False
4,titan_005040,0,1238281.7949172729,False
4,titan_005041,0,1270085.2446074113,False
4,titan_005042,0,1301969.7276145138,False
4,titan_005043,0,1333912.3350711304,False
4,titan_005044,0,1365891.7970722222,False
4,titan_005045,0,1397888.1648734452,False
4,titan_005048,3,1481419.924772076,False
4,titan_005049,0,1506714.3065575247,False
4,titan_005050,0,1532060.1445025832,False
4,titan_005051,3,1557439.6704151465,False
4,titan_005052,3,1582835.9542039912,False
4,titan_005054,0,1633614.4163268935,False
4,titan_005055,0,1658966.058832415,False
4,titan_005056,0,1684273.2961461116,False
4,titan_005057,0,1709522.2483010422,False
4,titan_005058,0,1725088.3481988164,False
4,titan_005270,2,1018340.9202662283,False
4,titan_005271,2,1047389.9209761884,False
4,titan_005272,2,1076819.4153103207,False
4,titan_005273,2,1106584.8033715999,False
4,titan_005274,2,1136645.1358401675,False
4,titan_005275,0,1166962.9060804176,False
4,titan_005276,0,1197503.5548370732,False
4,titan_005277,0,1228235.3241085839,False
4,titan_005278,0,1259128.817192837,False
4,titan_005279,0,1290156.910240019,False
4,titan_005280,0,1321294.3625171315,False
4,titan_005281,0,1352517.7777936321,False
4,titan_005282,0,1383805.2782544151,False
4,titan_005283,0,1415136.40340154,False
4,titan_005284,0,1446492.026934288,False
4,titan_005286,3,1505757.4540831218,False
4,titan_005287,3,1530465.6369121291,False
4,titan_005288,3,1555244.5656062295,False
4,titan_005289,3,1580076.682886321,False
4,titan_005290,3,1604945.234757006,False
4,titan_005293,0,1679611.5659731491,False
4,titan_005294,0,1704471.040092551,False
4,titan_005295,0,1729292.4499537628,False
4,titan_005296,0,1754062.5471570068,False
4,titan_005513,2,1077523.030263099,False
4,titan_005514,2,1106020.0153747445,False
4,titan_005515,2,1134876.6140749261,False
4,titan_005516,2,1164052.6354858691,False
4,titan_005517,2,1193510.982138557,False
4,titan_005518,0,1223217.371548068,False
4,titan_005519,0,1253140.0771368032,False
4,titan_005520,0,1283249.6890669547,False
4,titan_005521,0,1313518.8948100018,False
4,titan_005522,0,1343922.278788403,False
4,titan_005523,0,1374436.1194697975,False
4,titan_005524,0,1405038.3065509321,False
4,titan_005525,0,1435708.0676355928,False
4,titan_005526,2,1466425.9153885364,False
4,titan_005527,0,1497173.5049031603,False
4,titan_005528,3,1527933.5236175137,False
4,titan_005529,3,1556853.9279435847,False
4,titan_005530,0,1581079.2689432148,False
4,titan_005531,3,1605374.5759804095,False
4,titan_005532,3,1629723.3356910187,False
4,titan_005536,0,1727344.6848772855,False
4,titan_005537,2,1751734.5239815102,False
4,titan_005538,0,1776091.1282541344,False
4,titan_005539,0,1800401.787442104,False
4,titan_005761,2,1138068.4368363323,False
4,titan_005762,2,1166069.686860604,False
4,titan_005763,2,1194408.8926082707,False
4,titan_005764,0,1223049.8811524254,False
4,titan_005765,0,1251958.9936729309,False
4,titan_005766,0,1281104.9899547477,False
4,titan_005767,0,1310458.768803287,False
4,titan_005768,0,1339993.2206987778,False
4,titan_005769,0,1369682.9727989684,False
4,titan_005770,0,1399504.350888131,False
4,titan_005771,0,1429435.1718595636,False
4,titan_005772,2,1459454.5469839254,False
4,titan_005773,0,1489542.8826546427,False
4,titan_005774,0,1519681.7068218195,False
4,titan_005775,0,1549853.5046234564,False
4,titan_005776,0,1580041.7501647978,False
4,titan_005777,3,1609433.4053727163,False
4,titan_005778,3,1633207.1849406874,False
4,titan_005779,0,1657048.919877102,False
4,titan_005780,0,1680943.084514095,False
4,titan_005781,0,1704874.6823665171,False
4,titan_005782,0,1728829.3112712693,False
4,titan_005783,0,1752793.0821377716,False
4,titan_005784,0,1776752.538980342,False
4,titan_005785,2,1800694.7290284848,False
4,titan_005786,0,1824607.125912891,False
4,titan_005787,0,1846920.9430165675,False
4,titan_006014,2,1199956.575521316,False
4,titan_006015,0,1227511.74054484,False
4,titan_006016,0,1255382.9677749237,False
4,titan_006017,0,1283537.6370964965,False
4,titan_006018,0,1311945.2762112718,False
4,titan_006019,2,1340577.3950352308,False
4,titan_006020,2,1369407.3287701602,False
4,titan_006021,0,1398410.0903545094,False
4,titan_006022,0,1427562.2325980812,False
4,titan_006023,0,1456841.7200105616,False
4,titan_006024,0,1486227.8101231637,False
4,titan_006025,0,1515700.94395723,False
4,titan_006026,0,1545242.6451983182,False
4,titan_006027,0,1574835.4275769899,False
4,titan_006028,0,1604462.70992831,False
4,titan_006029,0,1634108.7176176398,False
4,titan_006030,2,1663452.1167417506,False
4,titan_006031,0,1686803.4955945145,False
4,titan_006032,0,1710219.781488533,False
4,titan_006033,0,1733686.3570783862,False
4,titan_006034,0,1757189.1164877103,False
4,titan_006035,0,1780714.4373108605,False
4,titan_006036,2,1804249.1537758915,False
4,titan_006037,2,1827780.5311055714,False
4,titan_006038,2,1851296.2410945517,False
4,titan_006039,2,1874784.338905803,False
4,titan_006268,0,1180877.6523126815,False
4,titan_006270,0,1236348.8441597058,False
4,titan_006271,0,1263175.9142174993,False
4,titan_006272,0,1290328.6591973712,False
4,titan_006273,0,1317775.725928728,False
4,titan_006274,0,1345487.6358884862,False
4,titan_006275,0,1373436.7682649202,False
4,titan_006276,2,1401597.152416617,False
4,titan_006277,0,1429944.363840564,False
4,titan_006278,2,1458455.4276136383,False
4,titan_006279,0,1487108.6269046457,False
4,titan_006280,0,1515883.5219187697,False
4,titan_006281,0,1544760.7725690964,False
4,titan_006282,0,1573722.0694142205,False
4,titan_006283,0,1602750.0508435334,False
4,titan_006284,0,1631828.2472247665,False
4,titan_006285,0,1660940.9272069621,False
4,titan_006286,0,1690073.1569325086,False
4,titan_006287,0,1718873.3882240178,False
4,titan_006288,0,1741829.3150141402,False
4,titan_006289,0,1764846.2595497184,False
4,titan_006290,0,1787910.4461061473,False
4,titan_006291,0,1811008.6001291021,False
4,titan_006292,0,1834127.859190796,False
4,titan_006293,2,1857255.7668322215,False
4,titan_006294,2,1880380.2674171217,False
4,titan_006295,2,1903489.619492439,False
4,titan_006296,2,1926572.4750003186,False
4,titan_006524,2,991707.6140166299,False
4,titan_006529,0,1213932.913929712,False
4,titan_006530,0,1246931.3649679078,False
4,titan_006531,0,1274185.2954434452,False
4,titan_006532,0,1301234.6303545248,False
4,titan_006533,0,1327722.1436517101,False
4,titan_006534,0,1354510.8391306745,False
4,titan_006535,0,1381572.4463314128,False
4,titan_006536,0,1408880.3710080185,False
4,titan_006537,0,1436409.5121358612,False
4,titan_006538,0,1464136.1791181697,False
4,titan_006539,0,1492037.993820054,False
4,titan_006540,0,1520093.8176571524,False
4,titan_006541,0,1548283.58176087,False
4,titan_006542,0,1576588.325828415,False
4,titan_006543,0,1604990.038726205,False
4,titan_006544,0,1633471.6057202895,False
4,titan_006545,0,1662016.740329258,False
4,titan_006546,0,1690609.941652689,False
4,titan_006547,0,1719236.35248989,False
4,titan_006548,0,1747881.829126651,False
4,titan_006549,0,1775666.6769199744,False
4,titan_006550,2,1798251.914887124,False
4,titan_006551,0,1820893.5449608231,False
4,titan_006552,0,1843578.6629374833,False
4,titan_006553,0,1866294.7145383758,False
4,titan_006554,0,1889029.574463564,False
4,titan_006555,2,1911771.4616244885,False
4,titan_006556,2,1934508.9373006725,False
4,titan_006557,2,1957230.8875972296,False
4,titan_006791,0,1084238.5638749783,False
4,titan_006792,0,1128965.7995497142,False
4,titan_006794,0,1218666.3551160118,False
4,titan_006795,2,1263601.7865932493,False
4,titan_006796,2,1308572.2866791834,False
4,titan_006797,0,1341233.46824792,False
4,titan_006798,0,1367416.1472914838,False
4,titan_006799,2,1393596.7545724055,False
4,titan_006800,0,1420054.9470939776,False
4,titan_006801,0,1446765.2789529173,False
4,titan_006802,0,1473703.6050471552,False
4,titan_006803,0,1500847.1155691096,False
4,titan_006804,0,1528174.1761341894,False
4,titan_006805,0,1555664.2690424728,False
4,titan_006806,0,1583297.9387249828,False
4,titan_006807,0,1611056.638826603,False
4,titan_006808,0,1638922.7868543353,False
4,titan_006809,0,1666879.619046747,False
4,titan_006810,0,1694911.1507381813,False
4,titan_006811,0,1723002.12013528,False
4,titan_006812,0,1751137.9564612934,False
4,titan_006813,0,1779304.647848335,False
4,titan_006814,0,1807488.8199727163,False
4,titan_006815,2,1833806.844899872,False
4,titan_006816,0,1856043.9739268085,False
4,titan_006817,0,1878332.3288215322,False
4,titan_006818,0,1900659.7257116192,False
4,titan_006819,0,1923014.3828192165,False
4,titan_006820,0,1945384.8382311806,False
4,titan_006821,0,1967759.9502768964,False
4,titan_006822,0,1990128.8985308078,False
4,titan_007059,0,1048557.6426516037,False
4,titan_007060,0,1093394.7751384003,False
4,titan_007061,0,1138294.476289532,False
4,titan_007062,0,1183239.8767138005,False
4,titan_007063,2,1228216.1050237867,False
4,titan_007064,2,1273209.932280213,False
4,titan_007065,0,1318209.4867377519,False
4,titan_007066,2,1363204.0232859792,False
4,titan_007067,2,1408183.7357668625,False
4,titan_007068,0,1434903.85365957,False
4,titan_007069,2,1460805.8967929643,False
4,titan_007070,0,1486962.9441087176,False
4,titan_007071,0,1513351.9671085572,False
4,titan_007072,0,1539951.0851010187,False
4,titan_007073,0,1566739.498206378,False
4,titan_007074,0,1593697.4220646494,False
4,titan_007075,0,1620806.0246990467,False
4,titan_007076,0,1648047.3658558768,False
4,titan_007077,0,1675404.3390350079,False
4,titan_007078,0,1702860.6163392742,False
4,titan_007079,0,1730400.5962030503,False
4,titan_007080,0,1758009.3540070634,False
4,titan_007081,0,1785672.5955456083,False
4,titan_007082,0,1813376.6132815126,False
4,titan_007083,0,1841108.2453017328,False
4,titan_007084,0,1868854.8368705686,False
4,titan_007085,0,1893273.4717462137,False
4,titan_007086,0,1915182.9369738502,False
4,titan_007087,2,1937137.9644440312,False
4,titan_007088,2,1959127.1209666098,False
4,titan_007089,2,1981139.285213112,False
4,titan_007092,2,2047206.9982543911,False
4,titan_007333,0,1062662.0964650635,False
4,titan_007334,0,1107627.2003006795,False
4,titan_007335,2,1152614.8330067967,False
4,titan_007336,2,1197613.1237450582,False
4,titan_007337,2,1242611.5164509143,False
4,titan_007338,0,1287600.5052637854,False
4,titan_007339,0,1332571.415534235,False
4,titan_007340,0,1377516.3911098763,False
4,titan_007341,0,1422428.0674772135,False
4,titan_007342,0,1467299.6086019902,False
4,titan_007343,0,1503711.3691183147,False
4,titan_007344,2,1529359.3531036528,False
4,titan_007345,2,1555240.7572219819,False
4,titan_007346,2,1581334.74219958,False
4,titan_007347,0,1607621.3823302453,False
4,titan_007348,0,1634081.6898485217,False
4,titan_007349,0,1660697.5424501656,False
4,titan_007350,0,1687451.6116243156,False
4,titan_007351,0,1714327.3946803077,False
4,titan_007352,0,1741309.0453122256,False
4,titan_007353,0,1768381.4095941486,False
4,titan_007354,0,1795529.96262899,False
4,titan_007355,0,1822740.7469937976,False
4,titan_007356,0,1850000.4168738946,False
4,titan_007357,0,1877296.0774614082,False
4,titan_007358,0,1904615.3332803205,False
4,titan_007359,0,1931946.2351921566,False
4,titan_007360,0,1954049.988066669,False
4,titan_007361,0,1975650.1374807684,False
4,titan_007362,0,1997289.827892574,False
4,titan_007363,0,2018958.2936228456,False
4,titan_007366,2,2084032.7353871108,False
4,titan_007611,0,1081934.367488447,False
4,titan_007612,0,1126933.119338113,False
4,titan_007613,2,1171923.5872180015,False
4,titan_007614,2,1216897.845087505,False
4,titan_007615,2,1261848.6975546118,False
4,titan_007616,0,1306769.442310934,False
4,titan_007617,0,1351653.9707233612,False
4,titan_007618,0,1396496.57655529,False
4,titan_007619,0,1441291.7810894963,False
4,titan_007620,0,1486034.4819731826,False
4,titan_007621,2,1530719.8005506967,False
4,titan_007622,0,1573854.8327904767,False
4,titan_007623,2,1599269.8357925692,False
4,titan_007624,2,1624897.743104512,False
4,titan_007625,0,1650719.5354662505,False
4,titan_007626,0,1676717.0999137287,False
4,titan_007627,0,1702873.0263341663,False
4,titan_007628,0,1729170.7042918704,False
4,titan_007629,0,1755594.221395368,False
4,titan_007630,0,1782128.2611133035,False
4,titan_007631,0,1808758.1860855627,False
4,titan_007632,0,1835469.9399621433,False
4,titan_007633,0,1862249.9496031755,False
4,titan_007634,0,1889085.2147767914,False
4,titan_007635,0,1915963.214317272,False
4,titan_007636,0,1942871.8132093179,False
4,titan_007637,0,1969799.3581251686,False
4,titan_007638,0,1994859.7503027758,False
4,titan_007639,0,2016123.2663098902,False
4,titan_007640,0,2037430.419603616,False
4,titan_007641,0,2058770.7765601648,False
4,titan_007642,0,2080134.2071597714,False
4,titan_007643,0,2101510.8254565974,False
4,titan_007644,0,2122890.9299534447,False
4,titan_007893,2,1106325.8820430317,False
4,titan_007894,2,1151267.7113589565,False
4,titan_007895,0,1196179.4838402881,False
4,titan_007896,0,1241055.9941858787,False
4,titan_007897,0,1285892.3851514792,False
4,titan_007898,0,1330684.045998759,False
4,titan_007899,0,1375426.6987881209,False
4,titan_007900,0,1420116.1441785223,False
4,titan_007901,0,1464748.3654282952,False
4,titan_007902,0,1509319.4632681897,False
4,titan_007903,0,1553825.5959243535,False
4,titan_007904,0,1598263.0970625165,False
4,titan_007905,0,1642628.2487640087,False
4,titan_007906,0,1670552.3837849922,False
4,titan_007907,0,1695945.7684382573,False
4,titan_007908,0,1721515.1640594269,False
4,titan_007909,2,1747243.955774127,False
4,titan_007910,0,1773116.2582879928,False
4,titan_007911,0,1799116.7595495072,False
4,titan_007912,0,1825230.7665597044,False
4,titan_007913,0,1851444.1518205837,False
4,titan_007914,0,1877743.3004570422,False
4,titan_007915,0,1904115.1615869955,False
4,titan_007916,0,1930547.0951951302,False
4,titan_007917,0,1957026.9260504663,False
4,titan_007918,0,1983542.8961919884,False
4,titan_007919,0,2010083.6392955582,False
4,titan_007920,0,2036638.1355823914,False
4,titan_007921,0,2058490.830118128,False
4,titan_007922,0,2079482.8500217083,False
4,titan_008180,0,1180549.8497590725,False
4,titan_008181,0,1225308.1888358362,False
4,titan_008182,0,1270019.2100532402,False
4,titan_008183,0,1314679.653118365,False
4,titan_008184,0,1359286.239128178,False
4,titan_008185,0,1403835.7557239525,False
4,titan_008186,0,1448325.1451401035,False
4,titan_008187,0,1492751.2773648654,False
4,titan_008188,0,1537111.0437742716,False
4,titan_008189,0,1581401.4516851574,False
4,titan_008190,0,1625619.4039864733,False
4,titan_008191,0,1669761.7968155437,False
4,titan_008192,0,1713825.617153382,False
4,titan_008193,0,1743223.5955319365,False
4,titan_008194,0,1768398.6588629128,False
4,titan_008195,2,1793732.6085701617,False
4,titan_008196,2,1819210.2159232334,False
4,titan_008197,2,1844816.8251934634,False
4,titan_008198,0,1870538.385613731,False
4,titan_008199,0,1896361.3008181208,False
4,titan_008200,0,1922272.4615735812,False
4,titan_008201,0,1948259.2809177015,False
4,titan_008202,0,1974309.5449985436,False
4,titan_008203,0,2000411.4496843186,False
4,titan_008204,0,2026553.6391478113,False
4,titan_008205,0,2052725.0382254124,False
4,titan_008206,0,2078914.9966273222,False
4,titan_008207,0,2102692.8908939958,False
4,titan_008463,2,946453.4043813335,False
4,titan_008469,0,1214669.0423194799,False
4,titan_008470,0,1259208.4947635117,False
4,titan_008471,0,1303694.5735327697,False
4,titan_008472,0,1348124.8127082833,False
4,titan_008473,0,1392496.7021463478,False
4,titan_008474,0,1436807.7176335189,False
4,titan_008475,0,1481055.3159532326,False
4,titan_008476,0,1525236.9659894952,False
4,titan_008477,0,1569350.002852173,False
4,titan_008478,0,1613391.8373048038,False
4,titan_008479,0,1657359.8104057424,False
4,titan_008480,0,1701251.2259493088,False
4,titan_008481,0,1745063.3827197875,False
4,titan_008482,0,1788793.430955767,False
4,titan_008483,0,1817301.2392720524,False
4,titan_008484,2,1842271.6574575026,False
4,titan_008485,2,1867384.521481125,False
4,titan_008486,2,1892625.8766634825,False
4,titan_008487,2,1917982.1999928316,False
4,titan_008488,0,1943440.497233115,False
4,titan_008489,0,1968988.1979169426,False
4,titan_008490,0,1994613.152314813,False
4,titan_008491,0,2020303.6296067724,False
4,titan_008492,0,2046048.2135758142,False
4,titan_008493,0,2071835.905633525,False
4,titan_008494,0,2097656.0223044534,False
4,titan_008495,0,2123498.196718054,False
4,titan_008496,0,2148676.0091811805,False
4,titan_008735,2,44999.70224794027,True
4,titan_008736,2,89997.66561162191,True
4,titan_008737,2,134992.1868237446,False
4,titan_008755,2,942282.1946390142,False
4,titan_008762,0,1253493.6849476038,False
4,titan_008763,0,1297759.4292885074,False
4,titan_008764,0,1341970.5442024264,False
4,titan_008765,0,1386124.8637751203,False
4,titan_008766,0,1430220.0801313443,False
4,titan_008767,0,1474253.9575668115,False
4,titan_008768,0,1518224.1872921246,False
4,titan_008769,0,1562128.4218675715,False
4,titan_008770,0,1605964.309292355,False
4,titan_008771,0,1649729.3487850612,False
4,titan_008772,0,1693421.1031884153,False
4,titan_008773,0,1737037.0545614029,False
4,titan_008774,0,1780574.6381748745,False
4,titan_008775,0,1824031.2760961351,False
4,titan_008776,0,1867404.234017227,False
4,titan_008777,0,1892803.8087311853,False
4,titan_008778,0,1917580.8685600455,False
4,titan_008779,0,1942484.6640271314,False
4,titan_008780,0,1967502.2789912655,False
4,titan_008781,0,1992621.2819564226,False
4,titan_008782,0,2017829.6244432314,False
4,titan_008783,0,2043115.6410668262,False
4,titan_008784,0,2068468.0506338512,False
4,titan_008785,2,2093875.8546336156,False
4,titan_008786,0,2119328.442761138,False
4,titan_008787,0,2144815.4928460848,False
4,titan_008788,0,2170326.9745585513,False
4,titan_008789,0,2195853.1539839823,False
4,titan_009031,2,44999.742569919756,True
4,titan_009032,2,89997.83398673453,True
4,titan_009033,2,134437.5303376821,False
4,titan_009034,2,177731.36398806283,False
4,titan_009047,0,760490.018213632,False
4,titan_009051,2,940158.240498105,False
4,titan_009059,0,1296878.892104359,False
4,titan_009060,0,1340827.4377623273,False
4,titan_009061,0,1384723.6217069086,False
4,titan_009062,0,1428565.1377295426,False
4,titan_009063,0,1472349.7729245082,False
4,titan_009064,0,1516075.1868810826,False
4,titan_009065,0,1559739.0165562595,False
4,titan_009066,0,1603338.9806103476,False
4,titan_009067,0,1646872.660519871,False
4,titan_009068,0,1690337.605860569,False
4,titan_009069,0,1733731.438774571,False
4,titan_009070,0,1777051.6365762695,False
4,titan_009071,0,1820295.6369692408,False
4,titan_009072,0,1863460.9422473775,False
4,titan_009073,0,1906544.9032255937,False
4,titan_009074,0,1945281.1496297084,False
4,titan_009075,0,1969750.042515802,False
4,titan_009076,0,1994342.8687987425,False
4,titan_009077,0,2019047.3300132626,False
4,titan_009078,0,2043851.5104887548,False
4,titan_009079,0,2068743.921232429,False
4,titan_009080,0,2093713.3598734154,False
4,titan_009081,0,2118748.9546620706,False
4,titan_009082,0,2143840.210094996,False
4,titan_009083,0,2168976.8671519137,False
4,titan_009084,0,2194148.9495234005,False
4,titan_009085,0,2219346.81107088,False
4,titan_009086,0,2244560.9970567306,False
4,titan_009331,2,44999.73070097215,True
4,titan_009332,2,89998.00218335114,True
4,titan_009333,2,134993.24184837157,False
4,titan_009346,2,718970.7657398941,False
4,titan_009347,2,763764.3097228867,False
4,titan_009348,2,808531.6563780016,False
4,titan_009349,0,853271.2479421626,False
4,titan_009350,2,897981.361040777,False
4,titan_009351,2,942660.4039820367,False
4,titan_009360,0,1343086.8939778109,False
4,titan_009361,0,1387358.5864304192,False
4,titan_009362,0,1431579.4200793295,False
4,titan_009363,0,1475324.7971916741,False
4,titan_009364,0,1518772.9739125767,False
4,titan_009365,0,1562165.844762668,False
4,titan_009366,0,1605500.9717443285,False
4,titan_009367,2,1648775.7743063818,False
4,titan_009368,0,1691987.8117259012,False
4,titan_009369,2,1735134.4887484629,False
4,titan_009370,0,1778213.3384937095,False
4,titan_009371,0,1821221.730050411,False
4,titan_009372,2,1864157.151396052,False
4,titan_009373,0,1907016.9543450917,False
4,titan_009374,0,1949798.458667103,False
4,titan_009375,0,1992499.0552944806,False
4,titan_009376,0,2023851.2817283114,False
4,titan_009377,0,2048158.428286823,False
4,titan_009378,0,2072574.0656188512,False
4,titan_009379,0,2097086.8837230562,False
4,titan_009380,0,2121685.821405401,False
4,titan_009381,0,2146360.214538388,False
4,titan_009382,0,2171099.6172649693,False
4,titan_009383,0,2195893.952038813,False
4,titan_009384,0,2220733.330666722,False
4,titan_009385,0,2245608.205987086,False
4,titan_009386,0,2270509.213886742,False
4,titan_009387,0,2295427.222615985,False
4,titan_009647,2,639635.763910914,False
4,titan_009648,2,684123.4185298266,False
4,titan_009649,2,728601.6562680051,False
4,titan_009650,2,773066.690271062,False
4,titan_009651,2,817515.3101925978,False
4,titan_009652,2,861944.6079197123,False
4,titan_009653,0,906351.9645128183,False
4,titan_009654,0,950734.8369259151,False
4,titan_009655,2,995090.9358269826,False
4,titan_009663,0,1348721.8542748238,False
4,titan_009664,0,1392743.2570389921,False
4,titan_009665,0,1436717.4587499986,False
4,titan_009666,0,1480642.5019805012,False
4,titan_009667,0,1524516.4137302956,False
4,titan_009668,0,1568337.0911777574,False
4,titan_009669,0,1612102.52043552,False
4,titan_009670,2,1655408.7217581922,False
4,titan_009671,2,1698343.4747290818,False
4,titan_009672,2,1741219.7839527263,False
4,titan_009673,0,1784034.9792976468,False
4,titan_009674,0,1826786.362931059,False
4,titan_009675,0,1869471.274180235,False
4,titan_009676,0,1912086.9391025086,False
4,titan_009677,0,1954630.6804475887,False
4,titan_009678,0,1997099.8040305795,False
4,titan_009679,0,2039491.486634753,False
4,titan_009681,0,2103897.080640187,False
4,titan_009684,0,2176617.414438699,False
4,titan_009685,0,2201017.2987078154,False
4,titan_009686,0,2225480.201053278,False
4,titan_009687,0,2249996.434291141,False
4,titan_009688,0,2274556.537871918,False
4,titan_009689,0,2299151.3071869686,False
4,titan_009690,0,2323771.6989945667,False
4,titan_009691,0,2348408.9445901904,False
4,titan_009952,2,601455.224136579,False
4,titan_009953,2,646335.0431602035,False
4,titan_009954,2,691259.4504301639,False
4,titan_009955,2,736215.7073299747,False
4,titan_009956,2,781193.7963909353,False
4,titan_009957,2,826185.4821196517,False
4,titan_009958,0,871183.9725911978,False
4,titan_009959,0,916183.5331357116,False
4,titan_009960,0,961179.2352918829,False
4,titan_009961,0,1006166.7725876014,False
4,titan_009962,2,1051142.3232368776,False
4,titan_009964,2,1140139.2567930438,False
4,titan_009968,0,1315566.5114574672,False
4,titan_009969,0,1359338.9596788492,False
4,titan_009970,2,1403072.7999980028,False
4,titan_009971,0,1446765.7137856258,False
4,titan_009972,0,1490415.4224676187,False
4,titan_009973,0,1534019.6765196137,False
4,titan_009974,0,1577576.2460749296,False
4,titan_009975,0,1621082.9128328685,False
4,titan_009976,0,1664537.4630199787,False
4,titan_009977,0,1707937.6812075446,False
4,titan_009978,0,1751281.307915386,False
4,titan_009979,0,1794478.6054430571,False
4,titan_009980,0,1836953.7969022254,False
4,titan_009981,0,1879369.6581434517,False
4,titan_009982,0,1921723.320841485,False
4,titan_009983,0,1964011.9313643184,False
4,titan_009984,0,2006232.6429233127,False
4,titan_009985,0,2048382.6084730164,False
4,titan_009991,0,2233507.4433622733,False
4,titan_009992,0,2257652.1726975567,False
4,titan_009993,5,2281857.200974076,False
4,titan_009994,0,2306113.221084413,False
4,titan_009995,0,2330411.150067578,False
4,titan_009996,0,2354742.1185527705,False
4,titan_009997,0,2379097.4604989532,False
4,titan_009998,0,2403468.7032442065,False
4,titan_010249,2,44999.8154950712,True
4,titan_010258,2,432149.746466802,False
4,titan_010263,2,657057.5660899422,False
4,titan_010264,2,702054.892797369,False
4,titan_010265,2,747045.8181328943,False
4,titan_010266,0,792027.1283393177,False
4,titan_010267,0,836995.9220497617,False
4,titan_010268,0,881949.6133805804,False
4,titan_010269,0,926885.9675427347,False
4,titan_010270,0,971802.8102013714,False
4,titan_010271,0,1016698.1005878802,False
4,titan_010272,0,1061570.0150417543,False
4,titan_010275,0,1196027.258200993,False
4,titan_010276,0,1240787.76970659,False
4,titan_010277,0,1285516.142604061,False
4,titan_010278,0,1330210.7925524944,False
4,titan_010279,0,1374869.987286955,False
4,titan_010280,0,1418288.4328281477,False
4,titan_010281,2,1461669.0057152112,False
4,titan_010282,2,1505014.229649116,False
4,titan_010283,0,1548321.5079824706,False
4,titan_010284,0,1591588.2079132828,False
4,titan_010285,0,1634811.7573860392,False
4,titan_010286,0,1677989.7435213474,False
4,titan_010287,0,1721119.6779669542,False
4,titan_010288,0,1764199.0988967163,False
4,titan_010289,0,1807225.6734693658,False
4,titan_010290,0,1850196.9675850316,False
4,titan_010291,0,1893110.5505750603,False
4,titan_010292,0,1935883.9361075799,False
4,titan_010293,0,1977902.4091066625,False
4,titan_010294,0,2019860.0763843684,False
4,titan_010295,0,2061754.0169979595,False
4,titan_010301,0,2268489.1933509875,False
4,titan_010302,0,2292330.8408503137,False
4,titan_010303,5,2316238.498000933,False
4,titan_010304,0,2340203.073965292,False
4,titan_010305,0,2364215.6285190526,False
4,titan_010306,0,2388267.4240830126,False
4,titan_010307,0,2412349.978725382,False
4,titan_010308,0,2436454.932797528,False
4,titan_010309,2,2459744.9837951465,False
4,titan_010562,2,44999.82480318656,True
4,titan_010563,2,89998.55698660227,True
4,titan_010564,2,134995.06414973488,False
4,titan_010567,2,269960.6320717583,False
4,titan_010569,2,359906.5783430281,False
4,titan_010575,0,629497.474143346,False
4,titan_010576,2,674381.3984619961,False
4,titan_010577,0,719248.5701507734,False
4,titan_010578,2,764097.8179937014,False
4,titan_010579,2,808927.9600391381,False
4,titan_010580,0,853737.802861761,False
4,titan_010581,0,898526.1018619705,False
4,titan_010582,0,943291.716322454,False
4,titan_010583,0,988033.3748697969,False
4,titan_010584,0,1032749.8305400877,False
4,titan_010585,0,1077439.8210001886,False
4,titan_010586,0,1122102.028883643,False
4,titan_010587,0,1166735.2363226642,False
4,titan_010588,0,1211338.0909826532,False
4,titan_010589,0,1255909.2606046568,False
4,titan_010590,0,1300447.3932387987,False
4,titan_010591,0,1344951.1163179765,False
4,titan_010592,0,1389418.9970433756,False
4,titan_010593,2,1433849.6961039875,False
4,titan_010594,2,1478241.7345894089,False
4,titan_010595,0,1522593.647720795,False
4,titan_010596,0,1566903.9451004514,False
4,titan_010597,0,1610311.74529338,False
4,titan_010598,0,1653231.3731256933,False
4,titan_010599,0,1696112.9786816523,False
4,titan_010600,0,1738953.7808580897,False
4,titan_010601,0,1781751.065358998,False
4,titan_010602,0,1824502.1716077952,False
4,titan_010603,0,1867204.444139862,False
4,titan_010604,0,1909855.3710008382,False
4,titan_010605,0,1952452.3518611398,False
4,titan_010606,0,1994992.8385828442,False
4,titan_010607,0,2037474.290797817,False
4,titan_010608,0,2079562.0911093259,False
4,titan_010615,0,2329442.4274781086,False
4,titan_010616,0,2353068.0919022695,False
4,titan_010617,5,2376755.4094216973,False
4,titan_010618,5,2400495.6410144106,False
4,titan_010619,0,2424280.2392025725,False
4,titan_010620,2,2448100.8188837096,False
4,titan_010621,2,2471949.2319967374,False
4,titan_010622,2,2495817.4351392295,False
4,titan_010623,2,2517191.1303468947,False
4,titan_010877,2,44999.80982184034,True
4,titan_010878,0,83473.75539888571,True
4,titan_010879,2,123572.55934546467,False
4,titan_010880,0,166079.9010450924,False
4,titan_010881,0,209532.279356579,False
4,titan_010882,0,253441.16284240314,False
4,titan_010883,0,297601.37340161134,False
4,titan_010890,0,608951.6385354544,False
4,titan_010891,2,653518.9262109105,False
4,titan_010892,0,698085.4232138104,False
4,titan_010893,0,742647.3572717477,False
4,titan_010894,0,787201.6596550929,False
4,titan_010895,0,831745.5309047574,False
4,titan_010896,0,876276.6422209587,False
4,titan_010897,2,920792.7430246032,False
4,titan_010898,0,965291.9161738983,False
4,titan_010899,0,1009772.2616362887,False
4,titan_010900,0,1054231.9818569196,False
4,titan_010901,0,1098669.4744196567,False
4,titan_010902,0,1143083.039854858,False
4,titan_010903,0,1187471.1790326326,False
4,titan_010904,0,1231832.2692919772,False
4,titan_010905,0,1276164.866798029,False
4,titan_010906,0,1320467.4259578635,False
4,titan_010907,0,1364738.4099741806,False
4,titan_010908,0,1408976.4019583655,False
4,titan_010909,0,1453179.8282083431,False
4,titan_010910,0,1497347.2650581386,False
4,titan_010911,0,1541477.1248116912,False
4,titan_010912,0,1585567.9629898206,False
4,titan_010913,0,1629618.2041594177,False
4,titan_010914,0,1673626.2558471467,False
4,titan_010915,0,1717590.6220076976,False
4,titan_010916,0,1761377.2892523152,False
4,titan_010917,0,1803877.7618907369,False
4,titan_010918,0,1846339.3189691873,False
4,titan_010919,0,1888759.1422347322,False
4,titan_010920,0,1931134.3279375518,False
4,titan_010921,0,1973462.1727978876,False
4,titan_010922,0,2015739.9026298213,False
4,titan_010923,1,2057964.7745728719,False
4,titan_010924,0,2100134.1794941816,False
4,titan_010932,0,2392279.3161585573,False
4,titan_010933,0,2415704.7396354964,False
4,titan_010934,0,2439186.92161855,False
4,titan_010935,0,2462717.538810697,False
4,titan_010936,2,2486288.378493828,False
4,titan_010937,2,2509891.3927694135,False
4,titan_010938,2,2533518.7535908003,False
4,titan_010939,2,2557162.700447767,False
4,titan_011195,0,44999.85217225734,True
4,titan_011196,0,73096.30844213672,True
4,titan_011197,0,112220.06306981083,False
4,titan_011198,2,154690.12818842873,False
4,titan_011199,2,198366.50064167622,False
4,titan_011200,2,242595.97128117803,False
4,titan_011201,2,287120.34288208245,False
4,titan_011202,2,331818.088173125,False
4,titan_011209,0,639700.142980955,False
4,titan_011210,0,683760.2389026912,False
4,titan_011211,0,727855.5880170192,False
4,titan_011212,0,771976.4432417919,False
4,titan_011213,0,816114.9554308695,False
4,titan_011214,0,860264.6567732189,False
4,titan_011215,0,904420.1218365234,False
4,titan_011216,0,948576.6833461819,False
4,titan_011217,0,992730.4085657975,False
4,titan_011218,0,1036877.7299030684,False
4,titan_011219,0,1081015.4996404538,False
4,titan_011220,0,1125140.8726838266,False
4,titan_011221,0,1169251.245938657,False
4,titan_011222,0,1213344.2107255824,False
4,titan_011223,0,1257417.475973131,False
4,titan_011224,0,1301468.994234109,False
4,titan_011225,0,1345496.7027943248,False
4,titan_011226,0,1389498.6599893472,False
4,titan_011227,0,1433472.9896593196,False
4,titan_011230,2,1565212.1230971895,False
4,titan_011231,2,1609058.055347541,False
4,titan_011232,0,1652867.5512673988,False
4,titan_011233,0,1696638.9038625692,False
4,titan_011234,0,1740370.4096272043,False
4,titan_011235,0,1784060.3250009308,False
4,titan_011236,1,1827707.0169316484,False
4,titan_011237,0,1871308.726593238,False
4,titan_011238,0,1914799.6973680255,False
4,titan_011239,1,1956889.2056233368,False
4,titan_011240,0,1998938.1840506867,False
4,titan_011241,1,2040943.6404373841,False
4,titan_011242,0,2082902.7493395896,False
4,titan_011243,0,2124812.617937224,False
4,titan_011251,0,2433811.6904298803,False
4,titan_011252,0,2456991.371910824,False
4,titan_011253,0,2480230.6929697217,False
4,titan_011254,0,2503521.4616981107,False
4,titan_011255,2,2526855.709824305,False
4,titan_011256,2,2550225.5620640693,False
4,titan_011257,2,2573623.3120280327,False
4,titan_011517,0,44999.85079908372,True
4,titan_011518,0,89998.85383076928,True
4,titan_011519,2,134996.16082557463,False
4,titan_011520,2,179990.92250928434,False
4,titan_011521,0,224982.3283364469,False
4,titan_011522,2,269969.4450315925,False
4,titan_011523,2,314951.4575169323,False
4,titan_011524,2,359927.5074416299,False
4,titan_011525,2,404896.7329084592,False
4,titan_011531,0,674520.0077400331,False
4,titan_011532,0,719416.9208827396,False
4,titan_011533,0,763325.383036385,False
4,titan_011534,0,806912.0484298423,False
4,titan_011535,0,850549.9265401098,False
4,titan_011536,0,894227.8939888689,False
4,titan_011537,0,937936.7937222722,False
4,titan_011538,0,981668.8680857355,False
4,titan_011539,0,1025417.4904649149,False
4,titan_011540,0,1069176.9714326772,False
4,titan_011541,0,1112942.2234195254,False
4,titan_011542,0,1156708.8568287578,False
4,titan_011543,0,1200472.9147270035,False
4,titan_011544,0,1244230.8258598202,False
4,titan_011545,0,1287979.3749594341,False
4,titan_011552,0,1593727.4409332601,False
4,titan_011553,0,1637307.2247533286,False
4,titan_011554,0,1680856.0260349214,False
4,titan_011555,0,1724371.9164460998,False
4,titan_011556,1,1767852.8863230848,False
4,titan_011557,0,1811297.0697217684,False
4,titan_011558,0,1854702.5812617706,False
4,titan_011559,0,1898067.548463611,False
4,titan_011560,0,1941390.1445874271,False
4,titan_011561,0,1984668.428389225,False
4,titan_011562,1,2027900.5718035838,False
4,titan_011563,1,2070546.020775814,False
4,titan_011564,0,2112232.822759436,False
4,titan_011565,0,2153876.753650338,False
4,titan_011566,0,2195474.750270974,False
4,titan_011574,0,2500561.7771612476,False
4,titan_011575,0,2523573.9473041543,False
4,titan_011576,0,2546639.6881123832,False
4,titan_011577,2,2569751.200562923,False
4,titan_011578,2,2592900.809951978,False
4,titan_011841,0,44999.88233343048,True
4,titan_011842,0,89998.94845932374,True
4,titan_011843,2,133473.18745195234,False
4,titan_011844,2,176304.35735904094,False
4,titan_011845,2,219920.94318394654,False
4,titan_011846,2,263931.46090268873,False
4,titan_011847,0,308164.76133496116,False
4,titan_011848,2,352534.3894253339,False
4,titan_011849,2,396991.9769283565,False
4,titan_011857,0,753714.400720821,False
4,titan_011858,0,798327.9215702253,False
4,titan_011859,0,842934.7249885056,False
4,titan_011860,0,887532.6807803477,False
4,titan_011861,0,932120.0013962142,False
4,titan_011862,0,976575.1706306224,False
4,titan_011863,0,1019840.3175613604,False
4,titan_011864,0,1063143.9429332076,False
4,titan_011865,0,1106478.0934197418,False
4,titan_011866,0,1149835.7386005518,False
4,titan_011867,2,1193210.697905768,False
4,titan_011877,0,1626940.9303148712,False
4,titan_011878,1,1670238.023762047,False
4,titan_011879,1,1713510.560989475,False
4,titan_011880,1,1756756.206390729,False
4,titan_011881,1,1799972.6961811536,False
4,titan_011882,0,1843157.9427928727,False
4,titan_011883,0,1886309.7900916827,False
4,titan_011884,0,1929426.1597359332,False
4,titan_011885,0,1972504.9648397255,False
4,titan_011886,0,2015544.2577864344,False
4,titan_011887,0,2058541.990281393,False
4,titan_011888,1,2101496.1239492903,False
4,titan_011889,1,2144404.7408162365,False
4,titan_011890,0,2187265.805730929,False
4,titan_011891,0,2228604.4516076725,False
4,titan_011899,0,2546368.712700164,False
4,titan_011900,0,2569169.6877557877,False
4,titan_011901,0,2592025.508975194,False
4,titan_012168,0,44999.88827242391,True
4,titan_012169,0,89999.0687580111,True
4,titan_012170,0,134996.8332485292,False
4,titan_012171,0,179844.56069835936,False
4,titan_012172,0,223512.3387862379,False
4,titan_012173,2,267555.1755171247,False
4,titan_012174,2,311734.1374828172,False
4,titan_012175,2,354681.14334400446,False
4,titan_012185,0,793867.5504585821,False
4,titan_012186,0,838100.946664939,False
4,titan_012187,0,882347.1087133338,False
4,titan_012188,0,926601.2616896597,False
4,titan_012189,0,970859.3382046729,False
4,titan_012190,0,1015117.8219595241,False
4,titan_012191,0,1059373.5899666809,False
4,titan_012192,1,1103623.9840242339,False
4,titan_012193,1,1147866.5002519821,False
4,titan_012194,1,1191511.778871106,False
4,titan_012195,0,1234475.4867542281,False
4,titan_012205,0,1664763.0365953257,False
4,titan_012206,0,1707765.8983986275,False
4,titan_012207,1,1750751.1269073687,False
4,titan_012208,1,1793716.0627312502,False
4,titan_012209,0,1836658.154930034,False
4,titan_012210,1,1879574.9447883836,False
4,titan_012211,1,1922464.012616282,False
4,titan_012212,0,1965323.1212179698,False
4,titan_012213,0,2008149.970811375,False
4,titan_012214,0,2050942.3452139942,False
4,titan_012215,0,2093698.0640240975,False
4,titan_012216,1,2136414.9747049385,False
4,titan_012217,1,2179090.906640339,False
4,titan_012218,0,2221723.8198208977,False
4,titan_012219,0,2264311.566046881,False
4,titan_012228,0,2616977.2174516134,False
4,titan_012497,0,44999.877931249444,True
4,titan_012498,0,89999.11181033392,True
4,titan_012499,0,134997.09843710004,False
4,titan_012500,0,179993.11013106332,False
4,titan_012501,0,224986.5417695194,False
4,titan_012502,0,269976.78667838353,False
4,titan_012503,2,314963.11256378,False
4,titan_012504,2,359862.221829551,False
4,titan_012515,0,839492.2057492551,False
4,titan_012516,0,883275.8629480316,False
4,titan_012517,0,927097.1338233534,False
4,titan_012518,0,970948.2046877847,False
4,titan_012519,0,1014822.3135934663,False
4,titan_012520,0,1058713.7798358356,False
4,titan_012521,0,1102617.6910258213,False
4,titan_012522,0,1146529.6335030708,False
4,titan_012523,0,1190445.8174505725,False
4,titan_012524,1,1234362.8644167827,False
4,titan_012525,0,1278277.613434566,False
4,titan_012535,2,1707100.4414034896,False
4,titan_012536,1,1749802.3469334296,False
4,titan_012537,1,1792493.8212189258,False
4,titan_012538,0,1835171.8781406237,False
4,titan_012539,0,1877833.5567129443,False
4,titan_012540,0,1920476.1363007745,False
4,titan_012541,0,1963097.0021256811,False
4,titan_012542,2,2005693.513103198,False
4,titan_012543,0,2048263.2228524217,False
4,titan_012544,0,2090803.750532431,False
4,titan_012545,0,2133312.653379061,False
4,titan_012546,1,2175787.6899894555,False
4,titan_012547,0,2218226.500073865,False
4,titan_012548,0,2260626.869199089,False
4,titan_012549,0,2302986.604735564,False
4,titan_012829,0,44999.935303474034,True
4,titan_012830,0,89999.24484670536,True
4,titan_012831,4,134997.38561000637,False
4,titan_012832,4,179993.77232970452,False
4,titan_012833,0,224621.93350765406,False
4,titan_012834,0,269010.1078963402,False
4,titan_012835,0,313612.9888670518,False
4,titan_012836,2,358348.598341127,False
4,titan_012837,2,402897.27398539975,False
4,titan_012838,2,447158.51793532545,False
4,titan_012848,0,890221.8948210629,False
4,titan_012849,0,933520.9447618668,False
4,titan_012850,0,976883.501304411,False
4,titan_012851,0,1020298.8144866957,False
4,titan_012852,0,1063757.7843534027,False
4,titan_012853,0,1107252.4866235342,False
4,titan_012854,0,1150776.1691847,False
4,titan_012855,0,1194322.899676745,False
4,titan_012856,0,1237887.45335747,False
4,titan_012857,0,1281465.2315736038,False
4,titan_012858,1,1325052.0026466178,False
4,titan_012868,0,1753859.0244953358,False
4,titan_012869,0,1796258.0273256765,False
4,titan_012870,0,1838653.7471591034,False
4,titan_012871,0,1881042.8532945153,False
4,titan_012872,0,1923422.06922418,False
4,titan_012873,0,1965788.385530776,False
4,titan_012874,1,2008138.8840304886,False
4,titan_012875,1,2050470.75982732,False
4,titan_012876,0,2092781.3451903595,False
4,titan_012877,0,2135067.939794035,False
4,titan_012878,0,2177328.0329750697,False
4,titan_012879,0,2219559.136566808,False
4,titan_012880,0,2261758.8530756277,False
4,titan_012881,0,2303924.7109468766,False
4,titan_012882,0,2346054.3901928607,False
4,titan_013163,4,44999.93214440375,True
4,titan_013164,4,89999.29436275127,True
4,titan_013165,4,133896.7030860918,False
4,titan_013166,4,177070.69005587764,False
4,titan_013167,0,221033.36074873467,False
4,titan_013168,0,265391.51995111356,False
4,titan_013169,2,309973.9245915146,False
4,titan_013170,0,354694.3275952,False
4,titan_013171,2,399504.7755833525,False
4,titan_013183,0,939148.859376392,False
4,titan_013184,0,984133.5724459044,False
4,titan_013185,0,1029111.0755261105,False
4,titan_013186,1,1074080.195631647,False
4,titan_013187,0,1117427.4813347717,False
4,titan_013188,0,1160513.370091851,False
4,titan_013189,0,1203644.5479355364,False
4,titan_013190,0,1246813.7622321348,False
4,titan_013191,1,1290014.4615038892,False
4,titan_013192,0,1333240.97642438,False
4,titan_013193,0,1376488.084191516,False
4,titan_013203,0,1804947.115169355,False
4,titan_013204,0,1847045.5795330664,False
4,titan_013205,0,1889147.572918071,False
4,titan_013206,0,1931249.4978661223,False
4,titan_013207,2,1973347.7949494775,False
4,titan_013208,0,2015439.2323767585,False
4,titan_013209,0,2057520.5720690587,False
4,titan_013210,0,2099588.8642255794,False
4,titan_013211,0,2141641.117864709,False
4,titan_013212,0,2183674.5989671904,False
4,titan_013213,0,2225686.504477165,False
4,titan_013214,0,2267674.2630009195,False
4,titan_013215,0,2309635.2115515866,False
4,titan_013216,0,2351566.8980349107,False
4,titan_013217,0,2393466.7991647585,False
4,titan_013500,4,44999.94476632093,True
4,titan_013501,0,89999.37191272131,True
4,titan_013502,4,134997.84777004016,False
4,titan_013503,0,179994.93809410874,False
4,titan_013504,0,224990.0814376036,False
4,titan_013505,0,269982.88366412855,False
4,titan_013506,4,314972.7807540804,False
4,titan_013507,0,359959.3754012112,False
4,titan_013520,1,944256.3325335381,False
4,titan_013521,1,989143.8606931387,False
4,titan_013522,1,1034020.3651514075,False
4,titan_013523,1,1078885.3364077315,False
4,titan_013524,1,1123738.2576186475,False
4,titan_013525,1,1168578.4783164966,False
4,titan_013526,1,1213405.507842285,False
4,titan_013527,0,1258218.6791913847,False
4,titan_013528,0,1303017.4842385675,False
4,titan_013529,0,1346660.128223109,False
4,titan_013530,0,1389533.5865586,False
4,titan_013531,0,1432438.8402975642,False
4,titan_013541,0,1860277.786875885,False
4,titan_013542,0,1902081.816713214,False
4,titan_013543,0,1943895.818723596,False
4,titan_013544,2,1985715.782738008,False
4,titan_013545,0,2027538.0661523617,False
4,titan_013546,0,2069359.056493449,False
4,titan_013547,0,2111175.462934453,False
4,titan_013548,0,2152983.983888019,False
4,titan_013549,0,2194781.5637308443,False
4,titan_013550,0,2236565.2598549356,False
4,titan_013551,0,2278332.1114397575,False
4,titan_013552,0,2320079.4005556954,False
4,titan_013553,0,2361804.3280037893,False
4,titan_013554,0,2403504.31548023,False
4,titan_013838,4,46833.789832049915,True
4,titan_013839,4,73280.12964387021,True
4,titan_013840,4,112120.78800086769,False
4,titan_013841,4,154260.76846192958,False
4,titan_013842,0,197599.28081432515,False
4,titan_013843,0,241490.65444266444,False
4,titan_013844,0,285678.8340858835,False
4,titan_013845,0,330043.21561383107,False
4,titan_013860,1,1000051.7258205782,False
4,titan_013861,1,1044748.4156382701,False
4,titan_013862,1,1089437.6602012597,False
4,titan_013863,1,1134118.5526515844,False
4,titan_013864,1,1178790.2009512086,False
4,titan_013865,1,1223451.7578719002,False
4,titan_013866,1,1268102.4113557942,False
4,titan_013867,1,1312741.3767568925,False
4,titan_013868,0,1357367.890526941,False
4,titan_013869,0,1401981.2050201802,False
4,titan_013870,0,1446580.58417183,False
4,titan_013871,0,1491165.3418507134,False
4,titan_013872,0,1535373.2497284303,False
4,titan_013873,0,1578008.471596126,False
4,titan_013874,0,1620669.1848112985,False
4,titan_013875,0,1663350.8399089691,False
4,titan_013876,0,1706049.245282832,False
4,titan_013880,0,1876936.6769129927,False
4,titan_013881,0,1919665.617732072,False
4,titan_013882,0,1961289.9328898643,False
4,titan_013883,0,2002824.694568934,False
4,titan_013884,0,2044370.9986807161,False
4,titan_013885,0,2085924.9333884697,False
4,titan_013886,0,2127482.7834508955,False
4,titan_013887,0,2169041.0084397383,False
4,titan_013888,2,2210596.2232250613,False
4,titan_013889,0,2252145.1804401292,False
4,titan_013890,0,2293684.7546772733,False
4,titan_013891,0,2335211.9281998924,False
4,titan_013892,0,2376723.817075877,False
4,titan_013893,0,2418217.503001883,False
4,titan_013894,0,2459690.257142436,False
4,titan_014180,4,116714.44401200887,False
4,titan_014181,0,149232.56242389677,False
4,titan_014182,0,186866.71818276925,False
4,titan_014183,0,227086.34322541772,False
4,titan_014184,4,268731.9755887237,False
4,titan_014185,4,311230.39202936797,False
4,titan_014201,1,1016774.4205393486,False
4,titan_014202,1,1061219.6489508417,False
4,titan_014203,1,1105667.9043069624,False
4,titan_014204,1,1150117.2015106175,False
4,titan_014205,1,1194565.65643782,False
4,titan_014206,1,1239011.5699645036,False
4,titan_014207,1,1283453.5206724384,False
4,titan_014208,1,1327890.0430811574,False
4,titan_014209,1,1372319.942705687,False
4,titan_014210,1,1416741.983500531,False
4,titan_014211,0,1461154.9995701013,False
4,titan_014212,0,1505558.0092529242,False
4,titan_014213,0,1549949.9104297704,False
4,titan_014214,0,1594329.8085883528,False
4,titan_014215,0,1638696.7151300951,False
4,titan_014216,0,1683049.6674498052,False
4,titan_014217,0,1726718.9173892965,False
4,titan_014219,0,1811561.8843130367,False
4,titan_014220,0,1854008.6115969168,False
4,titan_014221,0,1896467.1618850254,False
4,titan_014222,0,1938934.1929304376,False
4,titan_014223,0,1981406.402166305,False
4,titan_014224,0,2023880.8251117005,False
4,titan_014225,0,2065867.5389686555,False
4,titan_014226,0,2107150.9366396195,False
4,titan_014227,0,2148446.7499592616,False
4,titan_014228,0,2189751.049409305,False
4,titan_014229,2,2231060.2417784324,False
4,titan_014230,0,2272370.7769439467,False
4,titan_014231,0,2313679.2478836393,False
4,titan_014232,0,2354982.492363268,False
4,titan_014233,0,2396277.304667546,False
4,titan_014234,0,2437560.7356731156,False
4,titan_014235,1,2478829.8070508405,False
4,titan_014236,1,2520081.6178354756,False
4,titan_014524,4,193793.61779967055,False
4,titan_014545,1,1083315.5469033907,False
4,titan_014546,1,1127467.6753985824,False
4,titan_014547,1,1171634.5685185224,False
4,titan_014548,0,1215812.9924565316,False
4,titan_014549,1,1260000.092948743,False
4,titan_014550,1,1304193.329730584,False
4,titan_014551,1,1348390.4237186983,False
4,titan_014552,1,1392589.314114258,False
4,titan_014553,0,1436788.1233058202,False
4,titan_014554,0,1480985.1279512148,False
4,titan_014555,1,1525178.7349901174,False
4,titan_014556,0,1569367.4195125853,False
4,titan_014557,1,1613549.8763627359,False
4,titan_014558,1,1657724.7532691513,False
4,titan_014559,0,1701890.8071929654,False
4,titan_014560,0,1746046.851877276,False
4,titan_014563,0,1878443.7410507817,False
4,titan_014564,0,1920772.4630867774,False
4,titan_014565,0,1962972.2536774639,False
4,titan_014566,0,2005185.6399875425,False
4,titan_014567,0,2047409.1650132327,False
4,titan_014568,0,2089639.6795553423,False
4,titan_014569,0,2131874.07985906,False
4,titan_014570,0,2173999.327443594,False
4,titan_014571,0,2215049.179859391,False
4,titan_014572,0,2256111.5563388756,False
4,titan_014573,0,2297182.6942367717,False
4,titan_014574,0,2338258.9927494833,False
4,titan_014575,0,2379336.9959974824,False
4,titan_014576,0,2420413.3776486088,False
4,titan_014577,0,2461484.92690445,False
4,titan_014578,1,2502548.4965684847,False
4,titan_014579,1,2543601.1478222515,False
4,titan_014580,1,2584639.9046527497,False
4,titan_014890,1,1110884.0306953439,False
4,titan_014891,1,1154697.2894703164,False
4,titan_014892,1,1198542.0728799787,False
4,titan_014893,1,1242413.5186333572,False
4,titan_014894,1,1286307.3156739303,False
4,titan_014895,1,1330219.7739640088,False
4,titan_014896,1,1374147.4922943155,False
4,titan_014897,1,1418087.4611743756,False
4,titan_014898,1,1462036.967073739,False
4,titan_014899,1,1505993.5058307666,False
4,titan_014900,1,1549954.9140478822,False
4,titan_014901,1,1593919.0853874325,False
4,titan_014902,1,1637884.1128535978,False
4,titan_014903,1,1681848.2245331693,False
4,titan_014904,0,1725809.7226208907,False
4,titan_014905,0,1769767.1357333257,False
4,titan_014908,0,1901600.2788945946,False
4,titan_014909,0,1945527.138549861,False
4,titan_014910,0,1989443.2102578962,False
4,titan_014911,0,2033347.2615167485,False
4,titan_014912,0,2075628.7121873756,False
4,titan_014913,0,2117614.220337375,False
4,titan_014914,0,2159610.8771490883,False
4,titan_014915,0,2201615.5675912737,False
4,titan_014916,0,2243625.2083966536,False
4,titan_014917,0,2285636.892452039,False
4,titan_014918,0,2326519.5970530505,False
4,titan_014919,0,2367365.203270375,False
4,titan_014920,0,2408219.2632640656,False
4,titan_014921,0,2449078.2252344005,False
4,titan_014922,0,2489938.705412401,False
4,titan_014923,1,2530797.435413021,False
4,titan_014924,1,2571651.210693203,False
4,titan_014925,1,2612497.0356810577,False
4,titan_015237,1,1143750.1760608328,False
4,titan_015238,1,1187195.4379550626,False
4,titan_015239,1,1230690.537461321,False
4,titan_015240,1,1274228.9405326748,False
4,titan_015241,1,1317804.9088667482,False
4,titan_015242,1,1361413.373071469,False
4,titan_015243,1,1405049.7868510901,False
4,titan_015244,1,1448710.2096106317,False
4,titan_015245,1,1492390.9835743313,False
4,titan_015246,1,1536088.8428173105,False
4,titan_015247,1,1579800.8218472688,False
4,titan_015248,0,1623524.2139884906,False
4,titan_015249,0,1667256.5361610402,False
4,titan_015250,0,1710995.4568150863,False
4,titan_015251,1,1754738.938786884,False
4,titan_015255,0,1929720.3637017945,False
4,titan_015256,0,1973459.0795609741,False
4,titan_015257,0,2017192.1143150588,False
4,titan_015258,0,2060918.0055726527,False
4,titan_015259,0,2104635.3880350217,False
4,titan_015260,0,2148342.943822198,False
4,titan_015263,2,2275532.2346087764,False
4,titan_015264,2,2317327.1634147665,False
4,titan_015265,2,2359127.5208616625,False
4,titan_015266,0,2400930.435080628,False
4,titan_015267,0,2441572.5791909,False
4,titan_015268,2,2482217.5147697707,False
4,titan_015269,1,2522870.044424341,False
4,titan_015270,1,2563526.71410698,False
4,titan_015586,1,1181727.5202868064,False
4,titan_015587,1,1224789.1795406563,False
4,titan_015588,1,1267919.2342308534,False
4,titan_015589,1,1311109.6344885451,False
4,titan_015590,2,1354353.1702394802,False
4,titan_015591,2,1397643.574422316,False
4,titan_015592,1,1440975.276115023,False
4,titan_015593,1,1484343.1734985202,False
4,titan_015594,1,1527742.8009503451,False
4,titan_015595,1,1571170.1326395592,False
4,titan_015596,1,1614621.3966733238,False
4,titan_015597,1,1658093.2765615447,False
4,titan_015598,1,1701582.7422577771,False
4,titan_015599,1,1745086.8870940597,False
4,titan_015600,1,1788603.1486096845,False
4,titan_015613,2,2353586.102384423,False
4,titan_015614,2,2395178.8297526482,False
4,titan_015615,0,2436779.869733063,False
4,titan_015616,1,2478386.334352221,False
4,titan_015617,1,2519777.672095835,False
4,titan_015619,1,2600687.181668093,False
4,titan_015620,1,2641152.994044646,False
4,titan_015910,2,67638.705246446,True
4,titan_015911,2,105651.13577744446,True
4,titan_015912,2,147701.09259436693,False
4,titan_015913,2,191141.77524602113,False
4,titan_015914,2,235203.40584534436,False
4,titan_015915,0,279591.9615357197,False
4,titan_015916,0,324172.62985860545,False
4,titan_015917,0,368875.2168786318,False
4,titan_015936,1,1223082.0554357716,False
4,titan_015937,1,1267302.9416824826,False
4,titan_015938,1,1310064.0949909412,False
4,titan_015939,0,1352901.9909572976,False
4,titan_015940,0,1395808.2105551364,False
4,titan_015941,0,1438775.390073642,False
4,titan_015942,1,1481796.9220723228,False
4,titan_015943,1,1524866.9277154957,False
4,titan_015944,1,1567979.9958670929,False
4,titan_015945,1,1611131.3551029617,False
4,titan_015946,1,1654316.6812568244,False
4,titan_015947,1,1697531.9141867426,False
4,titan_015948,1,1740773.460519807,False
4,titan_015949,1,1784038.0258232907,False
4,titan_015950,1,1827322.4520934734,False
4,titan_015966,1,2518567.3501424943,False
4,titan_015967,1,2559989.9889719137,False
4,titan_016261,2,44999.952708288736,True
4,titan_016262,2,89999.78339649504,True
4,titan_016263,2,134999.23827380565,False
4,titan_016264,2,179998.23890680278,False
4,titan_016265,2,224996.53100176703,False
4,titan_016266,2,269994.0354157768,False
4,titan_016267,0,314990.4969472015,False
4,titan_016288,1,1259378.2622017276,False
4,titan_016289,1,1304308.0405639599,False
4,titan_016290,1,1349232.5319303195,False
4,titan_016291,0,1394151.6099125678,False
4,titan_016292,0,1439064.9692118394,False
4,titan_016293,0,1483972.4759365567,False
4,titan_016294,1,1527388.4477898933,False
4,titan_016295,1,1570162.1053300167,False
4,titan_016296,1,1612989.719563828,False
4,titan_016297,1,1655865.869471233,False
4,titan_016298,1,1698785.6326756065,False
4,titan_016299,1,1741744.398367272,False
4,titan_016300,1,1784738.1076392184,False
4,titan_016301,1,1827762.8726791567,False
4,titan_016302,1,1870815.272636387,False
4,titan_016303,1,1913891.983478927,False
4,titan_016613,2,44999.9740203895,True
4,titan_016614,2,89999.8085531867,True
4,titan_016615,0,134999.36402598937,False
4,titan_016616,2,179998.50069666997,False
4,titan_016617,0,224997.07856823312,False
4,titan_016618,0,269994.957303371,False
4,titan_016619,0,314991.9961385607,False
4,titan_016641,0,1299302.3158940466,False
4,titan_016642,0,1344235.5968004703,False
4,titan_016643,0,1389180.7792739326,False
4,titan_016644,0,1434136.2811347723,False
4,titan_016645,0,1479100.692962626,False
4,titan_016646,0,1524072.752235255,False
4,titan_016647,1,1569051.3218661526,False
4,titan_016648,1,1614035.3722883728,False
4,titan_016649,1,1659023.9664151254,False
4,titan_016650,1,1704016.246947905,False
4,titan_016651,1,1747929.859787262,False
4,titan_016652,1,1790637.2896870535,False
4,titan_016653,1,1833387.7507054547,False
4,titan_016654,0,1876177.078924889,False
4,titan_016966,0,44999.97619136669,True
4,titan_016967,0,89999.83686595717,True
4,titan_016968,0,134999.46643669365,False
4,titan_016969,0,179798.74033584807,False
4,titan_016970,0,223717.64555245172,False
4,titan_016971,0,268018.0874529496,False
4,titan_016972,0,312537.5840301241,False
4,titan_016994,0,1295387.637390092,False
4,titan_016995,0,1340375.052402439,False
4,titan_016996,0,1385366.241714467,False
4,titan_016997,0,1430360.4341827019,False
4,titan_016998,0,1475356.9353981523,False
4,titan_016999,1,1520355.1159224273,False
4,titan_017000,1,1565354.4015276239,False
4,titan_017001,1,1610354.3092487948,False
4,titan_017002,1,1655354.2637397435,False
4,titan_017003,1,1700353.8566957228,False
4,titan_017004,1,1745352.665143731,False
4,titan_017005,0,1790350.2914507412,False
4,titan_017006,1,1835346.3597248758,False
4,titan_017007,0,1880340.5127094602,False
4,titan_017321,0,44999.98015238842,True
4,titan_017322,0,89999.86636896715,True
4,titan_017323,0,132958.97590832616,False
4,titan_017324,0,176023.77177149427,False
4,titan_017325,0,219890.23703720976,False
4,titan_017326,0,264159.0489571456,False
4,titan_017327,0,308656.9204256369,False
4,titan_017350,0,1342177.8232117286,False
4,titan_017351,0,1387175.4445726061,False
4,titan_017352,1,1432171.7429400135,False
4,titan_017353,1,1477166.4649843234,False
4,titan_017354,1,1522159.3720062375,False
4,titan_017355,1,1567150.237450529,False
4,titan_017356,1,1612138.8448173173,False
4,titan_017357,1,1657124.9858945035,False
4,titan_017358,1,1702108.503568763,False
4,titan_017359,0,1747089.113258803,False
4,titan_017360,1,1792066.6677106244,False
4,titan_017361,1,1837040.9787440316,False
4,titan_017362,1,1882011.8607170056,False
4,titan_017363,0,1926979.1297683013,False
4,titan_017677,0,45000.02615658289,True
4,titan_017678,0,89999.93316704416,True
4,titan_017679,0,134999.69075293542,False
4,titan_017680,0,179999.22408814516,False
4,titan_017681,0,224998.45820977775,False
4,titan_017682,0,269997.31797226425,False
4,titan_017683,0,314995.7280012745,False
4,titan_017692,2,719948.6587094215,False
4,titan_017693,2,764938.3417426903,False
4,titan_017694,2,809926.7172206043,False
4,titan_017706,0,1349654.4762668,False
4,titan_017707,1,1394618.0677363796,False
4,titan_017708,1,1439579.0590409108,False
4,titan_017709,1,1484537.3947608343,False
4,titan_017710,1,1529492.9732406891,False
4,titan_017711,1,1574445.6909278552,False
4,titan_017712,0,1619395.442286633,False
4,titan_017713,0,1664342.119709354,False
4,titan_017714,0,1709285.613424294,False
4,titan_017715,0,1754225.8557960773,False
4,titan_017716,0,1799162.6436400341,False
4,titan_017717,1,1844095.904504609,False
4,titan_017718,0,1889025.5189714734,False
4,titan_017719,1,1933951.3649439325,False
4,titan_018033,0,44999.99672236704,True
4,titan_018034,0,74124.76644034551,True
4,titan_018035,0,113179.44625024786,False
4,titan_018036,0,155451.11246334674,False
4,titan_018037,0,198898.9522474369,False
4,titan_018038,0,242892.4274942646,False
4,titan_018039,0,287180.6899608725,False
4,titan_018040,0,331645.4541552442,False
4,titan_018041,2,376223.92932967196,False
4,titan_018049,2,734434.9807993608,False
4,titan_018050,2,779292.7108919783,False
4,titan_018051,2,824157.9392185471,False
4,titan_018063,1,1362786.4027484064,False
4,titan_018064,1,1407676.6562112335,False
4,titan_018065,1,1452566.10140473,False
4,titan_018066,1,1497454.518051656,False
4,titan_018067,1,1542341.6996312104,False
4,titan_018068,0,1587227.4511316584,False
4,titan_018069,0,1632111.587159101,False
4,titan_018070,2,1676993.885888193,False
4,titan_018071,0,1721874.2654845535,False
4,titan_018072,2,1766752.5162438217,False
4,titan_018073,1,1811628.4773695618,False
4,titan_018074,1,1856501.991640602,False
4,titan_018075,0,1901372.9046358794,False
4,titan_018076,0,1946241.0640497892,False
4,titan_018407,2,755573.8258166922,False
4,titan_018408,2,800166.206866541,False
4,titan_018409,2,844789.4642139017,False
4,titan_018421,1,1381527.2719920534,False
4,titan_018422,1,1426308.307831231,False
4,titan_018423,1,1471092.910544808,False
4,titan_018424,1,1515880.5921027246,False
4,titan_018425,1,1560670.7425398377,False
4,titan_018426,2,1605462.9774898922,False
4,titan_018427,0,1650256.775835619,False
4,titan_018428,2,1695051.785173773,False
4,titan_018429,2,1739847.683633739,False
4,titan_018430,2,1784644.042387124,False
4,titan_018431,0,1829440.6333128766,False
4,titan_018432,0,1874237.0703119275,False
4,titan_018433,0,1919033.1623325336,False
4,titan_018434,0,1963828.5554387616,False
4,titan_018779,1,1405806.5227340956,False
4,titan_018780,1,1450447.3355364862,False
4,titan_018781,1,1495098.4366093478,False
4,titan_018782,1,1539758.666815445,False
4,titan_018783,2,1584426.9835471555,False
4,titan_018784,2,1629102.577839882,False
4,titan_018785,2,1673784.5498973038,False
4,titan_018786,2,1718472.2529250227,False
4,titan_018787,2,1763164.9724222948,False
4,titan_018788,0,1807862.051093136,False
4,titan_018789,0,1852563.0150372882,False
4,titan_018790,0,1897267.256525444,False
4,titan_018791,0,1941974.3842128944,False
4,titan_018792,0,1986683.9074196522,False
4,titan_019138,1,1435534.0380219275,False
4,titan_019139,1,1480010.0168501574,False
4,titan_019140,2,1524504.487882428,False
4,titan_019141,2,1569015.7696637907,False
4,titan_019142,0,1613542.19058838,False
4,titan_019143,2,1658082.4182862886,False
4,titan_019144,2,1702635.08369979,False
4,titan_019145,2,1747199.1178180217,False
4,titan_019146,2,1791773.381416788,False
4,titan_019147,0,1836357.006856802,False
4,titan_019148,0,1880949.0317119898,False
4,titan_019149,2,1925548.7441249657,False
4,titan_019150,0,1970155.3191521235,False
4,titan_019151,0,2014768.1666613403,False
4,titan_019465,0,45000.006412588074,True
4,titan_019466,0,90000.00084518749,True
4,titan_019467,0,134999.97131049843,False
4,titan_019497,1,1470605.8345393275,False
4,titan_019498,1,1514899.1542084161,False
4,titan_019499,1,1559220.376219355,False
4,titan_019500,0,1603567.0217504296,False
4,titan_019501,0,1647936.8268073748,False
4,titan_019502,0,1692327.8853745654,False
4,titan_019503,0,1736738.355332366,False
4,titan_019504,2,1781166.6108896125,False
4,titan_019505,0,1825611.1774128547,False
4,titan_019506,1,1870070.7134176025,False
4,titan_019507,2,1914543.9506907011,False
4,titan_019508,1,1959029.8581861837,False
4,titan_019509,0,2003527.3643320214,False
4,titan_019510,0,2048035.524163536,False
4,titan_019824,0,45000.01016333025,True
4,titan_019825,0,90000.01440263102,True
4,titan_019826,0,131551.4001947103,False
4,titan_019827,0,174498.86036745828,False
4,titan_019828,0,218267.20642557184,False
4,titan_019829,0,262446.0132372774,False
4,titan_019857,1,1510909.6991198722,False
4,titan_019858,1,1555009.794645739,False
4,titan_019859,2,1599147.620412086,False
4,titan_019860,0,1643320.080793299,False
4,titan_019861,0,1687524.2736983434,False
4,titan_019862,0,1731757.6255635028,False
4,titan_019863,0,1776017.7680475477,False
4,titan_019864,1,1820302.684604221,False
4,titan_019865,1,1864610.419626497,False
4,titan_019866,1,1908939.2327078127,False
4,titan_019867,0,1953287.490869239,False
4,titan_019868,2,1997653.82873531,False
4,titan_019869,0,2042036.8683618207,False
4,titan_020184,0,94056.56625657273,True
4,titan_020185,0,135284.99252440283,False
4,titan_020186,0,178340.41358248433,False
4,titan_020187,0,222163.12687742253,False
4,titan_020188,0,266374.6964074661,False
4,titan_020189,0,309465.9497867476,False
4,titan_020190,0,352736.46193997294,False
4,titan_020191,1,396385.84372189315,False
4,titan_020216,0,1512479.4934555462,False
4,titan_020217,0,1556330.8319842478,False
4,titan_020218,0,1600234.091270338,False
4,titan_020219,0,1644184.9964102863,False
4,titan_020220,0,1688179.7088893272,False
4,titan_020221,0,1732214.77211838,False
4,titan_020222,1,1776287.0648370548,False
4,titan_020223,1,1820393.7610987409,False
4,titan_020224,1,1864532.2957856092,False
4,titan_020225,1,1908700.3347877453,False
4,titan_020226,1,1952895.7491308516,False
4,titan_020227,0,1997116.5924587497,False
4,titan_020228,0,2041361.0813760888,False
4,titan_020229,0,2085627.5782375922,False
4,titan_020545,0,191573.14931923794,False
4,titan_020546,0,232248.96183540788,False
4,titan_020547,0,274274.1776418627,False
4,titan_020548,0,317112.7326193932,False
4,titan_020549,1,360474.7234814666,False
4,titan_020550,1,404191.7874446071,False
4,titan_020551,1,448159.94530057465,False
4,titan_020552,1,491434.80070558045,False
4,titan_020553,1,534818.7762667853,False
4,titan_020575,2,1512887.6851155988,False
4,titan_020576,1,1557682.7373403427,False
4,titan_020577,0,1602487.4447475537,False
4,titan_020578,0,1647300.9160198362,False
4,titan_020579,0,1692122.5229326691,False
4,titan_020580,1,1736951.5315256172,False
4,titan_020581,1,1781787.4509549462,False
4,titan_020582,1,1825832.276769815,False
4,titan_020583,1,1869786.9698862478,False
4,titan_020584,1,1913780.493730352,False
4,titan_020585,1,1957810.0829144886,False
4,titan_020586,0,2001873.3375543572,False
4,titan_020587,0,2045967.890593796,False
4,titan_020588,0,2090091.7380317184,False
4,titan_020908,1,374766.3141998595,False
4,titan_020909,1,417053.07714211545,False
4,titan_020910,1,459853.61301130767,False
4,titan_020911,1,503036.79364103294,False
4,titan_020912,1,546511.9616351112,False
4,titan_020913,1,590214.5166585672,False
4,titan_020914,1,634097.4762330287,False
4,titan_020934,1,1518364.3083525249,False
4,titan_020935,2,1563035.3740532899,False
4,titan_020936,1,1607723.5325865352,False
4,titan_020937,1,1652427.431568989,False
4,titan_020938,1,1697145.731034559,False
4,titan_020939,1,1741877.3525877662,False
4,titan_020940,1,1786621.2849643747,False
4,titan_020941,1,1831376.6150738734,False
4,titan_020942,1,1876142.5163399638,False
4,titan_020943,1,1920918.2386585432,False
4,titan_020944,1,1965177.9435790672,False
4,titan_020945,1,2008983.3578831383,False
4,titan_020946,0,2052827.7787228315,False
4,titan_020947,0,2096708.6115096763,False
4,titan_021269,1,479269.73549745267,False
4,titan_021270,1,521257.0478890332,False
4,titan_021271,1,563710.6834016094,False
4,titan_021272,1,606532.8048618535,False
4,titan_021273,1,649650.5140993894,False
4,titan_021274,1,693008.5956544427,False
4,titan_021293,1,1522646.238056966,False
4,titan_021294,1,1566156.1375061686,False
4,titan_021295,1,1609732.3930786122,False
4,titan_021296,1,1653369.5650436406,False
4,titan_021297,1,1697062.75553909,False
4,titan_021298,1,1740807.6732235213,False
4,titan_021299,1,1784600.3145218585,False
4,titan_021300,1,1828437.045096814,False
4,titan_021301,1,1872314.6888480347,False
4,titan_021302,1,1916230.2285179342,False
4,titan_021303,2,1960180.904747816,False
4,titan_021304,1,2004164.3199051456,False
4,titan_021305,1,2048178.1503902334,False
4,titan_021306,1,2092220.2566524358,False
4,titan_021317,1,2578090.674948342,False
4,titan_021318,1,2622355.863430102,False
4,titan_021319,2,2666632.6659944374,False
4,titan_021630,1,587659.8360049728,False
4,titan_021631,1,629497.4766063442,False
4,titan_021632,1,671237.6361986028,False
4,titan_021633,1,711070.2645906877,False
4,titan_021634,1,751456.8614424571,False
4,titan_021635,1,792312.5398975821,False
4,titan_021651,1,1476952.211759521,False
4,titan_021652,1,1520690.6746789364,False
4,titan_021653,1,1564484.198090602,False
4,titan_021654,1,1608328.1054704513,False
4,titan_021655,1,1652218.1609414762,False
4,titan_021656,1,1696150.6828527541,False
4,titan_021657,1,1740122.228528335,False
4,titan_021658,1,1784129.7243509574,False
4,titan_021659,1,1828170.3833173586,False
4,titan_021660,1,1872241.6276909271,False
4,titan_021661,1,1916341.2360024992,False
4,titan_021662,1,1960467.054186266,False
4,titan_021663,1,2004617.1495562014,False
4,titan_021664,1,2048789.7477669637,False
4,titan_021665,1,2092983.2160839532,False
4,titan_021666,1,2137196.0045670033,False
4,titan_021675,1,2535782.8057260946,False
4,titan_021676,1,2580126.712348406,False
4,titan_021677,1,2624478.99626245,False
4,titan_021678,1,2668838.9381700614,False
4,titan_021679,2,2713205.897764041,False
4,titan_021680,2,2757579.266360455,False
4,titan_021681,1,2801958.419765942,False
4,titan_021990,1,621999.1841441467,False
4,titan_021991,1,662610.0508303208,False
4,titan_021992,1,703724.2107106121,False
4,titan_021993,1,745258.2854759395,False
4,titan_021994,1,787145.5661969483,False
4,titan_021995,1,829332.4459839504,False
4,titan_022010,1,1480256.4677000656,False
4,titan_022011,1,1524268.0746033902,False
4,titan_022012,1,1568319.15275789,False
4,titan_022013,1,1612406.3417490148,False
4,titan_022014,1,1656526.4618404426,False
4,titan_022015,1,1700676.819681279,False
4,titan_022016,1,1744854.817578099,False
4,titan_022017,1,1789058.2721524565,False
4,titan_022018,1,1833285.0335209668,False
4,titan_022019,1,1877533.313060607,False
4,titan_022020,1,1921801.3094964423,False
4,titan_022021,1,1966087.5431850385,False
4,titan_022022,1,2010390.4870895091,False
4,titan_022023,1,2054708.9058026543,False
4,titan_022024,1,2099041.4900266062,False
4,titan_022033,1,2498511.7788321837,False
4,titan_022034,1,2542935.616325438,False
4,titan_022035,1,2587364.6087009963,False
4,titan_022036,1,2631798.282667098,False
4,titan_022037,1,2676236.0143863717,False
4,titan_022038,1,2720677.381162478,False
4,titan_022039,2,2765121.804806804,False
4,titan_022040,0,2809568.903812078,False
4,titan_022041,0,2854018.137042205,False
4,titan_022350,1,661002.0914526609,False
4,titan_022351,1,703270.5701215524,False
4,titan_022352,1,745831.1657967756,False
4,titan_022353,1,788636.3135237655,False
4,titan_022354,1,831648.0913026244,False
4,titan_022355,1,874835.8226185892,False
4,titan_022356,1,918174.476659988,False
4,titan_022369,1,1489194.5756028753,False
4,titan_022370,1,1533446.9448929373,False
4,titan_022371,1,1577725.4764125503,False
4,titan_022372,1,1622027.6994062418,False
4,titan_022373,1,1666351.5180930921,False
4,titan_022374,1,1710695.003997772,False
4,titan_022375,1,1755056.4574514006,False
4,titan_022376,1,1799434.2081220308,False
4,titan_022377,1,1843826.8603553083,False
4,titan_022378,1,1888233.0997010008,False
4,titan_022379,1,1932651.7224750556,False
4,titan_022380,1,1977081.6673357491,False
4,titan_022381,1,2021521.8273676578,False
4,titan_022382,1,2065971.3058002163,False
4,titan_022383,1,2110429.230697548,False
4,titan_022390,1,2421809.4975998825,False
4,titan_022391,1,2466309.8002709406,False
4,titan_022392,1,2510812.827667528,False
4,titan_022393,1,2555318.1027943436,False
4,titan_022394,0,2599825.2136291475,False
4,titan_022395,0,2644333.6337386467,False
4,titan_022396,0,2688842.986086189,False
4,titan_022397,0,2733352.8640148696,False
4,titan_022398,2,2777862.8738765656,False
4,titan_022399,2,2822372.677796484,False
4,titan_022400,0,2866881.8150434564,False
4,titan_022707,1,623751.9281436489,False
4,titan_022708,1,666773.1003568396,False
4,titan_022709,1,710013.6902952307,False
4,titan_022710,1,753435.6971757346,False
4,titan_022711,1,797009.2432595928,False
4,titan_022712,1,840710.5365194422,False
4,titan_022713,1,884520.4098344566,False
4,titan_022714,1,928423.2571729664,False
4,titan_022715,1,972406.2476504098,False
4,titan_022726,1,1459373.533751077,False
4,titan_022727,1,1503814.5641910627,False
4,titan_022728,1,1548272.4782744988,False
4,titan_022729,1,1592745.5437717705,False
4,titan_022730,1,1637232.2446258294,False
4,titan_022731,1,1681731.2138940545,False
4,titan_022732,1,1726241.2143426226,False
4,titan_022733,1,1770761.1219291205,False
4,titan_022734,1,1815289.911682363,False
4,titan_022735,1,1859826.645581138,False
4,titan_022736,1,1904370.4621071613,False
4,titan_022737,1,1948920.5672061264,False
4,titan_022738,1,1993476.182156866,False
4,titan_022739,1,2038036.7138481578,False
4,titan_022740,1,2082601.4831227027,False
4,titan_022741,1,2127169.8966324516,False
4,titan_022747,1,2394627.8508740747,False
4,titan_022748,1,2439207.754300959,False
4,titan_022749,1,2483787.6357781035,False
4,titan_022750,0,2528367.0746198525,False
4,titan_022751,0,2572945.706926815,False
4,titan_022752,0,2617523.1797144758,False
4,titan_022753,0,2662099.1494763303,False
4,titan_022754,0,2706673.2808626383,False
4,titan_022755,0,2751245.245460189,False
4,titan_022756,0,2795814.720660329,False
4,titan_022757,0,2840381.388603976,False
4,titan_022758,0,2884944.935193578,False
4,titan_022759,0,2928804.0579547156,False
4,titan_023066,1,680115.079874047,False
4,titan_023067,1,724111.1828848163,False
4,titan_023068,1,768203.0079602054,False
4,titan_023069,1,812374.7068039145,False
4,titan_023070,1,856613.6578760495,False
4,titan_023071,1,900909.6856474633,False
4,titan_023072,1,945254.4948022258,False
4,titan_023073,1,989641.2537187724,False
4,titan_023074,1,1034064.2834201411,False
4,titan_023081,1,1345718.6795617796,False
4,titan_023082,1,1390308.055104364,False
4,titan_023083,1,1434908.6985503947,False
4,titan_023084,1,1479519.2828973383,False
4,titan_023085,1,1524138.6237292786,False
4,titan_023086,0,1568765.6587018932,False
4,titan_023087,0,1613399.4303980712,False
4,titan_023088,1,1658039.0719229914,False
4,titan_023089,1,1702683.7947386394,False
4,titan_023090,1,1747332.878339122,False
4,titan_023091,1,1791985.6614468764,False
4,titan_023092,1,1836641.534471645,False
4,titan_023093,1,1881299.9330227517,False
4,titan_023094,1,1925960.332303712,False
4,titan_023095,1,1970622.242249073,False
4,titan_023096,1,2015285.203287937,False
4,titan_023097,1,2059948.7826385892,False
4,titan_023098,1,2104612.5710546966,False
4,titan_023099,1,2149276.179956717,False
4,titan_023103,1,2327921.637580636,False
4,titan_023104,1,2372579.080579681,False
4,titan_023105,1,2417234.322120278,False
4,titan_023106,1,2461887.060554033,False
4,titan_023107,1,2506537.0006469507,False
4,titan_023108,0,2551183.8524653343,False
4,titan_023109,0,2595827.3303494523,False
4,titan_023110,0,2640467.1519630235,False
4,titan_023111,0,2685017.9659125945,False
4,titan_023112,2,2728399.7076858697,False
4,titan_023113,2,2771788.249293606,False
4,titan_023114,2,2815182.3076315555,False
4,titan_023115,0,2858580.643023785,False
4,titan_023116,0,2901982.0546643217,False
4,titan_023117,0,2945385.376389541,False
4,titan_023421,1,612138.0812640581,False
4,titan_023422,1,656560.9606002233,False
4,titan_023423,1,701040.6301191861,False
4,titan_023424,1,745566.5512786597,False
4,titan_023425,1,790130.6879449275,False
4,titan_023426,1,834726.5374077162,False
4,titan_023427,1,879349.0523088904,False
4,titan_023428,1,923993.980325632,False
4,titan_023429,1,968657.9502548034,False
4,titan_023430,1,1013338.17511942,False
4,titan_023431,1,1058032.1963122906,False
4,titan_023432,1,1102738.0998171908,False
4,titan_023433,1,1147454.0906564398,False
4,titan_023434,1,1192178.791218803,False
4,titan_023435,1,1236910.8435655108,False
4,titan_023436,1,1281649.228995086,False
4,titan_023437,1,1326392.8862566957,False
4,titan_023438,1,1371140.9992547154,False
4,titan_023439,1,1415892.8461814977,False
4,titan_023440,1,1460647.6518621058,False
4,titan_023441,1,1505404.88566303,False
4,titan_023442,1,1550163.8970632635,False
4,titan_023443,0,1594924.2616451802,False
4,titan_023444,1,1639685.4196602579,False
4,titan_023445,1,1684447.0245018685,False
4,titan_023446,1,1729208.5832583525,False
4,titan_023447,1,1773969.8068407846,False
4,titan_023448,1,1818730.251889131,False
4,titan_023449,1,1863489.6277217276,False
4,titan_023450,1,1908247.6606841031,False
4,titan_023451,1,1953003.9588733246,False
4,titan_023452,1,1997758.3201422421,False
4,titan_023453,1,2042510.3758918855,False
4,titan_023454,1,2087259.943815347,False
4,titan_023455,1,2132006.672119078,False
4,titan_023458,1,2266227.586413148,False
4,titan_023459,1,2310960.6569378613,False
4,titan_023460,1,2355689.646369103,False
4,titan_023461,1,2400414.403190411,False
4,titan_023462,1,2445134.599700326,False
4,titan_023463,0,2488681.6259907307,False
4,titan_023464,1,2532153.8952890225,False
4,titan_023465,0,2575633.8580194334,False
4,titan_023466,0,2619120.075926007,False
4,titan_023467,0,2662611.3370147008,False
4,titan_023468,0,2706106.305660866,False
4,titan_023469,0,2749603.8187965467,False
4,titan_023470,0,2793102.75207922,False
4,titan_023471,0,2836601.8863769453,False
4,titan_023472,0,2880100.2051132903,False
4,titan_023473,0,2923596.5461081346,False
4,titan_023474,2,2967089.942500524,False
4,titan_023763,0,44999.957021011265,True
4,titan_023764,0,70295.8025894239,True
4,titan_023765,0,108695.01404585941,False
4,titan_023766,1,150752.96514055209,False
4,titan_023767,1,194105.60660061112,False
4,titan_023768,1,238046.35932378983,False
4,titan_023769,1,282300.42423704045,False
4,titan_023770,1,326740.31046185823,False
4,titan_023771,1,371298.9851717075,False
4,titan_023772,1,415937.93170321407,False
4,titan_023773,1,460633.58477306535,False
4,titan_023774,1,505370.55652572593,False
4,titan_023775,1,550138.4075796665,False
4,titan_023776,1,594929.9256738303,False
4,titan_023777,1,639739.780742359,False
4,titan_023778,1,684563.999701115,False
4,titan_023779,1,729399.6830789056,False
4,titan_023780,1,774244.4673692068,False
4,titan_023781,1,819096.4747315989,False
4,titan_023782,1,863954.3196980087,False
4,titan_023783,1,908816.7545687389,False
4,titan_023784,1,953682.7383477336,False
4,titan_023785,1,998551.5229348945,False
4,titan_023786,1,1043422.3526569979,False
4,titan_023787,1,1088294.5709990794,False
4,titan_023788,2,1133167.7335586215,False
4,titan_023789,1,1178041.3268179672,False
4,titan_023790,1,1222914.8889992663,False
4,titan_023791,1,1267788.133465334,False
4,titan_023792,1,1312660.6753264514,False
4,titan_023793,1,1357532.158256513,False
4,titan_023794,1,1402402.3824476951,False
4,titan_023795,1,1447271.034764647,False
4,titan_023796,1,1492137.818320023,False
4,titan_023797,1,1537002.5825866784,False
4,titan_023798,1,1581865.0553061913,False
4,titan_023799,1,1626724.9734335167,False
4,titan_023800,1,1671582.2143355084,False
4,titan_023801,1,1716436.528638173,False
4,titan_023802,1,1761287.671884341,False
4,titan_023803,1,1806135.5363004762,False
4,titan_023804,1,1850979.8841861703,False
4,titan_023805,1,1895820.5242203763,False
4,titan_023806,1,1940657.222188148,False
4,titan_023807,1,1985489.877389479,False
4,titan_023808,1,2030318.2564538794,False
4,titan_023809,1,2075142.125621078,False
4,titan_023810,1,2119961.3829890545,False
4,titan_023811,1,2164769.2156920894,False
4,titan_023812,1,2209180.3840113967,False
4,titan_023813,1,2252825.453867471,False
4,titan_023814,1,2296393.7789792377,False
4,titan_023815,1,2339971.8173397244,False
4,titan_023816,1,2383558.156771395,False
4,titan_023817,1,2427151.329769862,False
4,titan_023818,5,2470749.9349199734,False
4,titan_023819,5,2514352.759161448,False
4,titan_023820,2,2557958.5132682016,False
4,titan_023821,0,2601565.955273012,False
4,titan_023822,0,2645174.0144404317,False
4,titan_023823,0,2688781.528190022,False
4,titan_023824,0,2732387.3668814916,False
4,titan_023825,0,2775990.558930586,False
4,titan_023826,0,2819590.0287681674,False
4,titan_023827,0,2863184.7225398826,False
4,titan_023828,0,2906773.7339728745,False
4,titan_023829,2,2950356.0431036884,False
4,titan_023830,2,2993930.6425759215,False
4,titan_024118,0,45000.0000273379,True
4,titan_024119,0,89999.90090177828,True
4,titan_024120,1,134999.5591079667,False
4,titan_024121,1,179998.96391629762,False
4,titan_024122,1,224997.97150891105,False
4,titan_024123,1,269996.4378272448,False
4,titan_024124,1,314994.35141221393,False
4,titan_024125,1,359991.5675363272,False
4,titan_024126,1,404987.9410478671,False
4,titan_024127,1,449983.45920217095,False
4,titan_024128,1,494977.9315078585,False
4,titan_024129,1,539971.3440471712,False
4,titan_024130,1,584963.5493291138,False
4,titan_024131,1,629954.399120527,False
4,titan_024132,1,674943.877254751,False
4,titan_024133,1,719931.8338026515,False
4,titan_024134,1,764918.1178911445,False
4,titan_024135,1,809902.7104935485,False
4,titan_024136,1,854885.414339173,False
4,titan_024137,1,899866.208138644,False
4,titan_024138,1,944844.9365063333,False
4,titan_024139,1,989821.4427499877,False
4,titan_024140,1,1034795.7016219142,False
4,titan_024141,1,1079767.5535625825,False
4,titan_024142,1,1124736.837467706,False
4,titan_024143,1,1169703.5234105724,False
4,titan_024144,1,1214667.4026562083,False
4,titan_024145,1,1259628.4417298492,False
4,titan_024146,1,1304586.4724500782,False
4,titan_024147,1,1349541.3246492129,False
4,titan_024148,1,1394492.9588375217,False
4,titan_024149,1,1439441.2005546682,False
4,titan_024150,1,1484385.8730560595,False
4,titan_024151,1,1529326.9299357,False
4,titan_024152,0,1574264.1452888285,False
4,titan_024153,1,1619197.4675534135,False
4,titan_024154,1,1664126.7096980994,False
4,titan_024155,1,1709051.6818406999,False
4,titan_024156,1,1753972.3237899896,False
4,titan_024157,1,1798653.6098230078,False
4,titan_024158,1,1843191.0794198422,False
4,titan_024159,1,1887727.9878470385,False
4,titan_024160,1,1932263.6297674382,False
4,titan_024161,1,1976797.5067674061,False
4,titan_024162,1,2020703.2009292394,False
4,titan_024163,1,2064381.1946753664,False
4,titan_024164,1,2108071.032914859,False
4,titan_024165,1,2151770.990547461,False
4,titan_024166,1,2195479.4420846277,False
4,titan_024167,1,2239194.9800359434,False
4,titan_024168,0,2282916.147138116,False
4,titan_024169,1,2326641.5568555985,False
4,titan_024170,5,2370370.014865087,False
4,titan_024171,5,2414100.210801509,False
4,titan_024172,5,2457831.0564180887,False
4,titan_024173,5,2501561.3785736375,False
4,titan_024174,5,2545290.04325756,False
4,titan_024175,0,2589016.0800582897,False
4,titan_024176,0,2632738.4195714174,False
4,titan_024177,2,2676456.018632623,False
4,titan_024178,2,2720167.9857914764,False
4,titan_024179,0,2763873.276684347,False
4,titan_024180,0,2807571.035180004,False
4,titan_024181,0,2851260.2892492106,False
4,titan_024182,0,2894940.077347383,False
4,titan_024184,0,2981729.17157819,False
4,titan_024185,2,3022148.1243493105,False
4,titan_024471,1,44999.94375607213,True
4,titan_024472,1,89999.8103458034,True
4,titan_024473,1,134999.434200415,False
4,titan_024474,1,179998.69376765404,False
4,titan_024475,1,224716.84295885297,False
4,titan_024476,1,269025.25239660376,False
4,titan_024477,1,313550.1973941692,False
4,titan_024478,1,358210.55770373845,False
4,titan_024479,1,402960.94333644153,False
4,titan_024480,1,447773.98679810774,False
4,titan_024481,1,492632.2045006121,False
4,titan_024482,1,537523.8514494357,False
4,titan_024483,1,582440.87882413,False
4,titan_024484,1,627377.3982295886,False
4,titan_024485,1,672329.0937874694,False
4,titan_024486,1,717292.7000520459,False
4,titan_024487,1,762265.6483826138,False
4,titan_024488,1,807246.0371254066,False
4,titan_024489,1,852232.2255627016,False
4,titan_024490,1,897222.911597558,False
4,titan_024491,1,942217.0170030385,False
4,titan_024492,1,987213.591896565,False
4,titan_024493,1,1032211.9534128462,False
4,titan_024494,1,1077211.3922455693,False
4,titan_024495,1,1122211.32762178,False
4,titan_024496,1,1167211.2464583952,False
4,titan_024497,1,1212210.6903684193,False
4,titan_024498,0,1257040.3333985892,False
4,titan_024499,0,1301711.1063305447,False
4,titan_024500,1,1346384.7031197385,False
4,titan_024501,1,1391060.2257383803,False
4,titan_024502,1,1435736.8616101705,False
4,titan_024503,1,1480413.826259539,False
4,titan_024504,2,1525090.5275358465,False
4,titan_024505,2,1569766.2932361194,False
4,titan_024506,2,1614440.5387111446,False
4,titan_024507,2,1659112.7164590948,False
4,titan_024508,0,1703782.3105649706,False
4,titan_024509,0,1748409.3316273114,False
4,titan_024510,1,1792196.8014392569,False
4,titan_024511,1,1836000.0324879617,False
4,titan_024512,1,1879816.9652918328,False
4,titan_024513,1,1923645.692677062,False
4,titan_024514,1,1967484.3988944017,False
4,titan_024515,1,2011331.5161313817,False
4,titan_024516,1,2055185.4526912507,False
4,titan_024517,1,2099044.753057476,False
4,titan_024518,1,2142908.044258993,False
4,titan_024519,1,2186773.9834163836,False
4,titan_024520,1,2230641.4215941685,False
4,titan_024521,1,2274509.1380394544,False
4,titan_024522,5,2318376.005716886,False
4,titan_024523,5,2362240.9422687427,False
4,titan_024524,5,2406102.9046157557,False
4,titan_024525,5,2449960.8410309427,False
4,titan_024526,5,2493813.858872676,False
4,titan_024527,5,2537660.962276946,False
4,titan_024528,0,2581501.220631747,False
4,titan_024529,0,2625333.722125392,False
4,titan_024530,0,2669157.5275952113,False
4,titan_024531,1,2712971.8396401275,False
4,titan_024532,0,2756775.741838731,False
4,titan_024533,1,2800568.3682493987,False
4,titan_024534,1,2844254.3459365102,False
4,titan_024535,1,2884793.3439292195,False
4,titan_024538,1,3006443.646444271,False
4,titan_024823,1,45000.00749382366,True
4,titan_024824,1,89999.82506189073,True
4,titan_024825,1,134999.3507148537,False
4,titan_024826,1,179998.4382733818,False
4,titan_024827,1,224996.9853022924,False
4,titan_024828,1,269994.7569776347,False
4,titan_024829,1,314991.6500632233,False
4,titan_024830,1,359591.86122682627,False
4,titan_024831,1,404188.8567298143,False
4,titan_024832,2,448847.0051571166,False
4,titan_024833,1,493549.18714172626,False
4,titan_024834,1,538283.9153994739,False
4,titan_024835,1,583043.0519224387,False
4,titan_024836,1,627820.8338856081,False
4,titan_024837,1,672612.9535058783,False
4,titan_024838,1,717416.1784023613,False
4,titan_024839,1,762227.8732583454,False
4,titan_024840,1,807046.0603207976,False
4,titan_024841,1,851869.1492452254,False
4,titan_024842,1,896695.7083044029,False
4,titan_024843,0,941524.6578754565,False
4,titan_024844,1,986355.0444357595,False
4,titan_024845,1,1031186.0907583241,False
4,titan_024846,1,1076016.9923608426,False
4,titan_024847,1,1120847.1591474055,False
4,titan_024848,1,1165676.0234881472,False
4,titan_024849,5,1210503.11501564,False
4,titan_024850,2,1255327.8750888708,False
4,titan_024851,0,1300149.911758784,False
4,titan_024852,1,1344968.8617168355,False
4,titan_024853,1,1389784.2535178852,False
4,titan_024854,1,1434595.7662672538,False
4,titan_024855,2,1479365.4383532994,False
4,titan_024856,2,1523273.8341704789,False
4,titan_024857,2,1567202.467080521,False
4,titan_024858,2,1611148.7596337406,False
4,titan_024859,2,1655110.3748214135,False
4,titan_024860,0,1699085.055187858,False
4,titan_024861,0,1743070.8537067967,False
4,titan_024862,0,1787065.9386095316,False
4,titan_024863,1,1831068.6594797352,False
4,titan_024864,1,1875077.3578938327,False
4,titan_024865,1,1919090.610738508,False
4,titan_024866,1,1963107.0450994752,False
4,titan_024867,1,2007125.4130214613,False
4,titan_024868,2,2051144.4093659834,False
4,titan_024869,1,2095162.9213864724,False
4,titan_024870,1,2139179.891845963,False
4,titan_024872,1,2227204.8288815604,False
4,titan_024873,1,2271210.8574840967,False
4,titan_024874,5,2315211.3721047775,False
4,titan_024875,5,2359205.374718151,False
4,titan_024876,5,2403192.020205994,False
4,titan_024877,5,2447170.440576851,False
4,titan_024878,5,2491139.827683184,False
4,titan_024879,5,2535099.258164372,False
4,titan_024880,5,2579047.9486630126,False
4,titan_024881,0,2622985.1241573337,False
4,titan_024882,1,2666909.8866597232,False
4,titan_024883,1,2710590.997690687,False
4,titan_024884,1,2751262.493380855,False
4,titan_024885,1,2791943.7363638235,False
4,titan_024886,1,2832631.6384339468,False
4,titan_024887,1,2873323.3144369144,False
4,titan_025174,1,44999.94343751052,True
4,titan_025175,1,89999.75775803038,True
4,titan_025176,1,134999.22604481765,False
4,titan_025177,1,179998.13117228518,False
4,titan_025178,1,224996.38723772284,False
4,titan_025179,5,269993.77637784247,False
4,titan_025180,5,314990.0802048971,False
4,titan_025181,0,359985.2112269251,False
4,titan_025182,0,404978.94967747614,False
4,titan_025183,1,449971.0749440323,False
4,titan_025184,1,494961.4969708704,False
4,titan_025185,1,539949.9492749148,False
4,titan_025186,1,584936.3395358323,False
4,titan_025187,1,629920.4426250457,False
4,titan_025188,1,674902.0320082342,False
4,titan_025189,1,719881.0111058668,False
4,titan_025190,1,764857.1501972709,False
4,titan_025191,1,809830.2177994947,False
4,titan_025192,2,854800.1119940435,False
4,titan_025193,0,899766.5535609057,False
4,titan_025194,1,944729.4363918714,False
4,titan_025195,1,989688.5206480827,False
4,titan_025196,1,1034643.5640853978,False
4,titan_025197,1,1079594.4533098626,False
4,titan_025198,1,1124540.9408146762,False
4,titan_025199,1,1169418.7390300124,False
4,titan_025200,5,1213433.3703256526,False
4,titan_025201,0,1257477.4319177633,False
4,titan_025202,1,1301546.9299991839,False
4,titan_025203,1,1345638.4735435427,False
4,titan_025204,1,1389748.8982088794,False
4,titan_025205,1,1433875.54826596,False
4,titan_025206,2,1478015.9249146124,False
4,titan_025207,2,1522167.7730060904,False
4,titan_025208,0,1566329.1750206847,False
4,titan_025209,0,1610498.26347684,False
4,titan_025210,0,1654673.325129064,False
4,titan_025211,0,1698852.9090976357,False
4,titan_025212,0,1743035.507646313,False
4,titan_025213,0,1787219.8852407988,False
4,titan_025214,1,1831404.7640366298,False
4,titan_025215,1,1875588.9416640273,False
4,titan_025216,1,1919771.4105308764,False
4,titan_025217,1,1963951.0909209151,False
4,titan_025218,1,2008126.9526505475,False
4,titan_025219,1,2052298.1375869862,False
4,titan_025220,1,2096463.6955525654,False
4,titan_025221,1,2140622.7083132346,False
4,titan_025223,1,2228917.901971769,False
4,titan_025224,1,2273052.4529458005,False
4,titan_025225,5,2317177.234860911,False
4,titan_025226,5,2361291.4287512484,False
4,titan_025227,5,2405394.354906468,False
4,titan_025228,5,2449485.2124102935,False
4,titan_025229,5,2493563.2057857066,False
4,titan_025230,5,2537627.671595809,False
4,titan_025231,0,2580687.0497437757,False
4,titan_025232,0,2621504.6482640067,False
4,titan_025233,1,2662333.8782559,False
4,titan_025238,1,2866548.3741316698,False
4,titan_025242,1,3026146.7321563186,False
4,titan_025243,1,3065384.094565329,False
4,titan_025523,1,44999.962082153885,True
4,titan_025524,1,68406.43496280178,True
4,titan_025525,1,106579.92038264239,True
4,titan_025526,1,148679.94872661756,False
4,titan_025527,1,192142.18655748383,False
4,titan_025528,1,236215.3263846136,False
4,titan_025529,5,280611.12647467194,False
4,titan_025530,5,325196.8722021989,False
4,titan_025531,0,369903.27053970547,False
4,titan_025532,0,414690.6693421033,False
4,titan_025533,1,459534.7385918335,False
4,titan_025534,1,504419.70454902574,False
4,titan_025535,1,549334.872055098,False
4,titan_025536,1,594272.7129154999,False
4,titan_025537,1,639227.7996217933,False
4,titan_025538,1,684195.9563834253,False
4,titan_025539,1,729174.0949655815,False
4,titan_025540,1,774131.6137822898,False
4,titan_025541,1,818137.666326416,False
4,titan_025542,0,862205.7146459663,False
4,titan_025543,1,906325.7637842051,False
4,titan_025544,0,950489.610546483,False
4,titan_025545,1,994690.4493026048,False
4,titan_025546,1,1038922.5767680538,False
4,titan_025547,1,1083181.1680380122,False
4,titan_025548,1,1127462.1476279267,False
4,titan_025549,1,1171761.884114828,False
4,titan_025550,1,1216077.3433306431,False
4,titan_025551,1,1260405.8336763575,False
4,titan_025552,1,1304744.9829532476,False
4,titan_025553,2,1349092.6851246709,False
4,titan_025554,2,1393447.0571242278,False
4,titan_025555,1,1437806.4035589576,False
4,titan_025556,1,1482169.1876653451,False
4,titan_025557,0,1526534.007253818,False
4,titan_025558,0,1570899.6177132805,False
4,titan_025559,1,1615264.7429890316,False
4,titan_025560,0,1659628.3197278243,False
4,titan_025561,0,1703989.3130448554,False
4,titan_025562,0,1748346.749327628,False
4,titan_025563,2,1792699.7074503007,False
4,titan_025564,2,1837047.3112025433,False
4,titan_025565,0,1881388.7227306124,False
4,titan_025566,1,1925723.1368253373,False
4,titan_025567,2,1970049.7759212933,False
4,titan_025568,0,2014367.8856950332,False
4,titan_025569,0,2058676.7741626655,False
4,titan_025570,1,2102975.6362298257,False
4,titan_025571,0,2147263.808577189,False
4,titan_025573,1,2235805.306202778,False
4,titan_025574,1,2280057.2588456636,False
4,titan_025575,1,2324295.7720742724,False
4,titan_025576,5,2368520.1662418335,False
4,titan_025577,5,2412729.760956615,False
4,titan_025578,5,2454496.710095757,False
4,titan_025579,5,2495474.9922698475,False
4,titan_025580,0,2536466.447525262,False
4,titan_025589,1,2902746.2933871644,False
4,titan_025592,0,3020930.089367166,False
4,titan_025871,1,44999.93918352581,True
4,titan_025872,1,88161.22451752622,True
4,titan_025873,1,128821.1553931024,False
4,titan_025874,1,171604.61785382833,False
4,titan_025875,1,212116.23146857327,False
4,titan_025876,1,253380.57199992664,False
4,titan_025877,0,295668.936791963,False
4,titan_025878,0,338597.1113991162,False
4,titan_025879,0,381948.5060185061,False
4,titan_025880,1,425593.0025181161,False
4,titan_025881,1,469447.8844271045,False
4,titan_025882,1,513458.39961714443,False
4,titan_025883,1,557586.6838897589,False
4,titan_025884,1,601805.9541987393,False
4,titan_025885,0,646096.4865254533,False
4,titan_025886,0,690443.6657359086,False
4,titan_025887,1,734836.1676792529,False
4,titan_025888,0,779265.3234975006,False
4,titan_025889,2,823724.1108724689,False
4,titan_025890,0,868207.0340303578,False
4,titan_025891,2,912709.4509624941,False
4,titan_025892,0,957227.6790696637,False
4,titan_025893,2,1001758.4760520326,False
4,titan_025894,0,1046299.2532187965,False
4,titan_025895,1,1090847.6323513235,False
4,titan_025896,1,1135401.7141249853,False
4,titan_025897,1,1179959.6750156796,False
4,titan_025898,0,1224520.0656115718,False
4,titan_025899,1,1269081.4297912782,False
4,titan_025900,2,1313642.6200428475,False
4,titan_025901,2,1358202.4296144329,False
4,titan_025902,1,1402759.9179031497,False
4,titan_025903,2,1447314.0504749648,False
4,titan_025904,1,1491864.0306130971,False
4,titan_025905,0,1536408.944290308,False
4,titan_025906,1,1580948.0955825748,False
4,titan_025907,0,1625480.6548674544,False
4,titan_025908,0,1670005.9967078776,False
4,titan_025909,1,1714523.3502237557,False
4,titan_025910,0,1759032.1385693115,False
4,titan_025911,2,1803531.6308192722,False
4,titan_025912,0,1848021.2824718468,False
4,titan_025913,1,1892500.3884285379,False
4,titan_025914,0,1936968.4241438522,False
4,titan_025915,0,1981424.6994249765,False
4,titan_025916,0,2025868.6999679152,False
4,titan_025917,1,2070299.7417966821,False
4,titan_025918,0,2114717.313001551,False
4,titan_025919,0,2159120.7286980627,False
4,titan_025920,2,2203509.472832644,False
4,titan_025921,0,2247882.8535818495,False
4,titan_025922,0,2290844.686161741,False
4,titan_025923,0,2331981.2268338697,False
4,titan_025924,0,2373135.7192066647,False
4,titan_025925,1,2414304.569897087,False
4,titan_025939,2,2980771.1709479364,False
4,titan_025940,0,3020288.2396713747,False
4,titan_026218,0,44999.940988700575,True
4,titan_026219,0,84836.0965398511,True
4,titan_026220,0,125173.09757211142,False
4,titan_026221,0,167835.75442345935,False
4,titan_026222,1,211420.10002329343,False
4,titan_026223,1,255454.02389863544,False
4,titan_026224,1,299738.50887403276,False
4,titan_026225,1,344175.9613549744,False
4,titan_026226,1,388713.02096379484,False
4,titan_026227,1,433317.93342534243,False
4,titan_026228,1,477970.7434623768,False
4,titan_026229,1,522658.21016695193,False
4,titan_026230,1,567371.0454186797,False
4,titan_026231,0,612102.685731052,False
4,titan_026232,0,656848.2814239219,False
4,titan_026233,1,701604.0214639993,False
4,titan_026234,1,746367.0413188549,False
4,titan_026235,0,791135.0621057407,False
4,titan_026236,2,835906.1038509611,False
4,titan_026237,0,880678.6341191351,False
4,titan_026238,0,925451.360928121,False
4,titan_026239,0,970223.0471285618,False
4,titan_026240,0,1014992.7271336996,False
4,titan_026241,1,1059759.546636275,False
4,titan_026242,1,1104522.6098631914,False
4,titan_026243,1,1149281.2197057172,False
4,titan_026244,0,1194034.7344283701,False
4,titan_026245,0,1238782.427459653,False
4,titan_026246,0,1283523.7367443633,False
4,titan_026247,0,1328258.1284896652,False
4,titan_026248,0,1372984.9623566028,False
4,titan_026249,1,1417703.7448073712,False
4,titan_026250,1,1462413.9960857416,False
4,titan_026251,0,1507115.1179788334,False
4,titan_026252,0,1551806.6489907056,False
4,titan_026253,2,1596488.1329456577,False
4,titan_026254,0,1641158.9880849607,False
4,titan_026255,0,1685818.763073662,False
4,titan_026256,2,1730467.0064856824,False
4,titan_026257,2,1775103.1366540757,False
4,titan_026258,1,1819726.6980139106,False
4,titan_026259,1,1864337.2311052908,False
4,titan_026260,1,1908934.1428866067,False
4,titan_026261,0,1953516.963141633,False
4,titan_026262,0,1998085.2148121858,False
4,titan_026263,1,2042638.284622257,False
4,titan_026264,0,2087175.6793858556,False
4,titan_026265,0,2130475.616834788,False
4,titan_026266,2,2171781.43248975,False
4,titan_026267,0,2213109.8204952544,False
4,titan_026268,0,2254456.980495802,False
4,titan_026284,0,2905244.343368247,False
4,titan_026285,0,2944938.070845637,False
4,titan_026286,0,2984607.4917863407,False
4,titan_026563,0,44999.960205727264,True
4,titan_026564,0,89999.61302861768,True
4,titan_026565,0,134998.65090008464,False
4,titan_026566,0,179996.7228291236,False
4,titan_026567,1,224993.60642003166,False
4,titan_026568,1,269988.9493773422,False
4,titan_026569,1,314982.4415240201,False
4,titan_026570,1,359973.72851685894,False
4,titan_026571,1,404962.5838329228,False
4,titan_026572,1,449948.6503082847,False
4,titan_026573,1,494931.61212537927,False
4,titan_026574,1,539911.1085391577,False
4,titan_026575,0,584886.9058091851,False
4,titan_026576,0,629858.6387970295,False
4,titan_026577,0,674825.9828996712,False
4,titan_026578,0,719788.5677920914,False
4,titan_026579,0,764746.149281245,False
4,titan_026580,0,809698.3509873434,False
4,titan_026581,2,854644.7932004199,False
4,titan_026582,2,899585.221639969,False
4,titan_026583,0,944519.2492159083,False
4,titan_026584,0,989446.5278095275,False
4,titan_026585,1,1034366.6620580904,False
4,titan_026586,1,1079279.3810116407,False
4,titan_026587,1,1124184.2800232677,False
4,titan_026588,1,1169080.9924075685,False
4,titan_026589,0,1213969.1032565709,False
4,titan_026590,0,1258848.3209465481,False
4,titan_026591,0,1303718.2191845002,False
4,titan_026592,1,1348578.408516326,False
4,titan_026593,0,1393428.4501789531,False
4,titan_026594,0,1438268.027427449,False
4,titan_026595,1,1483096.68776555,False
4,titan_026596,1,1527914.0142733715,False
4,titan_026597,0,1572719.5395003266,False
4,titan_026598,0,1617512.9165799462,False
4,titan_026599,0,1662293.661673435,False
4,titan_026600,2,1707061.2822594678,False
4,titan_026601,2,1751815.4051937317,False
4,titan_026602,2,1796555.519331863,False
4,titan_026603,1,1841281.1464597448,False
4,titan_026604,1,1885991.7552668646,False
4,titan_026605,0,1930686.932000784,False
4,titan_026606,0,1973320.0433042601,False
4,titan_026607,0,2014807.7592339418,False
4,titan_026608,0,2056322.7328174273,False
4,titan_026609,1,2097860.8147211,False
4,titan_026610,1,2139417.9750444465,False
4,titan_026628,0,2873609.7653014883,False
4,titan_026629,0,2913463.6193397823,False
4,titan_026630,0,2952448.2014914337,False
4,titan_026905,0,44999.95884873491,True
4,titan_026906,0,80601.72488241152,True
4,titan_026907,0,120694.98945021574,False
4,titan_026908,0,163430.9023333076,False
4,titan_026909,0,207179.639501806,False
4,titan_026910,0,251412.14243790865,False
4,titan_026911,1,295910.48056961567,False
4,titan_026912,1,340569.4853032925,False
4,titan_026913,1,385332.1835355255,False
4,titan_026914,1,430165.0471666822,False
4,titan_026915,1,475047.1442688049,False
4,titan_026916,0,519964.4908622793,False
4,titan_026917,0,564907.5749346965,False
4,titan_026918,0,609869.4775957171,False
4,titan_026919,0,654845.0688423256,False
4,titan_026920,0,699830.5615775681,False
4,titan_026921,0,744822.8877239194,False
4,titan_026922,0,789819.5845245533,False
4,titan_026923,0,834818.7589850853,False
4,titan_026924,0,879818.6742640181,False
4,titan_026925,0,924818.0114760298,False
4,titan_026926,0,969815.511572594,False
4,titan_026927,0,1014810.0608862345,False
4,titan_026928,0,1059800.7875023435,False
4,titan_026929,1,1104786.7372486182,False
4,titan_026930,1,1149767.1975231804,False
4,titan_026931,0,1194741.3831071097,False
4,titan_026932,0,1239708.5531895056,False
4,titan_026933,0,1284668.1306184365,False
4,titan_026934,0,1329619.3950727237,False
4,titan_026935,0,1374561.8193768992,False
4,titan_026936,0,1419494.7651722538,False
4,titan_026937,0,1464417.6072306167,False
4,titan_026938,0,1509329.8582613056,False
4,titan_026939,0,1554230.8668233512,False
4,titan_026940,0,1599120.1567647664,False
4,titan_026941,0,1643997.1259757322,False
4,titan_026942,0,1688861.1727616794,False
4,titan_026943,2,1733711.822221406,False
4,titan_026944,0,1777665.2250838722,False
4,titan_026945,1,1819312.5996334823,False
4,titan_026946,1,1860996.9194017372,False
4,titan_026947,0,1902713.1198319616,False
4,titan_026948,0,1944456.5936418138,False
4,titan_026949,0,1986222.875624267,False
4,titan_026950,0,2028007.9274836583,False
4,titan_026951,0,2069807.8305035532,False
4,titan_026952,1,2111618.878785641,False
4,titan_026970,0,2846366.753895682,False
4,titan_026971,0,2884138.8938955544,False
4,titan_026972,0,2914657.1660955246,False
4,titan_027246,0,44999.91107756457,True
4,titan_027247,0,75560.84612265066,True
4,titan_027248,0,114754.89898081048,False
4,titan_027249,0,157013.3632292204,False
4,titan_027250,0,200406.0131345822,False
4,titan_027251,0,244328.07779886966,False
4,titan_027252,0,288095.31874327693,False
4,titan_027253,1,331380.2975578906,False
4,titan_027254,1,375126.4425282263,False
4,titan_027255,1,419188.1641368388,False
4,titan_027256,1,463474.34340359096,False
4,titan_027257,0,507925.0198541743,False
4,titan_027258,0,552499.2050279352,False
4,titan_027259,0,597168.0527541492,False
4,titan_027260,0,641910.4426736456,False
4,titan_027261,0,686710.776495607,False
4,titan_027262,0,731557.0160249805,False
4,titan_027263,0,776439.9533945622,False
4,titan_027264,0,821352.148940512,False
4,titan_027265,0,866287.7705573597,False
4,titan_027266,0,911241.9000450562,False
4,titan_027267,0,956210.6183948275,False
4,titan_027268,0,1001190.5214022544,False
4,titan_027269,0,1046178.7083160493,False
4,titan_027270,0,1091172.8047862402,False
4,titan_027271,0,1136170.5848074672,False
4,titan_027272,0,1181170.2493557385,False
4,titan_027273,2,1226170.037392315,False
4,titan_027274,0,1271168.5282411987,False
4,titan_027275,0,1315905.1647314916,False
4,titan_027276,0,1360553.1329521602,False
4,titan_027277,0,1405189.0304381715,False
4,titan_027278,0,1449812.125715787,False
4,titan_027279,0,1494421.822477507,False
4,titan_027280,0,1539017.3610470146,False
4,titan_027281,0,1583598.1534380985,False
4,titan_027282,0,1626537.9201028068,False
4,titan_027283,0,1668393.7870803305,False
4,titan_027284,0,1710291.6507677324,False
4,titan_027285,0,1752225.9410037585,False
4,titan_027286,0,1794191.3987479962,False
4,titan_027287,0,1836183.1443167042,False
4,titan_027288,0,1878196.7525921275,False
4,titan_027289,0,1920227.9362396768,False
4,titan_027290,0,1962272.8297865838,False
4,titan_027291,0,2004327.6416229247,False
4,titan_027292,0,2046388.9458341068,False
4,titan_027293,0,2088453.340495637,False
4,titan_027310,1,2783338.123573321,False
4,titan_027311,0,2818785.139589925,False
4,titan_027312,0,2849476.3928703484,False
4,titan_027586,0,44999.92672227957,True
4,titan_027587,0,89999.41505559781,True
4,titan_027588,0,134998.02634736538,False
4,titan_027589,0,179995.32141741566,False
4,titan_027590,0,224990.86029342705,False
4,titan_027591,0,269984.20194536314,False
4,titan_027592,1,314974.9040186473,False
4,titan_027593,1,359962.5225657386,False
4,titan_027594,1,404946.6117757301,False
4,titan_027595,1,449926.72370171704,False
4,titan_027596,0,494902.4079855485,False
4,titan_027597,0,539873.2115796116,False
4,titan_027598,0,584838.6784653421,False
4,titan_027599,0,629798.3493680689,False
4,titan_027600,0,674751.7614678582,False
4,titan_027601,0,719698.4481059638,False
4,titan_027602,0,764637.938486514,False
4,titan_027603,0,809569.7573730734,False
4,titan_027604,0,854493.4247796244,False
4,titan_027605,0,899408.4556556208,False
4,titan_027606,2,944314.3595646466,False
4,titan_027607,0,989210.640356279,False
4,titan_027608,0,1034096.7958306683,False
4,titan_027609,0,1078972.3173954117,False
4,titan_027610,0,1123836.6897142353,False
4,titan_027611,0,1168689.3903469383,False
4,titan_027612,0,1213529.8893801654,False
4,titan_027613,0,1258357.64904841,False
4,titan_027614,2,1303172.1233447324,False
4,titan_027615,2,1347972.7576205838,False
4,titan_027616,0,1392758.9881741616,False
4,titan_027617,0,1436397.1146696652,False
4,titan_027618,0,1478427.449519991,False
4,titan_027619,0,1520511.699960594,False
4,titan_027622,0,1647020.945842595,False
4,titan_027623,0,1689256.6936504755,False
4,titan_027624,0,1731516.863292671,False
4,titan_027625,0,1773796.8908483621,False
4,titan_027626,0,1816092.5349712477,False
4,titan_027627,0,1858399.838005206,False
4,titan_027628,2,1900715.0920556057,False
4,titan_027629,2,1943034.809281389,False
4,titan_027630,2,1985355.6957927158,False
4,titan_027631,2,2027674.628637462,False
4,titan_027632,2,2069988.6354409957,False
4,titan_027633,0,2112294.8763309377,False
4,titan_027648,1,2724403.7440868597,False
4,titan_027649,1,2756398.625600286,False
4,titan_027650,0,2787276.3526966935,False
4,titan_027651,0,2818170.7446249397,False
4,titan_027923,0,44999.909652244874,True
4,titan_027924,0,89999.37292171204,True
4,titan_027925,0,131190.87545275406,False
4,titan_027926,0,174284.58076484426,False
4,titan_027927,0,218206.93030844955,False
4,titan_027928,0,262541.0019524755,False
4,titan_027929,0,307107.1374443255,False
4,titan_027930,0,351815.5873363088,False
4,titan_027931,1,396616.70432463574,False
4,titan_027932,1,441480.6884134165,False
4,titan_027933,0,486388.5212225331,False
4,titan_027934,0,531327.475851334,False
4,titan_027935,0,576288.5215432133,False
4,titan_027936,0,621265.1960032006,False
4,titan_027937,0,666252.6138533691,False
4,titan_027938,0,711247.0383047436,False
4,titan_027939,0,756245.3828426258,False
4,titan_027940,0,801245.2442093331,False
4,titan_027941,0,846244.5846692534,False
4,titan_027942,0,891241.6696202168,False
4,titan_027943,0,936235.0351821973,False
4,titan_027944,0,981223.2659475149,False
4,titan_027945,0,1026205.2072734939,False
4,titan_027946,0,1071179.7671155224,False
4,titan_027947,0,1116145.9352346996,False
4,titan_027948,0,1161102.807577879,False
4,titan_027949,0,1206049.4044793798,False
4,titan_027950,0,1248803.866036413,False
4,titan_027951,0,1291012.3206227827,False
4,titan_027952,2,1333289.0634666649,False
4,titan_027953,0,1375625.1582069527,False
4,titan_027954,0,1418012.502500217,False
4,titan_027960,0,1673054.0403617711,False
4,titan_027961,0,1715631.7989668588,False
4,titan_027962,0,1758218.325247557,False
4,titan_027963,0,1800809.9033828306,False
4,titan_027964,0,1843403.1648636123,False
4,titan_027965,0,1885994.9008529,False
4,titan_027966,0,1928582.0770993335,False
4,titan_027967,0,1971161.8519007943,False
4,titan_027968,0,2013731.3977520177,False
4,titan_027969,0,2056288.123090863,False
4,titan_027970,0,2097808.4986382257,False
4,titan_027984,1,2665941.624444949,False
4,titan_027985,1,2696996.802260009,False
4,titan_027986,1,2728075.015963122,False
4,titan_027987,0,2759169.4874232383,False
4,titan_028257,0,44999.896064155044,True
4,titan_028258,0,89999.25023468664,True
4,titan_028259,0,134621.4913777799,False
4,titan_028260,0,177816.66559518373,False
4,titan_028261,0,221790.21181741127,False
4,titan_028262,0,266155.12492125557,False
4,titan_028263,1,309684.72678269213,False
4,titan_028264,1,353264.95293227717,False
4,titan_028265,1,397224.17060352536,False
4,titan_028266,1,441447.44413154933,False
4,titan_028267,0,485861.003463301,False
4,titan_028268,0,530415.3562727969,False
4,titan_028269,0,575075.9400907508,False
4,titan_028270,0,619818.0312860757,False
4,titan_028271,0,664623.3926306416,False
4,titan_028272,0,709478.1209694387,False
4,titan_028273,0,754371.5817530085,False
4,titan_028274,0,799295.4068133412,False
4,titan_028275,0,844242.7684976823,False
4,titan_028276,0,889208.2095550704,False
4,titan_028277,0,934187.2181245667,False
4,titan_028278,0,979175.8844163576,False
4,titan_028279,0,1021381.7669602656,False
4,titan_028280,0,1063672.814519547,False
4,titan_028281,0,1106063.8786104403,False
4,titan_028282,0,1148541.2293226917,False
4,titan_028283,0,1191092.9539382805,False
4,titan_028284,0,1233708.5309165039,False
4,titan_028285,0,1276378.818630547,False
4,titan_028286,0,1319095.695516758,False
4,titan_028287,0,1361851.9739180463,False
4,titan_028288,0,1404641.105160133,False
4,titan_028294,0,1661775.0849124943,False
4,titan_028295,0,1704657.3938798844,False
4,titan_028296,0,1747537.8308209532,False
4,titan_028297,0,1790413.2619964716,False
4,titan_028298,0,1833280.8442042186,False
4,titan_028299,1,1876137.8827449828,False
4,titan_028300,1,1918981.6923923627,False
4,titan_028301,0,1961294.5489127636,False
4,titan_028302,0,2002498.0498589633,False
4,titan_028303,0,2043705.0112027535,False
4,titan_028304,0,2084911.3833231498,False
4,titan_028317,1,2609332.5212959424,False
4,titan_028318,1,2640603.3660446634,False
4,titan_028319,1,2671896.2307218984,False
4,titan_028320,1,2703204.2943716054,False
4,titan_028589,1,44999.92343996927,True
4,titan_028590,0,89999.2064718335,True
4,titan_028591,0,134997.33273411656,False
4,titan_028592,1,179993.61927890667,False
4,titan_028593,1,224987.50648496236,False
4,titan_028594,0,269765.0446640735,False
4,titan_028595,0,314372.4196165449,False
4,titan_028596,0,359111.4649086939,False
4,titan_028597,1,403936.44447953714,False
4,titan_028598,1,448681.84468353656,False
4,titan_028599,0,493134.0869912131,False
4,titan_028600,0,537044.3432252965,False
4,titan_028601,0,581129.0191730347,False
4,titan_028602,0,625399.8669890168,False
4,titan_028603,0,669818.1325505549,False
4,titan_028604,0,712164.2473679045,False
4,titan_028605,0,754059.9760555244,False
4,titan_028606,0,796173.6632643553,False
4,titan_028607,0,838469.9008975985,False
4,titan_028608,0,880919.6491560314,False
4,titan_028609,0,923499.066560656,False
4,titan_028610,0,966188.3107367826,False
4,titan_028611,0,1008970.5978950725,False
4,titan_028612,0,1051831.847894077,False
4,titan_028613,0,1094759.880389196,False
4,titan_028614,0,1137744.3487167389,False
4,titan_028615,0,1180776.1220217277,False
4,titan_028616,0,1223847.3622739431,False
4,titan_028617,0,1266951.0147279736,False
4,titan_028618,0,1310080.930274659,False
4,titan_028619,0,1353231.6200363552,False
4,titan_028620,0,1396398.032388882,False
4,titan_028623,0,1525948.8565607509,False
4,titan_028626,0,1655500.5512515882,False
4,titan_028627,0,1698670.043355308,False
4,titan_028628,0,1741827.8075304518,False
4,titan_028629,0,1784971.2391199863,False
4,titan_028630,0,1827732.1603140451,False
4,titan_028631,0,1869226.7831845034,False
4,titan_028632,1,1910727.009122796,False
4,titan_028633,1,1952228.4730407975,False
4,titan_028634,1,1993727.1477299754,False
4,titan_028635,0,2035219.2028727855,False
4,titan_028636,0,2076700.867036327,False
4,titan_028648,0,2555746.625034007,False
4,titan_028649,0,2587248.1730167586,False
4,titan_028650,0,2618769.991305128,False
4,titan_028651,1,2650305.053095992,False
4,titan_028919,1,44999.904342235335,True
4,titan_028920,1,89999.14894308032,True
4,titan_028921,1,134997.0325103781,False
4,titan_028922,1,179992.97643848282,False
4,titan_028923,1,224986.2363115503,False
4,titan_028924,1,269976.2307546268,False
4,titan_028925,0,314710.31747111434,False
4,titan_028926,0,359113.0625824944,False
4,titan_028927,1,403599.5561447474,False
4,titan_028928,0,447333.9049111303,False
4,titan_028929,0,490161.4588199265,False
4,titan_028930,0,531543.5630734939,False
4,titan_028931,0,573341.8898095554,False
4,titan_028932,0,615468.9862125267,False
4,titan_028933,0,657859.097816913,False
4,titan_028934,0,700461.7333106026,False
4,titan_028935,0,743237.5581783637,False
4,titan_028936,0,786155.5867870109,False
4,titan_028937,0,829190.8828088763,False
4,titan_028938,0,872323.1947799247,False
4,titan_028939,0,915535.9956495505,False
4,titan_028940,0,958815.4483176124,False
4,titan_028941,0,1002149.9261967737,False
4,titan_028942,0,1045529.6792882635,False
4,titan_028943,0,1088946.2487799753,False
4,titan_028944,0,1132392.316332856,False
4,titan_028945,0,1175861.612438544,False
4,titan_028946,0,1219348.511199176,False
4,titan_028947,0,1262848.0164956674,False
4,titan_028948,0,1306355.7745278538,False
4,titan_028949,0,1349867.7484831994,False
4,titan_028950,0,1393380.2672076114,False
4,titan_028951,0,1436890.0865404422,False
4,titan_028956,0,1654297.783817936,False
4,titan_028957,0,1697104.5461110221,False
4,titan_028958,0,1738908.1570443565,False
4,titan_028959,0,1780718.7185019623,False
4,titan_028960,1,1822531.713839841,False
4,titan_028961,0,1864342.8881629994,False
4,titan_028962,1,1906148.3308924462,False
4,titan_028963,0,1947944.2180472321,False
4,titan_028964,0,1989726.9021143347,False
4,titan_028965,0,2031493.004638319,False
4,titan_028966,0,2073239.1673634169,False
4,titan_028977,0,2505220.3800549465,False
4,titan_028978,1,2536967.521751742,False
4,titan_028979,0,2568732.261789743,False
4,titan_028980,1,2600507.5853666486,False
4,titan_028984,0,2710793.053386576,False
4,titan_029246,1,44999.87303655814,True
4,titan_029247,1,89999.02158569332,True
4,titan_029248,1,134996.72072891775,False
4,titan_029249,1,179129.71079036774,False
4,titan_029250,1,222786.89616574338,False
4,titan_029251,1,266822.83501489786,False
4,titan_029252,1,310314.6863078171,False
4,titan_029253,1,353242.6394182951,False
4,titan_029254,1,395063.9793447251,False
4,titan_029255,0,437057.1903772962,False
4,titan_029256,0,479477.5046051482,False
4,titan_029257,0,522218.1324420854,False
4,titan_029258,0,565203.6774757275,False
4,titan_029259,0,608379.3343705769,False
4,titan_029260,0,651704.482765013,False
4,titan_029261,0,695148.2637806729,False
4,titan_029262,0,738686.80065755,False
4,titan_029263,0,782301.2913533238,False
4,titan_029264,0,825976.6886958434,False
4,titan_029265,0,869700.8083209184,False
4,titan_029266,0,913463.5000667585,False
4,titan_029267,0,957256.3965139474,False
4,titan_029268,0,1001072.3910691398,False
4,titan_029269,2,1044905.4043872255,False
4,titan_029270,0,1088750.1762035857,False
4,titan_029271,0,1132602.1048724663,False
4,titan_029272,0,1176457.1621280243,False
4,titan_029273,0,1220311.6354575814,False
4,titan_029274,0,1264162.2886895933,False
4,titan_029275,0,1308006.1400870294,False
4,titan_029276,0,1351840.45144596,False
4,titan_029283,0,1653679.5891077588,False
4,titan_029284,0,1695821.6610284266,False
4,titan_029285,0,1737962.1435534277,False
4,titan_029286,0,1780096.8902687083,False
4,titan_029287,0,1822222.098082636,False
4,titan_029288,0,1864334.124650905,False
4,titan_029289,1,1906429.5007463084,False
4,titan_029290,0,1948504.9075455654,False
4,titan_029291,0,1990557.1566114163,False
4,titan_029292,0,2032583.2103055145,False
4,titan_029303,5,2457796.7610434876,False
4,titan_029304,0,2489803.8860932183,False
4,titan_029305,0,2521825.1490291855,False
4,titan_029306,0,2553853.4194629043,False
4,titan_029309,0,2636383.273040031,False
4,titan_029310,1,2662815.154123677,False
4,titan_029311,1,2689261.156649295,False
4,titan_029571,1,44999.857763223605,True
4,titan_029572,1,89998.96264386349,True
4,titan_029573,1,132786.7354070031,False
4,titan_029574,1,175597.0918926189,False
4,titan_029575,1,219202.65629748543,False
4,titan_029576,1,261024.03849484873,False
4,titan_029577,1,303275.4070939541,False
4,titan_029578,1,346110.28449638176,False
4,titan_029579,1,389333.39888454444,False
4,titan_029580,0,432825.68625582167,False
4,titan_029581,0,476510.504065904,False
4,titan_029582,0,520336.457191291,False
4,titan_029583,0,564267.6751978354,False
4,titan_029584,0,608278.3592103726,False
4,titan_029585,0,652349.2816930421,False
4,titan_029586,0,696465.9280528054,False
4,titan_029587,0,740616.9797619878,False
4,titan_029588,0,784793.4480025964,False
4,titan_029589,0,828988.0938895622,False
4,titan_029590,0,873194.8360410171,False
4,titan_029591,0,917408.6801205281,False
4,titan_029592,0,961625.3351591252,False
4,titan_029593,2,1005841.1273151718,False
4,titan_029594,2,1050052.7164233122,False
4,titan_029595,0,1094257.2403977253,False
4,titan_029596,0,1138452.083418149,False
4,titan_029597,0,1182634.8989754901,False
4,titan_029598,0,1226803.406334627,False
4,titan_029599,0,1270955.5937955568,False
4,titan_029600,0,1315089.5312182645,False
4,titan_029608,0,1657083.2004211715,False
4,titan_029609,0,1699553.186742157,False
4,titan_029610,0,1742009.0778944495,False
4,titan_029611,0,1784447.4807810558,False
4,titan_029612,0,1826865.1260676244,False
4,titan_029613,0,1869258.922014216,False
4,titan_029614,1,1911625.7821327113,False
4,titan_029615,0,1953962.8368030565,False
4,titan_029616,0,1996267.2653031256,False
4,titan_029617,0,2038536.358427797,False
4,titan_029626,0,2381261.6103532403,False
4,titan_029627,0,2413525.262446612,False
4,titan_029628,5,2445806.0819836007,False
4,titan_029629,0,2478096.6386153563,False
4,titan_029632,0,2564164.303743835,False
4,titan_029633,0,2590801.5369543387,False
4,titan_029634,0,2617457.7345410776,False
4,titan_029635,0,2644125.387097596,False
4,titan_029893,1,44999.83532360298,True
4,titan_029894,1,88737.0805801923,True
4,titan_029895,1,129357.53805026658,False
4,titan_029896,1,172061.99053194246,False
4,titan_029897,1,215613.27950688498,False
4,titan_029898,1,259582.98482270227,False
4,titan_029899,1,303786.6644105448,False
4,titan_029900,0,348132.3997632278,False
4,titan_029901,0,392569.02810566156,False
4,titan_029902,0,437065.86108954274,False
4,titan_029903,0,481603.0476216784,False
4,titan_029904,0,526167.260547471,False
4,titan_029905,0,570748.9015668218,False
4,titan_029906,0,615341.0127686202,False
4,titan_029907,0,659938.1193544221,False
4,titan_029908,0,704536.0263212741,False
4,titan_029909,0,749131.1640928908,False
4,titan_029910,0,793720.683765204,False
4,titan_029911,0,838301.9865387965,False
4,titan_029912,0,882872.9357360381,False
4,titan_029913,0,927431.4626902326,False
4,titan_029914,0,971975.8297860965,False
4,titan_029915,2,1016504.2715337309,False
4,titan_029916,0,1061015.2818731386,False
4,titan_029917,0,1105507.2728355026,False
4,titan_029918,0,1149978.8741505456,False
4,titan_029919,0,1194419.0785839483,False
4,titan_029920,0,1237224.2100928419,False
4,titan_029921,0,1280050.6847103068,False
4,titan_029922,0,1322892.3326583046,False
4,titan_029929,0,1622789.7207981506,False
4,titan_029930,0,1665584.151257216,False
4,titan_029931,2,1708356.17991957,False
4,titan_029932,0,1751102.8739796556,False
4,titan_029933,0,1793821.2684645446,False
4,titan_029934,0,1836508.652969539,False
4,titan_029935,0,1879162.2505957575,False
4,titan_029936,0,1921779.5085657511,False
4,titan_029937,0,1964357.7812516328,False
4,titan_029938,0,2006894.623360073,False
4,titan_029939,0,2049387.4761014115,False
4,titan_029946,5,2307370.3220079327,False
4,titan_029947,5,2339906.0362902293,False
4,titan_029948,5,2372461.3613212514,False
4,titan_029949,5,2405028.5317284907,False
4,titan_029950,0,2437600.127133068,False
4,titan_029952,0,2494139.9824419636,False
4,titan_029953,0,2520993.819421942,False
4,titan_029954,0,2547870.9793076697,False
4,titan_029955,0,2574763.6578895785,False
4,titan_030212,1,44999.850394211906,True
4,titan_030213,1,89998.71643440149,True
4,titan_030214,1,134995.73260556711,False
4,titan_030215,1,179989.91287969978,False
4,titan_030216,1,224980.30935356888,False
4,titan_030217,1,269965.9718882839,False
4,titan_030218,0,314945.94754574413,False
4,titan_030219,0,359919.24024902674,False
4,titan_030220,0,404884.96931097,False
4,titan_030221,0,449842.13020108227,False
4,titan_030222,0,494789.75307732366,False
4,titan_030223,0,539726.8624214246,False
4,titan_030224,0,584652.4367184925,False
4,titan_030225,0,629565.5667841207,False
4,titan_030226,0,674465.2167527834,False
4,titan_030227,0,719350.3824100734,False
4,titan_030228,0,764220.0508295844,False
4,titan_030229,0,809073.160076913,False
4,titan_030230,0,853908.7572304655,False
4,titan_030231,0,898725.7597052339,False
4,titan_030232,0,943523.1132803594,False
4,titan_030233,0,988180.7714520852,False
4,titan_030234,0,1031333.4543335143,False
4,titan_030235,0,1074517.8829035948,False
4,titan_030236,0,1117726.1259561365,False
4,titan_030237,0,1160951.2646442193,False
4,titan_030238,0,1204187.1773770596,False
4,titan_030239,0,1247428.3607240058,False
4,titan_030240,0,1290669.9693376743,False
4,titan_030248,0,1636146.135967826,False
4,titan_030249,0,1679224.7406724126,False
4,titan_030250,0,1722270.4827566366,False
4,titan_030251,0,1765280.797764845,False
4,titan_030252,0,1808253.2227229467,False
4,titan_030253,0,1851185.3459330406,False
4,titan_030255,0,1936919.1962843568,False
4,titan_030256,0,1979716.304617993,False
4,titan_030257,0,2022463.7818989262,False
4,titan_030261,0,2170584.5050447513,False
4,titan_030262,0,2203341.4146441426,False
4,titan_030264,0,2268961.0405210895,False
4,titan_030265,5,2301806.964406824,False
4,titan_030266,5,2334666.21307542,False
4,titan_030267,0,2367531.054372011,False
4,titan_030269,0,2426317.232355097,False
4,titan_030270,0,2453400.497698266,False
4,titan_030271,0,2480510.911929684,False
4,titan_030272,0,2507640.40964891,False
4,titan_030527,1,44999.850490664256,True
4,titan_030528,1,76581.62929769764,True
4,titan_030529,1,116239.9287756077,False
4,titan_030530,1,158889.67465372907,False
4,titan_030531,1,202648.342332242,False
4,titan_030532,1,246924.19291154173,False
4,titan_030533,1,291478.6329826813,False
4,titan_030534,1,336197.789988026,False
4,titan_030535,0,381020.32668920845,False
4,titan_030536,0,425910.30287393177,False
4,titan_030537,0,470844.9200841264,False
4,titan_030538,0,515809.0742642166,False
4,titan_030539,0,560792.0296035864,False
4,titan_030540,0,605786.055924458,False
4,titan_030541,0,650785.1282263781,False
4,titan_030542,0,695784.5981698001,False
4,titan_030543,0,739969.0580045303,False
4,titan_030544,0,783437.0709137924,False
4,titan_030545,0,826959.6142744644,False
4,titan_030546,0,870524.2039097137,False
4,titan_030547,0,914120.6208970156,False
4,titan_030548,2,957740.126527724,False
4,titan_030549,0,1001375.4114931435,False
4,titan_030550,0,1045020.0217517464,False
4,titan_030551,0,1088668.4596392675,False
4,titan_030552,0,1132315.7199621054,False
4,titan_030553,0,1175957.434433979,False
4,titan_030554,0,1219589.6597693642,False
4,titan_030555,0,1263208.685711565,False
4,titan_030563,0,1611325.9225969634,False
4,titan_030564,0,1654697.0178803387,False
4,titan_030565,0,1698028.389189351,False
4,titan_030566,0,1741317.7481989008,False
4,titan_030567,0,1784562.9850167213,False
4,titan_030568,0,1827761.8566392753,False
4,titan_030570,1,1914012.0372396803,False
4,titan_030571,0,1957059.0434614073,False
4,titan_030572,0,2000051.0683582637,False
4,titan_030573,0,2035452.8060748652,False
4,titan_030576,0,2134478.774646467,False
4,titan_030577,0,2167579.350813395,False
4,titan_030578,2,2200710.796434402,False
4,titan_030579,0,2233864.4890057603,False
4,titan_030580,0,2267032.2261175863,False
4,titan_030581,0,2300205.9684368856,False
4,titan_030582,0,2333378.0201811558,False
4,titan_030583,2,2360706.787798315,False
4,titan_030584,0,2388033.722079896,False
4,titan_030585,0,2415391.113838538,False
4,titan_030586,0,2442770.528250696,False
4,titan_030840,1,44999.80330364408,True
4,titan_030841,1,89998.49131664322,True
4,titan_030842,1,134994.9871363926,False
4,titan_030843,1,179988.09542265377,False
4,titan_030844,1,224976.73600234505,False
4,titan_030845,1,269959.78703550616,False
4,titan_030846,1,314936.16242128983,False
4,titan_030847,1,359904.65503613016,False
4,titan_030848,1,404864.17022117146,False
4,titan_030849,0,448898.0750000026,False
4,titan_030850,0,492552.65664317645,False
4,titan_030851,0,536329.666103788,False
4,titan_030852,0,580197.224125817,False
4,titan_030853,0,624132.048241264,False
4,titan_030854,0,668116.516354462,False
4,titan_030855,0,712137.1260341748,False
4,titan_030856,0,756183.220178085,False
4,titan_030857,0,800246.0906251997,False
4,titan_030858,2,844318.6680855928,False
4,titan_030859,2,888394.9889652525,False
4,titan_030860,0,932469.9984611268,False
4,titan_030861,0,976539.1976673073,False
4,titan_030862,0,1020598.7245028698,False
4,titan_030863,0,1064645.0887597008,False
4,titan_030864,0,1108675.1630057073,False
4,titan_030865,0,1152685.963620905,False
4,titan_030866,0,1196674.8282628502,False
4,titan_030867,0,1240639.2602179218,False
4,titan_030876,1,1634848.1190800406,False
4,titan_030877,0,1678447.6183942147,False
4,titan_030878,0,1721999.528670608,False
4,titan_030879,0,1765501.7908408323,False
4,titan_030880,0,1808952.4500820078,False
4,titan_030881,0,1852349.5380421584,False
4,titan_030883,0,1935098.4152707784,False
4,titan_030884,0,1968302.963385602,False
4,titan_030885,0,2001578.1943327042,False
4,titan_030887,0,2068298.9645153033,False
4,titan_030888,0,2101724.8680102667,False
4,titan_030889,0,2135182.052334217,False
4,titan_030890,0,2168661.6010669954,False
4,titan_030891,0,2202155.0180360787,False
4,titan_030892,2,2235654.1125500845,False
4,titan_030893,2,2269150.886468345,False
4,titan_030894,2,2297323.654137163,False
4,titan_030895,0,2324909.9336216412,False
4,titan_030896,0,2352529.324675853,False
4,titan_030897,0,2380173.0611662874,False
4,titan_031149,1,44999.768528719396,True
4,titan_031150,1,77198.17512291227,True
4,titan_031151,1,116527.23830580947,False
4,titan_031152,1,158757.46481610643,False
4,titan_031153,1,202074.89069222554,False
4,titan_031154,1,245902.1703576365,False
4,titan_031155,0,290004.46336128894,False
4,titan_031156,0,334269.00406837964,False
4,titan_031157,0,378634.8282519109,False
4,titan_031158,0,423065.8606642011,False
4,titan_031159,0,467539.31169224315,False
4,titan_031160,0,512039.75777448324,False
4,titan_031161,0,556556.3126695958,False
4,titan_031162,0,601080.8866441112,False
4,titan_031163,0,645607.3604656412,False
4,titan_031164,0,690130.75441765,False
4,titan_031165,0,734646.9977060591,False
4,titan_031166,0,779152.6376762316,False
4,titan_031167,2,823644.6306149862,False
4,titan_031168,2,868120.3759311523,False
4,titan_031169,0,912577.4026615925,False
4,titan_031170,0,957013.4613987403,False
4,titan_031171,2,1001426.4029990734,False
4,titan_031172,0,1045814.297460012,False
4,titan_031173,0,1090175.1793628698,False
4,titan_031174,0,1134507.1806284871,False
4,titan_031175,0,1178808.4767759808,False
4,titan_031176,0,1223077.236508246,False
4,titan_031185,1,1619743.0830933547,False
4,titan_031186,1,1663589.731663809,False
4,titan_031187,1,1707384.2472435585,False
4,titan_031188,0,1751124.745882677,False
4,titan_031189,0,1794809.3150954347,False
4,titan_031190,0,1836784.9254391105,False
4,titan_031192,0,1903800.1936366826,False
4,titan_031193,0,1937420.9786916608,False
4,titan_031194,1,1971102.376662539,False
4,titan_031195,0,2004834.0081743775,False
4,titan_031196,0,2038605.879853551,False
4,titan_031197,0,2072408.4601968415,False
4,titan_031198,0,2106232.614034433,False
4,titan_031199,0,2140069.5397371356,False
4,titan_031200,2,2173910.8544111694,False
4,titan_031201,2,2207748.3908626367,False
4,titan_031202,2,2236187.8867435753,False
4,titan_031203,0,2264050.4315076424,False
4,titan_031204,2,2291948.037664811,False
4,titan_031205,0,2319871.625067028,False
4,titan_031206,2,2347812.385669252,False
4,titan_031207,2,2375761.744035915,False
4,titan_031456,1,44999.77331147461,True
4,titan_031457,1,89998.23860367182,True
4,titan_031458,1,134994.0870960538,False
4,titan_031459,1,179986.04672097368,False
4,titan_031460,1,224972.7284102417,False
4,titan_031461,0,269952.8547602975,False
4,titan_031462,0,314925.1063054731,False
4,titan_031463,0,359888.15898505633,False
4,titan_031464,0,404840.72156541183,False
4,titan_031465,0,449781.3820463569,False
4,titan_031466,0,494708.8361017777,False
4,titan_031467,0,539621.7334534494,False
4,titan_031470,0,674259.4875178729,False
4,titan_031471,0,719100.4720400951,False
4,titan_031472,0,763920.0419115601,False
4,titan_031473,2,808716.7069724865,False
4,titan_031474,2,853489.0777562541,False
4,titan_031475,0,898235.7122178467,False
4,titan_031476,2,942955.1529348306,False
4,titan_031477,0,987645.964160948,False
4,titan_031478,0,1032306.5789879509,False
4,titan_031479,0,1076935.5262902176,False
4,titan_031480,0,1121531.2777995833,False
4,titan_031481,0,1166092.3229666883,False
4,titan_031482,0,1210617.0164909384,False
4,titan_031491,0,1609434.3965485126,False
4,titan_031492,0,1653504.2031052373,False
4,titan_031493,0,1697518.7211937627,False
4,titan_031494,0,1740485.859001757,False
4,titan_031495,0,1774226.0010286751,False
4,titan_031496,0,1808062.1694780386,False
4,titan_031498,0,1875972.6425098537,False
4,titan_031499,0,1910023.5670380874,False
4,titan_031500,0,1944123.7029741188,False
4,titan_031501,0,1978262.764500532,False
4,titan_031502,0,2012430.9654368095,False
4,titan_031503,0,2046618.861820466,False
4,titan_031504,0,2080817.488371452,False
4,titan_031505,2,2115018.2077054526,False
4,titan_031506,2,2149212.736624791,False
4,titan_031507,2,2177325.037192048,False
4,titan_031508,0,2205481.9611788727,False
4,titan_031509,0,2233675.086448105,False
4,titan_031510,2,2261895.0158552886,False
4,titan_031511,2,2290132.648585681,False
4,titan_031512,0,2318379.066624076,False
4,titan_031513,0,2346625.662152545,False
4,titan_031514,0,2374864.025828943,False
4,titan_031764,0,260589.8866780413,False
4,titan_031765,0,305233.18075909704,False
4,titan_031766,0,350016.0877543926,False
4,titan_031773,0,664752.2491321524,False
4,titan_031774,0,709743.5586526869,False
4,titan_031775,0,754724.2685139416,False
4,titan_031776,2,799690.9250950573,False
4,titan_031777,2,844640.479234505,False
4,titan_031778,2,889570.1416017773,False
4,titan_031779,0,934477.4574637219,False
4,titan_031780,0,979360.0245341848,False
4,titan_031781,0,1024215.6028904824,False
4,titan_031782,0,1069042.0461523992,False
4,titan_031783,0,1113837.2776982368,False
4,titan_031784,0,1158599.2721621587,False
4,titan_031785,0,1203326.0032428664,False
4,titan_031795,0,1646175.1608217587,False
4,titan_031796,0,1680204.5299802164,False
4,titan_031797,0,1714343.30139844,False
4,titan_031798,0,1748577.4721878944,False
4,titan_031799,0,1782893.9421130433,False
4,titan_031801,0,1851724.7056745805,False
4,titan_031802,0,1886216.131595832,False
4,titan_031803,0,1920743.975611858,False
4,titan_031804,0,1955298.1760772977,False
4,titan_031805,0,1989869.103478833,False
4,titan_031806,0,2024447.6346190227,False
4,titan_031807,2,2059024.9398549204,False
4,titan_031808,2,2092342.9314400365,False
4,titan_031809,2,2120766.773033891,False
4,titan_031810,2,2149237.1591221746,False
4,titan_031811,2,2177744.0350557617,False
4,titan_031812,0,2206277.640455766,False
4,titan_031813,0,2234828.5843710764,False
4,titan_031814,2,2263387.6816791566,False
4,titan_031815,0,2291946.0304228645,False
4,titan_031816,0,2320494.97027898,False
4,titan_031817,2,2349026.0659888885,False
4,titan_031818,2,2377531.0917279026,False
4,titan_032073,0,661726.2680108176,False
4,titan_032074,0,706679.0120442591,False
4,titan_032075,0,751656.21366186,False
4,titan_032076,0,796648.2228682563,False
4,titan_032077,2,841647.0999692936,False
4,titan_032078,2,886646.1783349657,False
4,titan_032079,2,931639.7528383865,False
4,titan_032080,0,976622.8537442298,False
4,titan_032081,0,1021591.0798601531,False
4,titan_032082,0,1066540.4735323647,False
4,titan_032083,0,1111467.4256698824,False
4,titan_032084,0,1156368.6026388714,False
4,titan_032095,0,1622624.476393387,False
4,titan_032096,0,1657192.0038476666,False
4,titan_032097,0,1691852.787342528,False
4,titan_032098,0,1726593.2299409218,False
4,titan_032099,0,1761400.5125388317,False
4,titan_032101,0,1831168.1637289242,False
4,titan_032102,0,1866106.3041271332,False
4,titan_032103,0,1901066.7957394684,False
4,titan_032104,0,1936039.8706525215,False
4,titan_032105,0,1971016.2050683754,False
4,titan_032106,0,2005986.8771035664,False
4,titan_032107,0,2037793.9736289755,False
4,titan_032108,2,2066551.4841625243,False
4,titan_032109,2,2095355.2173146913,False
4,titan_032110,2,2124194.7578661023,False
4,titan_032111,2,2153060.037308965,False
4,titan_032112,2,2181941.3104407247,False
4,titan_032113,2,2210829.1333099613,False
4,titan_032114,2,2239714.3424500497,False
4,titan_032115,0,2268588.035336171,False
4,titan_032116,0,2297441.5520022134,False
4,titan_032117,0,2326266.457755589,False
4,titan_032118,0,2355054.5269299573,False
4,titan_032369,0,665168.3335967648,False
4,titan_032370,2,709897.6981355643,False
4,titan_032371,0,754709.6834160769,False
4,titan_032372,0,799584.6524530941,False
4,titan_032373,2,844506.722732661,False
4,titan_032374,2,889462.852133285,False
4,titan_032375,0,934442.157392587,False
4,titan_032376,0,979435.4541789028,False
4,titan_032377,0,1024434.7413742924,False
4,titan_032378,0,1069433.146495388,False
4,titan_032379,0,1114424.5676752476,False
4,titan_032380,0,1159403.5487163458,False
4,titan_032391,0,1602838.4327982909,False
4,titan_032392,0,1637954.554976465,False
4,titan_032393,0,1673146.0388377113,False
4,titan_032394,0,1708399.8255725761,False
4,titan_032395,0,1743703.5518811855,False
4,titan_032397,0,1814415.1429844962,False
4,titan_032398,0,1849801.6494944016,False
4,titan_032399,0,1885195.3178871025,False
4,titan_032400,0,1920586.6783212402,False
4,titan_032401,0,1955966.767373048,False
4,titan_032402,0,1985611.8087212627,False
4,titan_032403,0,2014724.5493977694,False
4,titan_032404,2,2043882.1064037532,False
4,titan_032405,2,2073073.7407316037,False
4,titan_032406,0,2102289.0171800214,False
4,titan_032407,0,2131517.9219463742,False
4,titan_032408,0,2160750.7421015026,False
4,titan_032409,0,2189978.0664276285,False
4,titan_032410,0,2219190.763736923,False
4,titan_032411,0,2248379.9865088877,False
4,titan_032412,2,2277537.0559805087,False
4,titan_032413,0,2306653.5881475797,False
4,titan_032414,0,2319479.3433593987,False
4,titan_032662,0,674933.7776941594,False
4,titan_032663,0,719277.3722002987,False
4,titan_032664,0,763780.4330014903,False
4,titan_032665,0,808410.5445069085,False
4,titan_032666,2,853141.6050790339,False
4,titan_032667,2,897952.396351844,False
4,titan_032668,2,942825.2125305382,False
4,titan_032669,2,987745.3293986871,False
4,titan_032670,0,1032700.0999740019,False
4,titan_032671,0,1077678.7824674177,False
4,titan_032672,0,1122671.930531901,False
4,titan_032673,0,1167671.2283566522,False
4,titan_032684,0,1586960.654813021,False
4,titan_032685,0,1622629.70927801,False
4,titan_032686,0,1658354.729619794,False
4,titan_032687,0,1694123.2007798026,False
4,titan_032690,0,1801575.6656485435,False
4,titan_032691,0,1837407.2610223826,False
4,titan_032692,0,1873229.7407525238,False
4,titan_032693,0,1906412.6586865222,False
4,titan_032694,0,1935848.8685662572,False
4,titan_032695,0,1965338.8435048882,False
4,titan_032696,0,1994871.0091116673,False
4,titan_032697,0,2024434.3229583998,False
4,titan_032698,0,2054018.0755865327,False
4,titan_032699,0,2083611.9329434922,False
4,titan_032700,0,2113205.98103438,False
4,titan_032701,0,2142790.53223944,False
4,titan_032702,0,2172356.2933802237,False
4,titan_032703,0,2201894.151402684,False
4,titan_032704,0,2231395.3443334005,False
4,titan_032705,0,2260851.2740123756,False
4,titan_032706,0,2288458.605392521,False
4,titan_032951,0,690763.9183640535,False
4,titan_032952,0,734596.7141865293,False
4,titan_032953,0,778677.2650396642,False
4,titan_032954,0,822959.4285889663,False
4,titan_032955,0,867405.9072555184,False
4,titan_032956,2,911986.1724351369,False
4,titan_032957,2,956674.9355458125,False
4,titan_032958,2,1001451.0076936395,False
4,titan_032959,0,1046296.4390447733,False
4,titan_032960,0,1091195.8619863654,False
4,titan_032961,0,1136135.9845039712,False
4,titan_032972,0,1538960.2406846462,False
4,titan_032973,0,1575132.2261496629,False
4,titan_032974,0,1611351.9640937217,False
4,titan_032975,0,1647606.959754656,False
4,titan_032976,0,1683885.4894692407,False
4,titan_032978,0,1756469.6203728793,False
4,titan_032979,0,1792754.9240561188,False
4,titan_032980,0,1828949.9935566382,False
4,titan_032981,0,1858726.5762177247,False
4,titan_032982,0,1888565.6844213584,False
4,titan_032983,0,1918454.9551376451,False
4,titan_032984,0,1948382.5313354288,False
4,titan_032985,0,1978337.0243277783,False
4,titan_032986,0,2008307.478693192,False
4,titan_032987,0,2038283.3396143909,False
4,titan_032988,0,2068254.4224809771,False
4,titan_032989,0,2098210.884607822,False
4,titan_032990,0,2128143.1989276814,False
4,titan_032991,0,2158042.1295237853,False
4,titan_032992,0,2187898.7088755732,False
4,titan_032993,0,2217704.216698495,False
4,titan_032994,0,2247450.1602663808,False
4,titan_033236,0,712317.571417593,False
4,titan_033237,0,755559.928595108,False
4,titan_033238,0,799142.0868665667,False
4,titan_033239,0,843004.6581369783,False
4,titan_033240,0,887099.3498190864,False
4,titan_033241,2,931386.369373715,False
4,titan_033242,2,975832.6132307342,False
4,titan_033243,2,1020410.3030568229,False
4,titan_033244,0,1062786.641267922,False
4,titan_033245,0,1097584.7474789575,False
4,titan_033257,0,1530752.2893426183,False
4,titan_033258,0,1567488.1950849292,False
4,titan_033259,0,1604249.3584357114,False
4,titan_033260,0,1641024.1963288349,False
4,titan_033261,0,1677801.7363535676,False
4,titan_033262,0,1714571.7124397024,False
4,titan_033263,0,1751324.3790482809,False
4,titan_033264,0,1783358.3415880064,False
4,titan_033265,0,1813565.8017788264,False
4,titan_033266,0,1843831.054886387,False
4,titan_033267,0,1874141.435676105,False
4,titan_033268,0,1904484.7962527147,False
4,titan_033269,0,1934849.511869007,False
4,titan_033270,0,1965224.3459395126,False
4,titan_033271,0,1995598.5579292125,False
4,titan_033272,0,2025961.7739081695,False
4,titan_033273,0,2056303.9795524434,False
4,titan_033274,0,2086615.5153824978,False
4,titan_033275,0,2116886.9543755827,False
4,titan_033276,0,2147109.22109162,False
4,titan_033277,0,2177273.4730046364,False
4,titan_033278,0,2207371.1271002023,False
4,titan_033279,2,2199089.7688190155,False
4,titan_033518,0,739208.1443213796,False
4,titan_033519,0,781827.3844894434,False
4,titan_033520,0,824874.875342294,False
4,titan_033521,0,868280.0173440636,False
4,titan_033522,2,909286.8230866123,False
4,titan_033523,2,943619.7574484913,False
4,titan_033524,2,978390.4026970045,False
4,titan_033525,2,1013545.1986416518,False
4,titan_033526,0,1049036.8657352908,False
4,titan_033527,0,1084823.4576326963,False
4,titan_033539,0,1526869.2493158488,False
4,titan_033540,0,1564153.410607135,False
4,titan_033541,0,1601439.6940044707,False
4,titan_033542,0,1638717.4542630634,False
4,titan_033543,0,1675976.5705872658,False
4,titan_033544,0,1709747.8734777214,False
4,titan_033545,0,1740345.4051466403,False
4,titan_033546,0,1771007.986341105,False
4,titan_033547,0,1801722.0539307126,False
4,titan_033548,0,1832474.6695516468,False
4,titan_033549,0,1863253.3969767573,False
4,titan_033551,0,1924842.3243667185,False
4,titan_033553,0,1986399.504568184,False
4,titan_033554,0,2017140.1359607852,False
4,titan_033555,0,2047842.233718217,False
4,titan_033556,0,2078496.331699085,False
4,titan_033557,0,2109093.2520938623,False
4,titan_033558,0,2139624.009660248,False
4,titan_033559,0,2166971.327191919,False
4,titan_033560,0,2162838.60833413,False
4,titan_033795,0,725800.5758517194,False
4,titan_033796,0,758464.9497427855,False
4,titan_033797,0,791881.1621544372,False
4,titan_033798,0,825949.6531022608,False
4,titan_033799,0,860584.4381810116,False
4,titan_033800,2,895711.0869169814,False
4,titan_033801,2,931265.100682808,False
4,titan_033802,2,967190.2676010649,False
4,titan_033803,0,1003437.5093202486,False
4,titan_033804,0,1039963.7875274167,False
4,titan_033817,0,1527429.4806430144,False
4,titan_033818,0,1565238.8933815786,False
4,titan_033819,0,1603027.0436635658,False
4,titan_033820,0,1637902.7218385402,False
4,titan_033821,0,1668914.7025800142,False
4,titan_033822,0,1699998.4833919315,False
4,titan_033823,0,1731139.5151264009,False
4,titan_033824,0,1762323.968519489,False
4,titan_033825,0,1793538.6733218231,False
4,titan_033826,0,1824771.062450335,False
4,titan_033827,0,1856009.1207594045,False
4,titan_033828,0,1887241.338053729,False
4,titan_033831,0,1980794.511807317,False
4,titan_033832,0,2011896.9264301849,False
4,titan_033833,0,2042942.1334034672,False
4,titan_033834,0,2073920.8617838258,False
4,titan_033835,0,2104824.108947087,False
4,titan_033836,0,2124959.570953345,False
4,titan_033837,2,2124863.0863206866,False
4,titan_034069,0,709890.256829451,False
4,titan_034070,0,744223.2949711375,False
4,titan_034071,0,779201.4092216253,False
4,titan_034072,0,814732.4160266343,False
4,titan_034073,0,850737.73326853,False
4,titan_034074,0,887150.1962303072,False
4,titan_034075,0,923911.9774625803,False
4,titan_034076,0,960973.2430096394,False
4,titan_034077,0,998290.6378922538,False
4,titan_034078,0,1035826.4441828814,False
4,titan_034090,0,1494193.7429535442,False
4,titan_034091,0,1532533.6435129533,False
4,titan_034092,0,1567835.3490053604,False
4,titan_034093,0,1599288.9305934967,False
4,titan_034094,0,1630820.3198844162,False
4,titan_034095,0,1662413.993347829,False
4,titan_034096,0,1694055.160131684,False
4,titan_034097,0,1725729.8799511704,False
4,titan_034098,0,1757424.8044592624,False
4,titan_034099,0,1789127.3080001085,False
4,titan_034100,0,1820825.2399342025,False
4,titan_034101,0,1852507.065844913,False
4,titan_034102,0,1884161.6291964266,False
4,titan_034103,0,1915778.3009242702,False
4,titan_034104,0,1947346.7490825923,False
4,titan_034105,0,1978857.0950658396,False
4,titan_034107,0,2041665.2768994977,False
4,titan_034108,0,2066007.879004747,False
4,titan_034109,0,2084608.4884617794,False
4,titan_034110,2,2085122.9802065454,False
4,titan_034338,0,664076.9269559586,False
4,titan_034339,0,699451.7623624138,False
4,titan_034340,0,735448.0422909106,False
4,titan_034341,0,771969.130090997,False
4,titan_034342,0,808934.0321003874,False
4,titan_034343,0,846274.4885306446,False
4,titan_034344,0,883932.6273649985,False
4,titan_034345,0,921859.0765133268,False
4,titan_034346,0,960011.4446084776,False
4,titan_034347,0,998353.1251151676,False
4,titan_034359,0,1464566.0609121006,False
4,titan_034360,0,1499563.953531468,False
4,titan_034361,0,1531489.0531498664,False
4,titan_034362,0,1563497.1169883732,False
4,titan_034363,0,1595571.500039916,False
4,titan_034364,0,1627696.5081269825,False
4,titan_034365,0,1659857.3331537934,False
4,titan_034366,0,1692039.8767480997,False
4,titan_034367,0,1724230.8213562071,False
4,titan_034368,0,1756417.4683275966,False
4,titan_034369,0,1788587.702073309,False
4,titan_034370,0,1820729.9358250555,False
4,titan_034371,0,1852833.0624226313,False
4,titan_034372,0,1884886.4096367424,False
4,titan_034373,0,1916879.6995829889,False
4,titan_034602,0,621327.6837821659,False
4,titan_034603,0,657867.3488846507,False
4,titan_034604,0,694984.6299608116,False
4,titan_034605,0,732581.3550149857,False
4,titan_034606,0,770576.6814238445,False
4,titan_034607,0,808903.6572269351,False
4,titan_034608,0,847506.3331607784,False
4,titan_034609,0,886337.4879358481,False
4,titan_034610,0,925357.0855387634,False
4,titan_034611,0,964530.8443597907,False
4,titan_034622,0,1399207.4162393957,False
4,titan_034623,0,1433113.8211453124,False
4,titan_034624,0,1465543.2319592827,False
4,titan_034625,0,1498059.5934009748,False
4,titan_034626,0,1530645.1729367052,False
4,titan_034627,0,1563283.2544965385,False
4,titan_034628,0,1595958.174792038,False
4,titan_034629,0,1628655.1552727742,False
4,titan_034630,0,1661360.1432919495,False
4,titan_034631,0,1694059.878113187,False
4,titan_034632,0,1726741.7486545977,False
4,titan_034633,0,1759393.658263114,False
4,titan_034634,0,1792004.111627953,False
4,titan_034635,0,1824562.0912074423,False
4,titan_034636,0,1857056.939192186,False
4,titan_034637,0,1889478.4589065446,False
4,titan_034862,0,582024.6424928169,False
4,titan_034863,0,619839.4854226739,False
4,titan_034864,0,658164.824542577,False
4,titan_034865,0,696905.2617585796,False
4,titan_034866,0,735983.8874978123,False
4,titan_034867,0,775337.9332305747,False
4,titan_034868,0,814915.766053645,False
4,titan_034869,0,854674.3804585049,False
4,titan_034870,0,894577.6055249224,False
4,titan_034871,0,934594.7387844486,False
4,titan_034872,0,974699.3530690494,False
4,titan_034880,0,1296435.0409041909,False
4,titan_034881,2,1335659.0216301428,False
4,titan_034882,0,1368518.615269909,False
4,titan_034883,0,1401487.9500181158,False
4,titan_034884,0,1434546.7794263808,False
4,titan_034885,0,1467676.2190184933,False
4,titan_034886,0,1500858.624835812,False
4,titan_034887,0,1534077.464047791,False
4,titan_034888,0,1567317.2235734991,False
4,titan_034889,0,1600563.2111044182,False
4,titan_034890,0,1633801.6072187817,False
4,titan_034891,0,1667019.2872377348,False
4,titan_034892,0,1700203.7717603366,False
4,titan_034893,0,1733343.1848040381,False
4,titan_034894,0,1766426.0991675898,False
4,titan_034895,0,1799441.627134461,False
4,titan_035119,0,585808.5620254432,False
4,titan_035120,0,625399.5465364477,False
4,titan_035121,0,665322.9346930808,False
4,titan_035122,0,705510.0097240079,False
4,titan_035123,0,745905.781143255,False
4,titan_035124,0,786465.4430935084,False
4,titan_035125,0,827152.1864887383,False
4,titan_035126,0,867935.184710329,False
4,titan_035127,0,908788.4924909106,False
4,titan_035128,0,949689.808578208,False
4,titan_035134,0,1195173.3720458646,False
4,titan_035135,0,1235979.0188163265,False
4,titan_035136,0,1272386.1746505718,False
4,titan_035137,0,1305821.9003104337,False
4,titan_035138,0,1339369.4784646656,False
4,titan_035139,0,1373007.2805896539,False
4,titan_035140,0,1406715.3562864985,False
4,titan_035141,0,1440475.0899506519,False
4,titan_035142,0,1474269.1165392601,False
4,titan_035143,0,1508081.256122653,False
4,titan_035144,0,1541896.2242265895,False
4,titan_035145,0,1575699.7160909302,False
4,titan_035146,0,1609478.1191801275,False
4,titan_035147,0,1643218.6203914061,False
4,titan_035148,0,1676908.9389542188,False
4,titan_035149,0,1710537.4510194394,False
4,titan_035150,0,1744092.9386494833,False
4,titan_035371,0,556279.8551262507,False
4,titan_035372,0,597147.9425936628,False
4,titan_035373,0,638251.3755237312,False
4,titan_035374,0,679534.2737315428,False
4,titan_035375,0,720952.4745516403,False
4,titan_035376,0,762470.4283839688,False
4,titan_035377,0,804059.0280105117,False
4,titan_035378,0,845694.0223403948,False
4,titan_035379,0,887354.9981850057,False
4,titan_035380,0,929024.3675914608,False
4,titan_035383,0,1053938.767891267,False
4,titan_035384,0,1095505.2748524202,False
4,titan_035385,0,1137018.6496159814,False
4,titan_035386,0,1177105.7479988383,False
4,titan_035387,0,1211024.1010811522,False
4,titan_035388,0,1245079.0053004357,False
4,titan_035389,0,1279245.5691210497,False
4,titan_035390,0,1313500.9178396345,False
4,titan_035391,0,1347824.0447906116,False
4,titan_035392,0,1382195.4545532118,False
4,titan_035393,0,1416597.072026775,False
4,titan_035394,0,1451012.0554590104,False
4,titan_035395,0,1485424.6535862824,False
4,titan_035396,0,1519820.0563409668,False
4,titan_035397,0,1554184.3807265752,False
4,titan_035398,0,1588504.4299745515,False
4,titan_035399,0,1622767.7041530113,False
4,titan_035400,0,1656962.3007723517,False
4,titan_035618,0,531803.6544123279,False
4,titan_035619,0,573896.7326679983,False
4,titan_035620,0,616122.6062808587,False
4,titan_035621,0,658441.5745327728,False
4,titan_035622,0,700822.4671325505,False
4,titan_035623,0,743240.1938002566,False
4,titan_035624,0,785674.2229964993,False
4,titan_035625,0,828107.2629050616,False
4,titan_035626,0,870524.561999811,False
4,titan_035627,0,912913.2595440856,False
4,titan_035628,0,955262.065956429,False
4,titan_035629,0,997560.7627957561,False
4,titan_035630,0,1039800.0720340136,False
4,titan_035631,0,1081971.4086851447,False
4,titan_035632,0,1117054.695613629,False
4,titan_035633,0,1151639.2153383961,False
4,titan_035634,0,1186358.8148305167,False
4,titan_035635,0,1221187.159338331,False
4,titan_035636,0,1256100.2085281014,False
4,titan_035637,0,1291076.0146725427,False
4,titan_035638,0,1326094.322570367,False
4,titan_035639,0,1361136.4435896336,False
4,titan_035640,0,1396185.0161031666,False
4,titan_035641,0,1431223.935413513,False
4,titan_035642,0,1466238.0654536502,False
4,titan_035645,0,1570993.6600006092,False
4,titan_035646,0,1605774.2548767661,False
4,titan_035861,0,512936.8377608835,False
4,titan_035862,0,556125.6238656737,False
4,titan_035863,0,599352.9510707002,False
4,titan_035864,0,642595.9099956392,False
4,titan_035865,0,685836.1578134083,False
4,titan_035866,0,729058.707821532,False
4,titan_035867,0,772250.8893895944,False
4,titan_035868,0,815401.7739284324,False
4,titan_035869,0,858501.6165022196,False
4,titan_035870,0,901541.7138654282,False
4,titan_035871,0,944514.058498799,False
4,titan_035872,0,987411.1975174646,False
4,titan_035873,0,1023871.9629455167,False
4,titan_035874,0,1059012.8176912358,False
4,titan_035875,0,1094314.4142595506,False
4,titan_035876,0,1129746.1264396291,False
4,titan_035877,0,1165280.3561198914,False
4,titan_035878,0,1200892.1344055913,False
4,titan_035879,0,1236558.6668260926,False
4,titan_035880,0,1272259.1716064925,False
4,titan_035881,0,1307974.523621281,False
4,titan_035882,0,1343687.0798448692,False
4,titan_035883,2,1379380.392754044,False
4,titan_035884,0,1415039.1906832242,False
4,titan_035885,0,1450649.140826447,False
4,titan_035888,0,1557054.5991344387,False
4,titan_035889,0,1592341.1537619878,False
4,titan_036098,0,456092.6516909004,False
4,titan_036099,0,500185.71112707944,False
4,titan_036100,0,544260.2722375288,False
4,titan_036101,0,588304.4785605684,False
4,titan_036102,0,632308.3876983385,False
4,titan_036103,0,676263.4816121303,False
4,titan_036104,0,720162.1294295015,False
4,titan_036105,0,763997.3403901883,False
4,titan_036106,0,807762.606218927,False
4,titan_036107,0,851451.6565260241,False
4,titan_036108,0,895058.5401525301,False
4,titan_036109,0,931432.9685179527,False
4,titan_036110,0,967162.4503449309,False
4,titan_036111,0,1003080.8027218297,False
4,titan_036112,0,1039152.0184635848,False
4,titan_036113,0,1075344.170667028,False
4,titan_036114,0,1111628.7041675607,False
4,titan_036115,0,1147979.9475951237,False
4,titan_036116,0,1184374.7099931452,False
4,titan_036117,0,1220791.826734069,False
4,titan_036120,0,1329991.756944127,False
4,titan_036121,0,1366319.6122934741,False
4,titan_036122,0,1402586.6706975296,False
4,titan_036123,0,1438779.505833529,False
4,titan_036125,0,1510892.3323594807,False
4,titan_036126,0,1546788.7940581348,False
4,titan_036127,0,1582563.7447999695,False
4,titan_036322,0,44999.20393908589,True
4,titan_036323,0,89993.63050751796,True
4,titan_036326,0,224900.4216388435,False
4,titan_036327,0,269827.8806060266,False
4,titan_036328,0,314726.5909252972,False
4,titan_036329,0,359591.7245562963,False
4,titan_036330,0,404418.43655531504,False
4,titan_036331,0,449201.8626525901,False
4,titan_036332,0,493937.1168267551,False
4,titan_036333,2,538619.2888761717,False
4,titan_036334,0,583243.441987101,False
4,titan_036335,0,627804.6102986052,False
4,titan_036336,0,672297.7964642388,False
4,titan_036337,0,716717.9692106368,False
4,titan_036338,0,761060.06089322,False
4,titan_036339,0,802880.1770846146,False
4,titan_036340,0,839694.7203377628,False
4,titan_036341,0,876052.2684373799,False
4,titan_036342,0,912629.3089052156,False
4,titan_036343,0,949383.194460747,False
4,titan_036344,0,986276.6682342285,False
4,titan_036345,0,1023276.9507535708,False
4,titan_036346,0,1060354.9963423829,False
4,titan_036353,0,1320186.1365165114,False
4,titan_036354,0,1357129.951134964,False
4,titan_036355,0,1393985.742651031,False
4,titan_036358,0,1503902.8982031238,False
4,titan_036359,0,1540287.335283757,False
4,titan_036360,0,1567799.5207071293,False
4,titan_036368,0,1707726.728774719,False
4,titan_036551,0,44999.13217958244,True
4,titan_036552,0,89993.163520618,True
4,titan_036553,0,134976.90525488474,False
4,titan_036554,0,179945.27733994205,False
4,titan_036555,0,224893.0782946163,False
4,titan_036556,0,269666.60545335204,False
4,titan_036557,0,314493.7738430541,False
4,titan_036558,0,359422.8421302389,False
4,titan_036559,0,404375.6096756044,False
4,titan_036560,0,449143.0820992844,False
4,titan_036561,0,493858.86910370295,False
4,titan_036562,0,538517.6445465657,False
4,titan_036563,0,582916.6046410858,False
4,titan_036564,0,626768.0515866772,False
4,titan_036565,0,669503.9055965126,False
4,titan_036566,0,710436.100264022,False
4,titan_036567,0,748616.1059895869,False
4,titan_036568,0,785650.6895140598,False
4,titan_036569,0,822937.7955154766,False
4,titan_036570,0,860426.3519025568,False
4,titan_036571,0,898072.586905359,False
4,titan_036572,0,935838.8007612065,False
4,titan_036573,0,973692.0712351041,False
4,titan_036581,0,1276756.2802144478,False
4,titan_036582,0,1314392.752516873,False
4,titan_036583,0,1351925.609366406,False
4,titan_036584,0,1389342.6251229788,False
4,titan_036587,0,1498810.8512948172,False
4,titan_036588,0,1520977.3135842902,False
4,titan_036589,0,1543195.510622978,False
4,titan_036596,0,1668550.0072248562,False
4,titan_036775,0,44999.09493435509,True
4,titan_036776,0,89992.65209491257,True
4,titan_036777,0,134975.2145605721,False
4,titan_036778,0,179941.20865380534,False
4,titan_036779,0,224885.1639631493,False
4,titan_036780,0,269801.4880207909,False
4,titan_036781,0,314684.6861345644,False
4,titan_036782,0,359529.1363126049,False
4,titan_036783,0,404329.3087958886,False
4,titan_036784,0,448351.65786582325,False
4,titan_036785,0,492336.7723311116,False
4,titan_036786,0,535518.5892422865,False
4,titan_036787,0,577887.3549535949,False
4,titan_036788,0,618950.1994455322,False
4,titan_036789,0,658161.4421934542,False
4,titan_036790,0,695935.3086575614,False
4,titan_036791,0,733996.3541756028,False
4,titan_036792,0,772282.8157477542,False
4,titan_036793,0,810743.102321772,False
4,titan_036794,0,849333.7906836574,False
4,titan_036795,0,888017.7596367232,False
4,titan_036796,0,926763.091387813,False
4,titan_036805,0,1274497.6284942888,False
4,titan_036806,0,1312716.9117906177,False
4,titan_036807,0,1350803.666072101,False
4,titan_036808,0,1388746.6657950422,False
4,titan_036810,0,1452948.6810750503,False
4,titan_036811,0,1475619.039849459,False
4,titan_036812,0,1498338.1919946468,False
4,titan_036819,0,1628476.6679862966,False
4,titan_036994,0,44999.01352173466,True
4,titan_036995,0,89992.10470853963,True
4,titan_036996,0,134973.3483870768,False
4,titan_036997,0,179936.81370765262,False
4,titan_036998,0,224876.5613071482,False
4,titan_036999,0,269786.6404733298,False
4,titan_037000,0,313940.7937624782,False
4,titan_037001,0,357850.95258154103,False
4,titan_037002,0,401801.85686337686,False
4,titan_037003,0,444674.3981668915,False
4,titan_037004,0,487100.97315101244,False
4,titan_037005,0,528446.6844136536,False
4,titan_037006,0,568307.6255295166,False
4,titan_037007,0,606901.9980117342,False
4,titan_037008,0,645817.8630277999,False
4,titan_037009,0,684979.9046286785,False
4,titan_037010,0,724327.3657283235,False
4,titan_037011,0,763810.489298957,False
4,titan_037012,0,803387.9235845455,False
4,titan_037013,0,843024.8084687586,False
4,titan_037023,0,1237574.5268081685,False
4,titan_037024,0,1276483.8476600363,False
4,titan_037025,0,1315242.770816687,False
4,titan_037026,0,1353840.6100802755,False
4,titan_037027,0,1385442.5350371297,False
4,titan_037029,0,1431793.1220115616,False
4,titan_037030,0,1455044.3370273658,False
4,titan_037031,0,1478320.6344244957,False
4,titan_037032,0,1501603.876241767,False
4,titan_037033,0,1524876.6711091306,False
4,titan_037037,0,1587473.9661047785,False
4,titan_037208,0,44998.92574695302,True
4,titan_037209,0,89991.50803304982,True
4,titan_037210,0,134971.32061354193,False
4,titan_037211,0,179932.03763803432,False
4,titan_037212,0,224054.95094970462,False
4,titan_037213,0,267663.72596698557,False
4,titan_037214,0,311448.40439425,False
4,titan_037215,0,354601.33527626906,False
4,titan_037216,0,397010.8713218189,False
4,titan_037217,0,438498.4837952216,False
4,titan_037218,0,479058.91010275064,False
4,titan_037219,0,518583.4779094057,False
4,titan_037220,0,558458.3973136696,False
4,titan_037221,0,598591.913598721,False
4,titan_037222,0,638913.1092597697,False
4,titan_037223,0,679366.1505923969,False
4,titan_037224,0,719906.0255144155,False
4,titan_037225,0,760495.8951950583,False
4,titan_037234,0,1124102.7826356422,False
4,titan_037235,0,1164004.66181213,False
4,titan_037236,0,1203759.0101060648,False
4,titan_037237,0,1243355.0040500243,False
4,titan_037238,0,1282782.1164326433,False
4,titan_037239,0,1318438.6251847153,False
4,titan_037240,0,1342078.890223028,False
4,titan_037242,0,1389577.2200803128,False
4,titan_037243,0,1413392.4226500266,False
4,titan_037244,0,1437224.6975597586,False
4,titan_037245,0,1461054.9883725143,False
4,titan_037246,0,1484865.067710521,False
4,titan_037250,0,1545505.6396581298,False
4,titan_037417,0,44998.857890693456,True
4,titan_037418,0,89990.85864132116,True
4,titan_037419,3,134969.14196809544,False
4,titan_037420,3,178407.7544228917,False
4,titan_037421,0,221628.30885135414,False
4,titan_037422,0,265196.49170567,False
4,titan_037423,0,307664.3581208307,False
4,titan_037424,0,349673.70658712706,False
4,titan_037425,0,390482.1160500865,False
4,titan_037426,0,431089.90492214833,False
4,titan_037427,0,472059.54432873486,False
4,titan_037428,0,513281.28435258684,False
4,titan_037429,0,554675.3766748054,False
4,titan_037430,0,596182.0025827887,False
4,titan_037431,0,637754.9442087603,False
4,titan_037432,0,679357.4912409629,False
4,titan_037442,0,1092124.6214136246,False
4,titan_037443,0,1132740.6588127569,False
4,titan_037444,0,1173189.4047429063,False
4,titan_037445,0,1213460.7423121373,False
4,titan_037446,0,1251914.6701502993,False
4,titan_037447,0,1276078.979203026,False
4,titan_037448,0,1300340.5073934263,False
4,titan_037449,0,1324674.844782169,False
4,titan_037451,0,1373470.284033569,False
4,titan_037452,0,1397888.373981007,False
4,titan_037453,0,1422293.0708846732,False
4,titan_037454,0,1446665.3073405873,False
4,titan_037457,0,1516733.0451216544,False
4,titan_037458,0,1502531.1396306204,False
4,titan_037621,0,44998.78403824344,True
4,titan_037622,0,89990.15455291173,True
4,titan_037623,3,133601.78876575854,False
4,titan_037624,0,176020.6578237658,False
4,titan_037625,0,219188.09320886695,False
4,titan_037626,0,261415.19158073628,False
4,titan_037627,0,302802.84173010563,False
4,titan_037628,0,344710.60745036916,False
4,titan_037629,0,386945.8173824688,False
4,titan_037630,0,429387.39675090526,False
4,titan_037631,0,471954.71565902024,False
4,titan_037632,0,514591.1570047382,False
4,titan_037633,0,557254.9802555854,False
4,titan_037634,0,599914.2122570651,False
4,titan_037645,0,1063573.400265805,False
4,titan_037646,0,1104881.4089372433,False
4,titan_037647,0,1146003.517036051,False
4,titan_037648,0,1185846.589845779,False
4,titan_037649,0,1210565.8099693316,False
4,titan_037650,0,1235400.9393047453,False
4,titan_037651,0,1260324.6152992053,False
4,titan_037652,0,1285311.0501812217,False
4,titan_037653,0,1310335.7995711116,False
4,titan_037654,0,1335375.7497517988,False
4,titan_037655,0,1360408.9725951334,False
4,titan_037656,0,1385414.5882086798,False
4,titan_037657,0,1410372.7619585071,False
4,titan_037660,0,1475819.7909174496,False
4,titan_037661,0,1458504.9818837887,False
4,titan_037820,0,44998.6677544906,True
4,titan_037821,0,89989.36691514277,True
4,titan_037822,3,131285.26395661486,False
4,titan_037823,0,173617.12054279848,False
4,titan_037824,3,216728.83259395396,False
4,titan_037825,3,260209.88490983413,False
4,titan_037826,0,303877.2411448848,False
4,titan_037827,0,347635.17726894934,False
4,titan_037828,0,391427.0236312094,False
4,titan_037829,0,435215.6588728921,False
4,titan_037830,0,478974.5043291589,False
4,titan_037843,0,1038604.0220541975,False
4,titan_037844,0,1080570.2859059866,False
4,titan_037845,0,1120208.3040166644,False
4,titan_037846,0,1145517.5569355383,False
4,titan_037847,0,1170962.8398460916,False
4,titan_037848,0,1196513.4096486291,False
4,titan_037849,0,1222140.4327984666,False
4,titan_037850,0,1247816.771027385,False
4,titan_037851,0,1273516.8487643471,False
4,titan_037852,0,1299216.5184019548,False
4,titan_037853,0,1324892.950911276,False
4,titan_037854,0,1350524.4667892747,False
4,titan_037855,0,1376090.5177865264,False
4,titan_037858,2,1432151.1655809004,False
4,titan_038013,0,44998.565370344884,True
4,titan_038014,0,89988.52624037107,True
4,titan_038015,0,134961.27449968172,False
4,titan_038016,0,179908.1948216408,False
4,titan_038017,0,224820.66106508698,False
4,titan_038018,0,269690.0326879529,False
4,titan_038019,0,314507.651176804,False
4,titan_038035,0,1017362.391666994,False
4,titan_038036,0,1054971.9418622144,False
4,titan_038037,0,1080911.193181991,False
4,titan_038038,0,1107008.1519050123,False
4,titan_038039,0,1133228.1387473845,False
4,titan_038040,0,1159538.789606629,False
4,titan_038041,0,1185909.8421541045,False
4,titan_038042,0,1212312.9404301008,False
4,titan_038043,0,1238721.4567717747,False
4,titan_038044,0,1265110.3301470552,False
4,titan_038045,0,1291455.9198219236,False
4,titan_038046,0,1317735.8732219818,False
4,titan_038047,0,1343929.006838171,False
4,titan_038050,0,1386369.0767160978,False
4,titan_038200,0,44998.43328297554,True
4,titan_038201,0,73312.24739943692,True
4,titan_038202,0,112860.93148460129,False
4,titan_038222,0,990107.9049642931,False
4,titan_038223,0,1016722.7478859432,False
4,titan_038224,0,1043518.6365383094,False
4,titan_038225,0,1070456.2491420032,False
4,titan_038226,0,1097499.1166184067,False
4,titan_038227,0,1124613.386959112,False
4,titan_038228,0,1151767.5335652423,False
4,titan_038229,0,1178932.1738795491,False
4,titan_038230,0,1206079.7713480538,False
4,titan_038231,0,1233184.4864882382,False
4,titan_038232,0,1260222.048133163,False
4,titan_038233,0,1287169.5165876052,False
4,titan_038234,0,1313785.3760019422,False
4,titan_038236,0,1344647.0851704811,False
4,titan_038237,0,1339394.9896323427,False
4,titan_038403,0,925585.0662979896,False
4,titan_038404,0,952927.6754907699,False
4,titan_038405,0,980476.3882575253,False
4,titan_038406,0,1008186.3555247561,False
4,titan_038408,0,1063928.344592714,False
4,titan_038409,0,1091887.3145032874,False
4,titan_038410,0,1119860.6981800678,False
4,titan_038411,0,1147818.2855077428,False
4,titan_038412,0,1175731.8416191211,False
4,titan_038413,0,1203574.9973594598,False
4,titan_038414,0,1231322.9409821448,False
4,titan_038415,0,1258952.35766754,False
4,titan_038416,0,1276429.3825209814,False
4,titan_038418,0,1308211.0554099907,False
4,titan_038579,0,889501.474635179,False
4,titan_038580,0,917864.67012091,False
4,titan_038581,0,946409.246589751,False
4,titan_038582,0,975088.4379673648,False
4,titan_038584,0,1032683.3431021861,False
4,titan_038585,0,1061523.9865492363,False
4,titan_038586,0,1090348.2012507645,False
4,titan_038587,0,1119125.2419800288,False
4,titan_038588,0,1147826.4515941758,False
4,titan_038589,0,1176425.1072367642,False
4,titan_038590,0,1204896.158495739,False
4,titan_038591,0,1224066.4366210555,False
4,titan_038592,0,1240451.0799559294,False
4,titan_038593,0,1256834.586843143,False
4,titan_038594,0,1260440.9609779702,False
4,titan_038750,0,855669.0934930536,False
4,titan_038751,0,885119.3136117558,False
4,titan_038752,0,914718.0012372894,False
4,titan_038755,0,1003945.47529683,False
4,titan_038756,0,1033698.6954344438,False
4,titan_038757,0,1063398.9731228335,False
4,titan_038758,0,1093015.3361797042,False
4,titan_038759,0,1122519.0231135807,False
4,titan_038760,0,1151883.2462159921,False
4,titan_038761,0,1172129.135150343,False
4,titan_038762,0,1189041.036345495,False
4,titan_038763,0,1205955.6707438359,False
4,titan_038764,0,1222851.078519839,False
4,titan_038914,0,793879.7468842209,False
4,titan_038915,0,824316.7711577895,False
4,titan_038916,0,854914.5781354907,False
4,titan_038917,0,885618.903232121,False
4,titan_038920,0,977907.9707622319,False
4,titan_038921,0,1008596.4785305292,False
4,titan_038922,0,1039189.6294812361,False
4,titan_038923,0,1069656.6838510286,False
4,titan_038924,0,1099969.0736236703,False
4,titan_038925,2,1120624.4528979042,False
4,titan_038926,0,1138104.2773472893,False
4,titan_038927,0,1155590.1920594124,False
4,titan_038928,0,1173057.856741064,False
4,titan_038929,0,1174091.0195320295,False
4,titan_039074,0,764010.7252201226,False
4,titan_039075,0,795697.7577635017,False
4,titan_039076,0,827493.9552036603,False
4,titan_039080,0,954772.5594389249,False
4,titan_039081,0,986408.4830792198,False
4,titan_039082,0,1017900.8239203717,False
4,titan_039083,0,1049219.440532756,False
4,titan_039084,0,1069561.2865718922,False
4,titan_039085,0,1087654.7967604971,False
4,titan_039086,0,1105757.0828879373,False
4,titan_039087,0,1123841.0728933918,False
4,titan_039088,0,1137298.210655892,False
4,titan_039227,0,704224.3254281285,False
4,titan_039228,0,737102.3512245048,False
4,titan_039229,0,770086.7547270575,False
4,titan_039230,0,803117.9485204145,False
4,titan_039234,0,934745.0202238667,False
4,titan_039235,0,967327.5396649329,False
4,titan_039236,0,999712.7479166854,False
4,titan_039237,0,1018951.0977932625,False
4,titan_039238,0,1037709.934618019,False
4,titan_039239,0,1056479.2405293477,False
4,titan_039240,0,1075228.8186958225,False
4,titan_039241,0,1093929.9611119977,False
4,titan_039242,0,1085247.5001004154,False
4,titan_039361,0,239316.66172478668,False
4,titan_039376,0,679185.8308790138,False
4,titan_039377,0,713464.5550852529,False
4,titan_039378,0,747773.9776903118,False
4,titan_039383,0,918029.155134102,False
4,titan_039384,0,949372.6570770254,False
4,titan_039385,0,968808.6354968604,False
4,titan_039386,0,988291.0951729141,False
4,titan_039387,2,1007784.3517281308,False
4,titan_039388,0,1027254.6440960391,False
4,titan_039389,0,1046670.0266223116,False
4,titan_039390,0,1047636.3366054536,False
4,titan_039518,0,622040.3292057439,False
4,titan_039519,0,657727.7800136397,False
4,titan_039520,0,693419.3936191878,False
4,titan_039521,0,729056.1419208993,False
4,titan_039525,0,870117.7928365364,False
4,titan_039526,0,898930.1769147294,False
4,titan_039527,0,919152.7705978082,False
4,titan_039528,0,939424.8004634465,False
4,titan_039529,0,959706.0430273444,False
4,titan_039530,0,979958.6842967203,False
4,titan_039531,2,1000147.1583437532,False
4,titan_039532,2,1009878.499224276,False
4,titan_039644,0,219156.83368157217,False
4,titan_039653,0,528632.2520077949,False
4,titan_039654,0,565811.5596160599,False
4,titan_039655,0,603026.1832307071,False
4,titan_039656,0,640204.8622993093,False
4,titan_039657,0,677287.901633011,False
4,titan_039662,0,848921.9030075397,False
4,titan_039663,0,870007.7085449427,False
4,titan_039664,0,891143.962034335,False
4,titan_039665,0,912285.2539305201,False
4,titan_039666,0,933389.1725665154,False
4,titan_039667,0,954416.0418694763,False
4,titan_039668,0,971986.2302293712,False
4,titan_039785,0,549583.8430712989,False
4,titan_039786,0,588345.5056658613,False
4,titan_039787,0,626958.1054609565,False
4,titan_039791,0,777435.7990351937,False
4,titan_039792,0,799368.0202386007,False
4,titan_039793,0,821404.4505382666,False
4,titan_039794,2,843489.5608762474,False
4,titan_039795,0,865572.0028737689,False
4,titan_039796,0,887604.1512659697,False
4,titan_039797,0,909541.7628241358,False
4,titan_039798,0,928894.9555456644,False
4,titan_039909,0,497738.69125525636,False
4,titan_039910,0,538150.6336816289,False
4,titan_039911,0,578349.2996269346,False
4,titan_039912,0,618292.0914291621,False
4,titan_039913,0,657941.0909688338,False
4,titan_039914,0,697161.4084900821,False
4,titan_039915,0,727315.1720980179,False
4,titan_039916,0,750295.7989372103,False
4,titan_039917,0,773382.8140320383,False
4,titan_039918,2,796512.7898386305,False
4,titan_039919,2,819627.572089548,False
4,titan_039920,0,842673.713033331,False
4,titan_039921,0,864983.6982774145,False
4,titan_039922,0,884570.2192804542,False
4,titan_039923,0,877377.2670175582,False
4,titan_040029,0,490068.2099277004,False
4,titan_040030,0,531852.979376516,False
4,titan_040031,0,573324.9346540252,False
4,titan_040032,0,613975.7978835123,False
4,titan_040033,0,653203.3306831139,False
4,titan_040034,0,677594.3790622578,False
4,titan_040035,0,701742.293373933,False
4,titan_040036,0,725994.3425251433,False
4,titan_040037,0,750277.9849017913,False
4,titan_040038,0,774527.4320456767,False
4,titan_040039,0,798682.7926804995,False
4,titan_040040,0,821257.9024354899,False
4,titan_040041,0,840981.511249242,False
4,titan_040042,0,835749.6315788344,False
4,titan_040133,0,44994.74847474321,True
4,titan_040134,2,89957.98004613166,True
4,titan_040135,0,134858.16662013505,False
4,titan_040142,0,444749.6279053955,False
4,titan_040143,0,487966.59416233574,False
4,titan_040144,0,529461.4500405139,False
4,titan_040145,0,570604.4370971126,False
4,titan_040146,2,603040.2292559491,False
4,titan_040147,2,628304.8259469579,False
4,titan_040150,0,704866.1582710438,False
4,titan_040151,0,730364.6223851282,False
4,titan_040152,0,755599.6761321622,False
4,titan_040153,0,778014.1515879217,False
4,titan_040154,0,797566.755863701,False
4,titan_040155,0,792594.8889967175,False
4,titan_040241,0,44994.085443380296,True
4,titan_040242,0,89952.61296634628,True
4,titan_040243,0,134810.53943773493,False
4,titan_040244,0,178882.66314159668,False
4,titan_040245,0,223620.16117644598,False
4,titan_040246,0,268585.24806386174,False
4,titan_040247,0,312968.8590660782,False
4,titan_040248,0,356968.51944866055,False
4,titan_040249,0,400684.4091181748,False
4,titan_040250,0,444081.2170745241,False
4,titan_040251,0,487123.7453069243,False
4,titan_040252,2,526334.6588037381,False
4,titan_040253,2,552760.0880728004,False
4,titan_040258,0,687254.4790594168,False
4,titan_040259,0,712722.3984472477,False
4,titan_040260,0,735319.2269129159,False
4,titan_040261,0,754980.8726168333,False
4,titan_040262,0,749264.2983615181,False
4,titan_040344,0,93194.5421367028,True
4,titan_040345,0,135517.7819110625,False
4,titan_040346,0,179659.20388265976,False
4,titan_040347,2,224438.41067322498,False
4,titan_040348,0,269417.5990073529,False
4,titan_040349,0,314384.4154701257,False
4,titan_040350,0,358760.95755169925,False
4,titan_040351,0,400591.99908298126,False
4,titan_040352,0,442119.89317154756,False
4,titan_040353,0,474744.26986823924,False
4,titan_040359,0,645306.0978520483,False
4,titan_040360,0,670767.9979927863,False
4,titan_040361,0,693238.0594072402,False
4,titan_040362,0,712650.0533133474,False
4,titan_040363,0,705748.8923260948,False
4,titan_040445,0,312366.62905494566,False
4,titan_040446,0,356070.3926736641,False
4,titan_040447,0,393838.4290916787,False
4,titan_040448,0,423328.0771163251,False
4,titan_040454,0,603280.5734555967,False
4,titan_040455,0,628898.7385856832,False
4,titan_040456,0,651458.6861678804,False
4,titan_040457,0,670861.7702753608,False
4,titan_040458,0,662037.5356640752,False
4,titan_040535,0,309585.4133170289,False
4,titan_040536,0,340458.1171075002,False
4,titan_040537,0,372164.60684273206,False
4,titan_040542,0,533435.5939118041,False
4,titan_040543,0,562220.7622159437,False
4,titan_040544,4,587920.3087692875,False
4,titan_040545,4,610384.8833818183,False
4,titan_040546,0,629511.8235459983,False
4,titan_040547,0,618116.1972417993,False
4,titan_040618,0,253613.22218946944,False
4,titan_040619,0,287099.1158838975,False
4,titan_040620,0,321431.80759795033,False
4,titan_040624,0,460642.00942076585,False
4,titan_040625,0,492311.88109383016,False
4,titan_040626,0,521189.57350816304,False
4,titan_040627,0,546960.4872471533,False
4,titan_040628,4,569407.2502408536,False
4,titan_040629,0,588378.8259911765,False
4,titan_040694,0,197351.0335867158,False
4,titan_040695,0,234073.39579934467,False
4,titan_040696,0,271521.8573430595,False
4,titan_040699,0,384363.762242126,False
4,titan_040700,0,419192.8254166397,False
4,titan_040701,0,451522.58805165614,False
4,titan_040702,0,480839.12832131237,False
4,titan_040704,0,529177.998667374,False
4,titan_040705,0,545192.996027339,False
4,titan_040764,0,141565.08251855793,False
4,titan_040765,0,182291.2677827023,False
4,titan_040766,0,223315.9921029265,False
4,titan_040767,0,264256.59777675604,False
4,titan_040768,0,304893.1124269001,False
4,titan_040769,0,342649.8697619789,False
4,titan_040770,0,378596.17945355736,False
4,titan_040771,0,411426.973257853,False
4,titan_040772,0,440726.84145484446,False
4,titan_040775,2,501838.3767277337,False
4,titan_040827,0,44982.52813951465,True
4,titan_040828,0,89860.26344154884,True
4,titan_040829,0,134528.59359115936,False
4,titan_040830,0,178883.26829713068,False
4,titan_040831,0,221786.6306102248,False
4,titan_040832,0,262252.7223798917,False
4,titan_040833,0,301664.11272279534,False
4,titan_040834,0,337711.98178812466,False
4,titan_040835,0,370876.63317339297,False
4,titan_040839,0,458408.8324589515,False
4,titan_040886,0,44978.4613798844,True
4,titan_040887,0,89827.7402965221,True
4,titan_040888,0,134418.94702500556,False
4,titan_040889,0,178623.77155631996,False
4,titan_040890,0,220026.30591276533,False
4,titan_040891,4,259884.49163047946,False
4,titan_040892,4,296913.54071295186,False
4,titan_040896,0,409599.5131359837,False
4,titan_040897,0,414924.2532566643,False
4,titan_040939,0,44972.82288018981,True
4,titan_040940,0,89782.69067200198,True
4,titan_040941,0,134267.1209624584,False
4,titan_040942,0,178264.63623583107,False
4,titan_040943,0,217915.2621790522,False
4,titan_040946,0,322052.1734438953,False
4,titan_040947,0,348729.29632946546,False
4,titan_040948,0,370478.4463601325,False
4,titan_040949,0,371417.0182243766,False
4,titan_040986,0,44964.69915348096,True
4,titan_040990,4,215255.99261068564,False
4,titan_040991,0,251510.26513263505,False
4,titan_040992,0,283672.08208330884,False
4,titan_040993,0,310029.112981232,False
4,titan_040994,0,331171.9746394109,False
4,titan_041026,0,44952.36402689405,True
4,titan_041027,0,89619.24441269225,True
4,titan_041028,0,133716.7895456038,False
4,titan_041029,0,174344.87654243456,False
4,titan_041030,0,211700.4207027278,False
4,titan_041031,0,243980.77380596843,False
4,titan_041032,0,271245.0234419172,False
4,titan_041033,0,292134.79754134256,False
4,titan_041060,0,44932.32700722541,True
4,titan_041061,0,89459.31825583603,True
4,titan_041062,0,133179.0532768742,False
4,titan_041063,0,171116.61310582812,False
4,titan_041064,0,206032.93338795262,False
4,titan_041065,0,233227.4833737728,False
4,titan_041066,0,252985.66387579526,False
4,titan_041088,0,44896.54211983256,True
4,titan_041089,0,89173.98799147313,True
4,titan_041090,0,132186.51280267464,False
4,titan_041091,0,166102.71678465512,False
4,titan_041092,0,194347.07389525158,False
4,titan_041093,4,212903.4443450441,False
4,titan_041110,0,44822.848764945375,True
4,titan_041113,4,157078.85021445958,False
4,titan_041127,4,117093.18710703905,False
